contention_diagnostic (candidate, 4)	Repeat complete tests under recorded package concurrency	﻿2026-09-07T10:58:19.2371410Z ##[group]Run set -o pipefail
contention_diagnostic (candidate, 4)	Repeat complete tests under recorded package concurrency	2026-09-07T10:58:19.2372150Z ^[[36;1mset -o pipefail^[[0m
contention_diagnostic (candidate, 4)	Repeat complete tests under recorded package concurrency	2026-09-07T10:58:19.2372940Z ^[[36;1mgo test -p "$TEST_PARALLELISM" -count=3 ./... 2>&1 | tee dist/contention/test.log^[[0m
contention_diagnostic (candidate, 4)	Repeat complete tests under recorded package concurrency	2026-09-07T10:58:19.2436910Z shell: /bin/bash --noprofile --norc -e -o pipefail {0}
contention_diagnostic (candidate, 4)	Repeat complete tests under recorded package concurrency	2026-09-07T10:58:19.2437560Z env:
contention_diagnostic (candidate, 4)	Repeat complete tests under recorded package concurrency	2026-09-07T10:58:19.2437950Z   GOTOOLCHAIN: local
contention_diagnostic (candidate, 4)	Repeat complete tests under recorded package concurrency	2026-09-07T10:58:19.2438660Z   TEST_PARALLELISM: 4
contention_diagnostic (candidate, 4)	Repeat complete tests under recorded package concurrency	2026-09-07T10:58:19.2439170Z ##[endgroup]
contention_diagnostic (candidate, 4)	Repeat complete tests under recorded package concurrency	2026-09-07T10:58:57.1073540Z --- FAIL: TestSlowReaderDoesNotBlockOtherClients (9.81s)
contention_diagnostic (candidate, 4)	Repeat complete tests under recorded package concurrency	2026-09-07T10:58:57.1106710Z     --- FAIL: TestSlowReaderDoesNotBlockOtherClients/1 (5.15s)
contention_diagnostic (candidate, 4)	Repeat complete tests under recorded package concurrency	2026-09-07T10:58:57.1194250Z         integration_test.go:345: read tcp 127.0.0.1:49455->127.0.0.1:49450: i/o timeout
contention_diagnostic (candidate, 4)	Repeat complete tests under recorded package concurrency	2026-09-07T10:58:57.1242110Z         integration_test.go:331: failed server process state:
contention_diagnostic (candidate, 4)	Repeat complete tests under recorded package concurrency	2026-09-07T10:58:57.1353860Z               PID  %CPU    RSS STAT ELAPSED
contention_diagnostic (candidate, 4)	Repeat complete tests under recorded package concurrency	2026-09-07T10:58:57.1411600Z              2740  39.5  97288 R<     00:02
contention_diagnostic (candidate, 4)	Repeat complete tests under recorded package concurrency	2026-09-07T10:58:57.1501810Z         integration_test.go:331: failed server diagnostics:
contention_diagnostic (candidate, 4)	Repeat complete tests under recorded package concurrency	2026-09-07T10:58:57.1503210Z             starting keel devel ...
contention_diagnostic (candidate, 4)	Repeat complete tests under recorded package concurrency	2026-09-07T10:58:57.1534250Z             2026/09/07 10:58:32 starting an asynchronous TCP server on 127.0.0.1 49450
contention_diagnostic (candidate, 4)	Repeat complete tests under recorded package concurrency	2026-09-07T10:58:57.1559280Z             2026/09/07 10:58:32 new client: id=1
contention_diagnostic (candidate, 4)	Repeat complete tests under recorded package concurrency	2026-09-07T10:58:57.1572790Z             2026/09/07 10:58:32 new client: id=2
contention_diagnostic (candidate, 4)	Repeat complete tests under recorded package concurrency	2026-09-07T10:58:57.1590570Z             2026/09/07 10:58:32 new client: id=3
contention_diagnostic (candidate, 4)	Repeat complete tests under recorded package concurrency	2026-09-07T10:58:57.1615320Z             SIGQUIT: quit
contention_diagnostic (candidate, 4)	Repeat complete tests under recorded package concurrency	2026-09-07T10:58:57.1628010Z             PC=0x7ff81887a6f6 m=0 sigcode=0
contention_diagnostic (candidate, 4)	Repeat complete tests under recorded package concurrency	2026-09-07T10:58:57.1652170Z             
contention_diagnostic (candidate, 4)	Repeat complete tests under recorded package concurrency	2026-09-07T10:58:57.1674790Z             goroutine 0 gp=0x76f9320 m=0 mp=0x76fa500 [idle]:
contention_diagnostic (candidate, 4)	Repeat complete tests under recorded package concurrency	2026-09-07T10:58:57.1683830Z             runtime.pthread_cond_wait(0x76faa68, 0x76faa28)
contention_diagnostic (candidate, 4)	Repeat complete tests under recorded package concurrency	2026-09-07T10:58:57.1719350Z             	/Users/runner/hostedtoolcache/go/1.27.1/x64/src/runtime/sys_darwin.go:470 +0x2e fp=0x7ff7b9f8c1c8 sp=0x7ff7b9f8c1a0 pc=0x6fdf34e
contention_diagnostic (candidate, 4)	Repeat complete tests under recorded package concurrency	2026-09-07T10:58:57.1751250Z             runtime.semasleep(0xffffffffffffffff)
contention_diagnostic (candidate, 4)	Repeat complete tests under recorded package concurrency	2026-09-07T10:58:57.1787510Z             	/Users/runner/hostedtoolcache/go/1.27.1/x64/src/runtime/os_darwin.go:72 +0xae fp=0x7ff7b9f8c220 sp=0x7ff7b9f8c1c8 pc=0x6fbaece
contention_diagnostic (candidate, 4)	Repeat complete tests under recorded package concurrency	2026-09-07T10:58:57.1892580Z             runtime.notesleep(0x76fa658)
contention_diagnostic (candidate, 4)	Repeat complete tests under recorded package concurrency	2026-09-07T10:58:57.1952050Z             	/Users/runner/hostedtoolcache/go/1.27.1/x64/src/runtime/lock_sema.go:62 +0x7d fp=0x7ff7b9f8c250 sp=0x7ff7b9f8c220 pc=0x6f8d79d
contention_diagnostic (candidate, 4)	Repeat complete tests under recorded package concurrency	2026-09-07T10:58:57.1964250Z             runtime.mPark(...)
contention_diagnostic (candidate, 4)	Repeat complete tests under recorded package concurrency	2026-09-07T10:58:57.2025030Z             	/Users/runner/hostedtoolcache/go/1.27.1/x64/src/runtime/proc.go:1985
contention_diagnostic (candidate, 4)	Repeat complete tests under recorded package concurrency	2026-09-07T10:58:57.2055090Z             runtime.stoplockedm()
contention_diagnostic (candidate, 4)	Repeat complete tests under recorded package concurrency	2026-09-07T10:58:57.2086850Z             	/Users/runner/hostedtoolcache/go/1.27.1/x64/src/runtime/proc.go:3278 +0x73 fp=0x7ff7b9f8c2a8 sp=0x7ff7b9f8c250 pc=0x6fc57f3
contention_diagnostic (candidate, 4)	Repeat complete tests under recorded package concurrency	2026-09-07T10:58:57.2099120Z             runtime.schedule()
contention_diagnostic (candidate, 4)	Repeat complete tests under recorded package concurrency	2026-09-07T10:58:57.2132540Z             	/Users/runner/hostedtoolcache/go/1.27.1/x64/src/runtime/proc.go:4158 +0x3a fp=0x7ff7b9f8c2e8 sp=0x7ff7b9f8c2a8 pc=0x6fc7d7a
contention_diagnostic (candidate, 4)	Repeat complete tests under recorded package concurrency	2026-09-07T10:58:57.2189860Z             runtime.park_m(0xe7107702780)
contention_diagnostic (candidate, 4)	Repeat complete tests under recorded package concurrency	2026-09-07T10:58:57.2246430Z             	/Users/runner/hostedtoolcache/go/1.27.1/x64/src/runtime/proc.go:4319 +0x279 fp=0x7ff7b9f8c348 sp=0x7ff7b9f8c2e8 pc=0x6fc8279
contention_diagnostic (candidate, 4)	Repeat complete tests under recorded package concurrency	2026-09-07T10:58:57.2275340Z             runtime.mcall()
contention_diagnostic (candidate, 4)	Repeat complete tests under recorded package concurrency	2026-09-07T10:58:57.2324660Z             	/Users/runner/hostedtoolcache/go/1.27.1/x64/src/runtime/asm_amd64.s:463 +0x53 fp=0x7ff7b9f8c360 sp=0x7ff7b9f8c348 pc=0x6fff993
contention_diagnostic (candidate, 4)	Repeat complete tests under recorded package concurrency	2026-09-07T10:58:57.2377080Z             
contention_diagnostic (candidate, 4)	Repeat complete tests under recorded package concurrency	2026-09-07T10:58:57.2408470Z             goroutine 1 gp=0xe71075b81e0 m=nil [chan receive]:
contention_diagnostic (candidate, 4)	Repeat complete tests under recorded package concurrency	2026-09-07T10:58:57.2431320Z             runtime.gopark(0xdb1c7799?, 0x503e9468?, 0x48?, 0x59?, 0x76495f0?)
contention_diagnostic (candidate, 4)	Repeat complete tests under recorded package concurrency	2026-09-07T10:58:57.2446820Z             	/Users/runner/hostedtoolcache/go/1.27.1/x64/src/runtime/proc.go:474 +0xca fp=0xe710769d908 sp=0xe710769d8e8 pc=0x6ffa34a
contention_diagnostic (candidate, 4)	Repeat complete tests under recorded package concurrency	2026-09-07T10:58:57.2471570Z             runtime.chanrecv(0xe710775e200, 0xe71075e59ef, 0x1)
contention_diagnostic (candidate, 4)	Repeat complete tests under recorded package concurrency	2026-09-07T10:58:57.2496220Z             	/Users/runner/hostedtoolcache/go/1.27.1/x64/src/runtime/chan.go:667 +0x4ae fp=0xe710769d980 sp=0xe710769d908 pc=0x6f87eee
contention_diagnostic (candidate, 4)	Repeat complete tests under recorded package concurrency	2026-09-07T10:58:57.2513630Z             runtime.chanrecv1(0x18?, 0x766a758?)
contention_diagnostic (candidate, 4)	Repeat complete tests under recorded package concurrency	2026-09-07T10:58:57.2551040Z             	/Users/runner/hostedtoolcache/go/1.27.1/x64/src/runtime/chan.go:509 +0x12 fp=0xe710769d9a8 sp=0xe710769d980 pc=0x6f87a12
contention_diagnostic (candidate, 4)	Repeat complete tests under recorded package concurrency	2026-09-07T10:58:57.2591610Z             testing.(*T).Run(0xe71077546c8, {0x73040a5?, 0xe71075e5aa0?}, 0x7699368)
contention_diagnostic (candidate, 4)	Repeat complete tests under recorded package concurrency	2026-09-07T10:58:57.2630730Z             	/Users/runner/hostedtoolcache/go/1.27.1/x64/src/testing/testing.go:2266 +0x4f2 fp=0xe710769da80 sp=0xe710769d9a8 pc=0x7091612
contention_diagnostic (candidate, 4)	Repeat complete tests under recorded package concurrency	2026-09-07T10:58:57.2672690Z             testing.runTests.func1(0xe71077546c8)
contention_diagnostic (candidate, 4)	Repeat complete tests under recorded package concurrency	2026-09-07T10:58:57.2703930Z             	/Users/runner/hostedtoolcache/go/1.27.1/x64/src/testing/testing.go:2742 +0x37 fp=0xe710769dac0 sp=0xe710769da80 pc=0x7097057
contention_diagnostic (candidate, 4)	Repeat complete tests under recorded package concurrency	2026-09-07T10:58:57.2760770Z             testing.tRunner(0xe71077546c8, 0xe71075e5bc8)
contention_diagnostic (candidate, 4)	Repeat complete tests under recorded package concurrency	2026-09-07T10:58:57.2805400Z             	/Users/runner/hostedtoolcache/go/1.27.1/x64/src/testing/testing.go:2193 +0xea fp=0xe710769db10 sp=0xe710769dac0 pc=0x70910aa
contention_diagnostic (candidate, 4)	Repeat complete tests under recorded package concurrency	2026-09-07T10:58:57.2844100Z             testing.runTests({0x7309039, 0x1b}, {0x730e65d, 0x24}, 0xe710770e1c8, {0x76f0c30, 0xc, 0xc}, {0x0, 0x0, ...})
contention_diagnostic (candidate, 4)	Repeat complete tests under recorded package concurrency	2026-09-07T10:58:57.2873000Z             	/Users/runner/hostedtoolcache/go/1.27.1/x64/src/testing/testing.go:2740 +0x510 fp=0xe710769dbf8 sp=0xe710769db10 pc=0x7093670
contention_diagnostic (candidate, 4)	Repeat complete tests under recorded package concurrency	2026-09-07T10:58:57.2888950Z             testing.(*M).Run(0xe710770c960)
contention_diagnostic (candidate, 4)	Repeat complete tests under recorded package concurrency	2026-09-07T10:58:57.2905690Z             	/Users/runner/hostedtoolcache/go/1.27.1/x64/src/testing/testing.go:2600 +0x6af fp=0xe710769de38 sp=0xe710769dbf8 pc=0x709222f
contention_diagnostic (candidate, 4)	Repeat complete tests under recorded package concurrency	2026-09-07T10:58:57.2929670Z             main.main()
contention_diagnostic (candidate, 4)	Repeat complete tests under recorded package concurrency	2026-09-07T10:58:57.2945090Z             	_testmain.go:68 +0x9b fp=0xe710769deb8 sp=0xe710769de38 pc=0x72974fb
contention_diagnostic (candidate, 4)	Repeat complete tests under recorded package concurrency	2026-09-07T10:58:57.2967420Z             runtime.main()
contention_diagnostic (candidate, 4)	Repeat complete tests under recorded package concurrency	2026-09-07T10:58:57.2987300Z             	/Users/runner/hostedtoolcache/go/1.27.1/x64/src/runtime/proc.go:302 +0x427 fp=0xe710769dfe0 sp=0xe710769deb8 pc=0x6fc0927
contention_diagnostic (candidate, 4)	Repeat complete tests under recorded package concurrency	2026-09-07T10:58:57.3001560Z             runtime.goexit({})
contention_diagnostic (candidate, 4)	Repeat complete tests under recorded package concurrency	2026-09-07T10:58:57.3024400Z             	/Users/runner/hostedtoolcache/go/1.27.1/x64/src/runtime/asm_amd64.s:1264 +0x1 fp=0xe710769dfe8 sp=0xe710769dfe0 pc=0x70013a1
contention_diagnostic (candidate, 4)	Repeat complete tests under recorded package concurrency	2026-09-07T10:58:57.3042750Z             
contention_diagnostic (candidate, 4)	Repeat complete tests under recorded package concurrency	2026-09-07T10:58:57.3061950Z             goroutine 2 gp=0xe71075b8780 m=nil [force gc (idle)]:
contention_diagnostic (candidate, 4)	Repeat complete tests under recorded package concurrency	2026-09-07T10:58:57.3079670Z             runtime.gopark(0x0?, 0x0?, 0x0?, 0x0?, 0x0?)
contention_diagnostic (candidate, 4)	Repeat complete tests under recorded package concurrency	2026-09-07T10:58:57.3105320Z             	/Users/runner/hostedtoolcache/go/1.27.1/x64/src/runtime/proc.go:474 +0xca fp=0xe7107604fa8 sp=0xe7107604f88 pc=0x6ffa34a
contention_diagnostic (candidate, 4)	Repeat complete tests under recorded package concurrency	2026-09-07T10:58:57.4109350Z             runtime.goparkunlock(...)
contention_diagnostic (candidate, 4)	Repeat complete tests under recorded package concurrency	2026-09-07T10:58:57.4438530Z             	/Users/runner/hostedtoolcache/go/1.27.1/x64/src/runtime/proc.go:480
contention_diagnostic (candidate, 4)	Repeat complete tests under recorded package concurrency	2026-09-07T10:58:57.4441200Z             runtime.forcegchelper()
contention_diagnostic (candidate, 4)	Repeat complete tests under recorded package concurrency	2026-09-07T10:58:57.4445170Z             	/Users/runner/hostedtoolcache/go/1.27.1/x64/src/runtime/proc.go:387 +0xb3 fp=0xe7107604fe0 sp=0xe7107604fa8 pc=0x6fc0bf3
contention_diagnostic (candidate, 4)	Repeat complete tests under recorded package concurrency	2026-09-07T10:58:57.4455570Z             runtime.goexit({})
contention_diagnostic (candidate, 4)	Repeat complete tests under recorded package concurrency	2026-09-07T10:58:57.4463990Z             	/Users/runner/hostedtoolcache/go/1.27.1/x64/src/runtime/asm_amd64.s:1264 +0x1 fp=0xe7107604fe8 sp=0xe7107604fe0 pc=0x70013a1
contention_diagnostic (candidate, 4)	Repeat complete tests under recorded package concurrency	2026-09-07T10:58:57.4474670Z             created by runtime.init.7 in goroutine 1
contention_diagnostic (candidate, 4)	Repeat complete tests under recorded package concurrency	2026-09-07T10:58:57.4477180Z             	/Users/runner/hostedtoolcache/go/1.27.1/x64/src/runtime/proc.go:375 +0x1a
contention_diagnostic (candidate, 4)	Repeat complete tests under recorded package concurrency	2026-09-07T10:58:57.4478340Z             
contention_diagnostic (candidate, 4)	Repeat complete tests under recorded package concurrency	2026-09-07T10:58:57.4479870Z             goroutine 3 gp=0xe71075b8d20 m=nil [GC sweep wait]:
contention_diagnostic (candidate, 4)	Repeat complete tests under recorded package concurrency	2026-09-07T10:58:57.4481670Z             runtime.gopark(0x76f8201?, 0x0?, 0x0?, 0x0?, 0x0?)
contention_diagnostic (candidate, 4)	Repeat complete tests under recorded package concurrency	2026-09-07T10:58:57.4484900Z             	/Users/runner/hostedtoolcache/go/1.27.1/x64/src/runtime/proc.go:474 +0xca fp=0xe7107605788 sp=0xe7107605768 pc=0x6ffa34a
contention_diagnostic (candidate, 4)	Repeat complete tests under recorded package concurrency	2026-09-07T10:58:57.4486570Z             runtime.goparkunlock(...)
contention_diagnostic (candidate, 4)	Repeat complete tests under recorded package concurrency	2026-09-07T10:58:57.4488060Z             	/Users/runner/hostedtoolcache/go/1.27.1/x64/src/runtime/proc.go:480
contention_diagnostic (candidate, 4)	Repeat complete tests under recorded package concurrency	2026-09-07T10:58:57.4491160Z             runtime.bgsweep(0xe71075dc100)
contention_diagnostic (candidate, 4)	Repeat complete tests under recorded package concurrency	2026-09-07T10:58:57.4494290Z             	/Users/runner/hostedtoolcache/go/1.27.1/x64/src/runtime/mgcsweep.go:324 +0x151 fp=0xe71076057c8 sp=0xe7107605788 pc=0x6fa9f31
contention_diagnostic (candidate, 4)	Repeat complete tests under recorded package concurrency	2026-09-07T10:58:57.4555510Z             runtime.gcenable.gowrap1()
contention_diagnostic (candidate, 4)	Repeat complete tests under recorded package concurrency	2026-09-07T10:58:57.4558350Z             	/Users/runner/hostedtoolcache/go/1.27.1/x64/src/runtime/mgc.go:214 +0x17 fp=0xe71076057e0 sp=0xe71076057c8 pc=0x6feff37
contention_diagnostic (candidate, 4)	Repeat complete tests under recorded package concurrency	2026-09-07T10:58:57.4559900Z             runtime.goexit({})
contention_diagnostic (candidate, 4)	Repeat complete tests under recorded package concurrency	2026-09-07T10:58:57.4562750Z             	/Users/runner/hostedtoolcache/go/1.27.1/x64/src/runtime/asm_amd64.s:1264 +0x1 fp=0xe71076057e8 sp=0xe71076057e0 pc=0x70013a1
contention_diagnostic (candidate, 4)	Repeat complete tests under recorded package concurrency	2026-09-07T10:58:57.4564570Z             created by runtime.gcenable in goroutine 1
contention_diagnostic (candidate, 4)	Repeat complete tests under recorded package concurrency	2026-09-07T10:58:57.4566800Z             	/Users/runner/hostedtoolcache/go/1.27.1/x64/src/runtime/mgc.go:214 +0x66
contention_diagnostic (candidate, 4)	Repeat complete tests under recorded package concurrency	2026-09-07T10:58:57.4568380Z             
contention_diagnostic (candidate, 4)	Repeat complete tests under recorded package concurrency	2026-09-07T10:58:57.4569660Z             goroutine 4 gp=0xe71075b8f00 m=nil [sleep]:
contention_diagnostic (candidate, 4)	Repeat complete tests under recorded package concurrency	2026-09-07T10:58:57.4571560Z             runtime.gopark(0xe7107700000?, 0x4115d35c9f?, 0x0?, 0x0?, 0x0?)
contention_diagnostic (candidate, 4)	Repeat complete tests under recorded package concurrency	2026-09-07T10:58:57.4574440Z             	/Users/runner/hostedtoolcache/go/1.27.1/x64/src/runtime/proc.go:474 +0xca fp=0xe7107603738 sp=0xe7107603718 pc=0x6ffa34a
contention_diagnostic (candidate, 4)	Repeat complete tests under recorded package concurrency	2026-09-07T10:58:57.4576170Z             runtime.goparkunlock(...)
contention_diagnostic (candidate, 4)	Repeat complete tests under recorded package concurrency	2026-09-07T10:58:57.4577800Z             	/Users/runner/hostedtoolcache/go/1.27.1/x64/src/runtime/proc.go:480
contention_diagnostic (candidate, 4)	Repeat complete tests under recorded package concurrency	2026-09-07T10:58:57.4579540Z             runtime.(*scavengerState).sleep(0x76f8d40, 0x412f088800000000)
contention_diagnostic (candidate, 4)	Repeat complete tests under recorded package concurrency	2026-09-07T10:58:57.4582350Z             	/Users/runner/hostedtoolcache/go/1.27.1/x64/src/runtime/mgcscavenge.go:504 +0x105 fp=0xe71076037a8 sp=0xe7107603738 pc=0x6fa7be5
contention_diagnostic (candidate, 4)	Repeat complete tests under recorded package concurrency	2026-09-07T10:58:57.4585260Z             runtime.bgscavenge(0xe71075dc100)
contention_diagnostic (candidate, 4)	Repeat complete tests under recorded package concurrency	2026-09-07T10:58:57.4588100Z             	/Users/runner/hostedtoolcache/go/1.27.1/x64/src/runtime/mgcscavenge.go:662 +0x74 fp=0xe71076037c8 sp=0xe71076037a8 pc=0x6fa7f94
contention_diagnostic (candidate, 4)	Repeat complete tests under recorded package concurrency	2026-09-07T10:58:57.4590460Z             runtime.gcenable.gowrap2()
contention_diagnostic (candidate, 4)	Repeat complete tests under recorded package concurrency	2026-09-07T10:58:57.4592860Z             	/Users/runner/hostedtoolcache/go/1.27.1/x64/src/runtime/mgc.go:215 +0x17 fp=0xe71076037e0 sp=0xe71076037c8 pc=0x6fefef7
contention_diagnostic (candidate, 4)	Repeat complete tests under recorded package concurrency	2026-09-07T10:58:57.4594670Z             runtime.goexit({})
contention_diagnostic (candidate, 4)	Repeat complete tests under recorded package concurrency	2026-09-07T10:58:57.4597020Z             	/Users/runner/hostedtoolcache/go/1.27.1/x64/src/runtime/asm_amd64.s:1264 +0x1 fp=0xe71076037e8 sp=0xe71076037e0 pc=0x70013a1
contention_diagnostic (candidate, 4)	Repeat complete tests under recorded package concurrency	2026-09-07T10:58:57.4598520Z             created by runtime.gcenable in goroutine 1
contention_diagnostic (candidate, 4)	Repeat complete tests under recorded package concurrency	2026-09-07T10:58:57.4600110Z             	/Users/runner/hostedtoolcache/go/1.27.1/x64/src/runtime/mgc.go:215 +0xa5
contention_diagnostic (candidate, 4)	Repeat complete tests under recorded package concurrency	2026-09-07T10:58:57.4601030Z             
contention_diagnostic (candidate, 4)	Repeat complete tests under recorded package concurrency	2026-09-07T10:58:57.4602110Z             goroutine 17 gp=0xe7107702000 m=nil [GOMAXPROCS updater (idle)]:
contention_diagnostic (candidate, 4)	Repeat complete tests under recorded package concurrency	2026-09-07T10:58:57.4603410Z             runtime.gopark(0x0?, 0x0?, 0x0?, 0x0?, 0x0?)
contention_diagnostic (candidate, 4)	Repeat complete tests under recorded package concurrency	2026-09-07T10:58:57.4605800Z             	/Users/runner/hostedtoolcache/go/1.27.1/x64/src/runtime/proc.go:474 +0xca fp=0xe7107600788 sp=0xe7107600768 pc=0x6ffa34a
contention_diagnostic (candidate, 4)	Repeat complete tests under recorded package concurrency	2026-09-07T10:58:57.4607590Z             runtime.goparkunlock(...)
contention_diagnostic (candidate, 4)	Repeat complete tests under recorded package concurrency	2026-09-07T10:58:57.4609250Z             	/Users/runner/hostedtoolcache/go/1.27.1/x64/src/runtime/proc.go:480
contention_diagnostic (candidate, 4)	Repeat complete tests under recorded package concurrency	2026-09-07T10:58:57.4610640Z             runtime.updateMaxProcsGoroutine()
contention_diagnostic (candidate, 4)	Repeat complete tests under recorded package concurrency	2026-09-07T10:58:57.4613090Z             	/Users/runner/hostedtoolcache/go/1.27.1/x64/src/runtime/proc.go:7146 +0xe7 fp=0xe71076007e0 sp=0xe7107600788 pc=0x6fcdf87
contention_diagnostic (candidate, 4)	Repeat complete tests under recorded package concurrency	2026-09-07T10:58:57.4614540Z             runtime.goexit({})
contention_diagnostic (candidate, 4)	Repeat complete tests under recorded package concurrency	2026-09-07T10:58:57.4616770Z             	/Users/runner/hostedtoolcache/go/1.27.1/x64/src/runtime/asm_amd64.s:1264 +0x1 fp=0xe71076007e8 sp=0xe71076007e0 pc=0x70013a1
contention_diagnostic (candidate, 4)	Repeat complete tests under recorded package concurrency	2026-09-07T10:58:57.4618630Z             created by runtime.defaultGOMAXPROCSUpdateEnable in goroutine 1
contention_diagnostic (candidate, 4)	Repeat complete tests under recorded package concurrency	2026-09-07T10:58:57.4620530Z             	/Users/runner/hostedtoolcache/go/1.27.1/x64/src/runtime/proc.go:7134 +0x37
contention_diagnostic (candidate, 4)	Repeat complete tests under recorded package concurrency	2026-09-07T10:58:57.4621490Z             
contention_diagnostic (candidate, 4)	Repeat complete tests under recorded package concurrency	2026-09-07T10:58:57.4622530Z             goroutine 18 gp=0xe71077021e0 m=nil [finalizer wait]:
contention_diagnostic (candidate, 4)	Repeat complete tests under recorded package concurrency	2026-09-07T10:58:57.4624670Z             runtime.gopark(0x0?, 0x0?, 0x0?, 0x0?, 0x0?)
contention_diagnostic (candidate, 4)	Repeat complete tests under recorded package concurrency	2026-09-07T10:58:57.4627070Z             	/Users/runner/hostedtoolcache/go/1.27.1/x64/src/runtime/proc.go:474 +0xca fp=0xe7107600e20 sp=0xe7107600e00 pc=0x6ffa34a
contention_diagnostic (candidate, 4)	Repeat complete tests under recorded package concurrency	2026-09-07T10:58:57.4628940Z             runtime.runFinalizers()
contention_diagnostic (candidate, 4)	Repeat complete tests under recorded package concurrency	2026-09-07T10:58:57.4631540Z             	/Users/runner/hostedtoolcache/go/1.27.1/x64/src/runtime/mfinal.go:210 +0x107 fp=0xe7107600fe0 sp=0xe7107600e20 pc=0x6f9af67
contention_diagnostic (candidate, 4)	Repeat complete tests under recorded package concurrency	2026-09-07T10:58:57.4633320Z             runtime.goexit({})
contention_diagnostic (candidate, 4)	Repeat complete tests under recorded package concurrency	2026-09-07T10:58:57.4635910Z             	/Users/runner/hostedtoolcache/go/1.27.1/x64/src/runtime/asm_amd64.s:1264 +0x1 fp=0xe7107600fe8 sp=0xe7107600fe0 pc=0x70013a1
contention_diagnostic (candidate, 4)	Repeat complete tests under recorded package concurrency	2026-09-07T10:58:57.4637740Z             created by runtime.createfing in goroutine 1
contention_diagnostic (candidate, 4)	Repeat complete tests under recorded package concurrency	2026-09-07T10:58:57.4639360Z             	/Users/runner/hostedtoolcache/go/1.27.1/x64/src/runtime/mfinal.go:172 +0x3d
contention_diagnostic (candidate, 4)	Repeat complete tests under recorded package concurrency	2026-09-07T10:58:57.4640190Z             
contention_diagnostic (candidate, 4)	Repeat complete tests under recorded package concurrency	2026-09-07T10:58:57.4641060Z             goroutine 19 gp=0xe71077023c0 m=nil [cleanup wait]:
contention_diagnostic (candidate, 4)	Repeat complete tests under recorded package concurrency	2026-09-07T10:58:57.4642120Z             runtime.gopark(0x0?, 0x0?, 0x0?, 0x0?, 0x0?)
contention_diagnostic (candidate, 4)	Repeat complete tests under recorded package concurrency	2026-09-07T10:58:57.4644100Z             	/Users/runner/hostedtoolcache/go/1.27.1/x64/src/runtime/proc.go:474 +0xca fp=0xe7107601768 sp=0xe7107601748 pc=0x6ffa34a
contention_diagnostic (candidate, 4)	Repeat complete tests under recorded package concurrency	2026-09-07T10:58:57.4645400Z             runtime.goparkunlock(...)
contention_diagnostic (candidate, 4)	Repeat complete tests under recorded package concurrency	2026-09-07T10:58:57.4646680Z             	/Users/runner/hostedtoolcache/go/1.27.1/x64/src/runtime/proc.go:480
contention_diagnostic (candidate, 4)	Repeat complete tests under recorded package concurrency	2026-09-07T10:58:57.4647830Z             runtime.(*cleanupQueue).dequeue(0x76f9100)
contention_diagnostic (candidate, 4)	Repeat complete tests under recorded package concurrency	2026-09-07T10:58:57.4649870Z             	/Users/runner/hostedtoolcache/go/1.27.1/x64/src/runtime/mcleanup.go:522 +0xd3 fp=0xe71076017a0 sp=0xe7107601768 pc=0x6f98153
contention_diagnostic (candidate, 4)	Repeat complete tests under recorded package concurrency	2026-09-07T10:58:57.4651150Z             runtime.runCleanups()
contention_diagnostic (candidate, 4)	Repeat complete tests under recorded package concurrency	2026-09-07T10:58:57.4653840Z             	/Users/runner/hostedtoolcache/go/1.27.1/x64/src/runtime/mcleanup.go:718 +0x45 fp=0xe71076017e0 sp=0xe71076017a0 pc=0x6f987c5
contention_diagnostic (candidate, 4)	Repeat complete tests under recorded package concurrency	2026-09-07T10:58:57.4655390Z             runtime.goexit({})
contention_diagnostic (candidate, 4)	Repeat complete tests under recorded package concurrency	2026-09-07T10:58:57.4657320Z             	/Users/runner/hostedtoolcache/go/1.27.1/x64/src/runtime/asm_amd64.s:1264 +0x1 fp=0xe71076017e8 sp=0xe71076017e0 pc=0x70013a1
contention_diagnostic (candidate, 4)	Repeat complete tests under recorded package concurrency	2026-09-07T10:58:57.4659130Z             created by runtime.(*cleanupQueue).createGs in goroutine 1
contention_diagnostic (candidate, 4)	Repeat complete tests under recorded package concurrency	2026-09-07T10:58:57.4660910Z             	/Users/runner/hostedtoolcache/go/1.27.1/x64/src/runtime/mcleanup.go:672 +0xa5
contention_diagnostic (candidate, 4)	Repeat complete tests under recorded package concurrency	2026-09-07T10:58:57.4662380Z             
contention_diagnostic (candidate, 4)	Repeat complete tests under recorded package concurrency	2026-09-07T10:58:57.4663350Z             goroutine 20 gp=0xe71077025a0 m=nil [select]:
contention_diagnostic (candidate, 4)	Repeat complete tests under recorded package concurrency	2026-09-07T10:58:57.4664880Z             runtime.gopark(0xe710761eca0?, 0x2?, 0x40?, 0xb4?, 0xe710761eb9c?)
contention_diagnostic (candidate, 4)	Repeat complete tests under recorded package concurrency	2026-09-07T10:58:57.4667510Z             	/Users/runner/hostedtoolcache/go/1.27.1/x64/src/runtime/proc.go:474 +0xca fp=0xe710761ea10 sp=0xe710761e9f0 pc=0x6ffa34a
contention_diagnostic (candidate, 4)	Repeat complete tests under recorded package concurrency	2026-09-07T10:58:57.4669570Z             runtime.selectgo(0xe710761eca0, 0xe710761eb98, 0x7306148?, 0x0, 0xe710761ece0?, 0x1)
contention_diagnostic (candidate, 4)	Repeat complete tests under recorded package concurrency	2026-09-07T10:58:57.4672020Z             	/Users/runner/hostedtoolcache/go/1.27.1/x64/src/runtime/select.go:351 +0xa97 fp=0xe710761eb50 sp=0xe710761ea10 pc=0x6fd2e77
contention_diagnostic (candidate, 4)	Repeat complete tests under recorded package concurrency	2026-09-07T10:58:57.4673750Z             github.com/brandopakel/keel/cmd/keel.runServer()
contention_diagnostic (candidate, 4)	Repeat complete tests under recorded package concurrency	2026-09-07T10:58:57.4675610Z             	/Users/runner/work/keel/keel/cmd/keel/main.go:284 +0xc86 fp=0xe710761ee40 sp=0xe710761eb50 pc=0x728eb86
contention_diagnostic (candidate, 4)	Repeat complete tests under recorded package concurrency	2026-09-07T10:58:57.4677150Z             github.com/brandopakel/keel/cmd/keel.main()
contention_diagnostic (candidate, 4)	Repeat complete tests under recorded package concurrency	2026-09-07T10:58:57.4679130Z             	/Users/runner/work/keel/keel/cmd/keel/main.go:207 +0xbd fp=0xe710761ef00 sp=0xe710761ee40 pc=0x728dd5d
contention_diagnostic (candidate, 4)	Repeat complete tests under recorded package concurrency	2026-09-07T10:58:57.4681160Z             github.com/brandopakel/keel/cmd/keel.TestServerProcess(0xe7107754908?)
contention_diagnostic (candidate, 4)	Repeat complete tests under recorded package concurrency	2026-09-07T10:58:57.4683280Z             	/Users/runner/work/keel/keel/cmd/keel/integration_test.go:43 +0x2b5 fp=0xe710761ef70 sp=0xe710761ef00 pc=0x728ffb5
contention_diagnostic (candidate, 4)	Repeat complete tests under recorded package concurrency	2026-09-07T10:58:57.4684660Z             testing.tRunner(0xe7107754908, 0x7699368)
contention_diagnostic (candidate, 4)	Repeat complete tests under recorded package concurrency	2026-09-07T10:58:57.4686680Z             	/Users/runner/hostedtoolcache/go/1.27.1/x64/src/testing/testing.go:2193 +0xea fp=0xe710761efc0 sp=0xe710761ef70 pc=0x70910aa
contention_diagnostic (candidate, 4)	Repeat complete tests under recorded package concurrency	2026-09-07T10:58:57.4689230Z             testing.(*T).Run.gowrap1()
contention_diagnostic (candidate, 4)	Repeat complete tests under recorded package concurrency	2026-09-07T10:58:57.4691540Z             	/Users/runner/hostedtoolcache/go/1.27.1/x64/src/testing/testing.go:2258 +0x1b fp=0xe710761efe0 sp=0xe710761efc0 pc=0x7096ddb
contention_diagnostic (candidate, 4)	Repeat complete tests under recorded package concurrency	2026-09-07T10:58:57.4692830Z             runtime.goexit({})
contention_diagnostic (candidate, 4)	Repeat complete tests under recorded package concurrency	2026-09-07T10:58:57.4696060Z             	/Users/runner/hostedtoolcache/go/1.27.1/x64/src/runtime/asm_amd64.s:1264 +0x1 fp=0xe710761efe8 sp=0xe710761efe0 pc=0x70013a1
contention_diagnostic (candidate, 4)	Repeat complete tests under recorded package concurrency	2026-09-07T10:58:57.4697970Z             created by testing.(*T).Run in goroutine 1
contention_diagnostic (candidate, 4)	Repeat complete tests under recorded package concurrency	2026-09-07T10:58:57.4699810Z             	/Users/runner/hostedtoolcache/go/1.27.1/x64/src/testing/testing.go:2258 +0x4d4
contention_diagnostic (candidate, 4)	Repeat complete tests under recorded package concurrency	2026-09-07T10:58:57.4701090Z             
contention_diagnostic (candidate, 4)	Repeat complete tests under recorded package concurrency	2026-09-07T10:58:57.4702380Z             goroutine 21 gp=0xe7107702780 m=nil [select, locked to thread]:
contention_diagnostic (candidate, 4)	Repeat complete tests under recorded package concurrency	2026-09-07T10:58:57.4703930Z             runtime.gopark(0xe7107601fa8?, 0x2?, 0x68?, 0x0?, 0xe7107601f98?)
contention_diagnostic (candidate, 4)	Repeat complete tests under recorded package concurrency	2026-09-07T10:58:57.4706400Z             	/Users/runner/hostedtoolcache/go/1.27.1/x64/src/runtime/proc.go:474 +0xca fp=0xe7107601e20 sp=0xe7107601e00 pc=0x6ffa34a
contention_diagnostic (candidate, 4)	Repeat complete tests under recorded package concurrency	2026-09-07T10:58:57.4708270Z             runtime.selectgo(0xe7107601fa8, 0xe7107601f94, 0x0?, 0x0, 0x7096300?, 0x1)
contention_diagnostic (candidate, 4)	Repeat complete tests under recorded package concurrency	2026-09-07T10:58:57.4710860Z             	/Users/runner/hostedtoolcache/go/1.27.1/x64/src/runtime/select.go:351 +0xa97 fp=0xe7107601f60 sp=0xe7107601e20 pc=0x6fd2e77
contention_diagnostic (candidate, 4)	Repeat complete tests under recorded package concurrency	2026-09-07T10:58:57.4712180Z             runtime.ensureSigM.func1()
contention_diagnostic (candidate, 4)	Repeat complete tests under recorded package concurrency	2026-09-07T10:58:57.4714350Z             	/Users/runner/hostedtoolcache/go/1.27.1/x64/src/runtime/signal_unix.go:1093 +0x15d fp=0xe7107601fe0 sp=0xe7107601f60 pc=0x6ff4bdd
contention_diagnostic (candidate, 4)	Repeat complete tests under recorded package concurrency	2026-09-07T10:58:57.4716070Z             runtime.goexit({})
contention_diagnostic (candidate, 4)	Repeat complete tests under recorded package concurrency	2026-09-07T10:58:57.4717950Z             	/Users/runner/hostedtoolcache/go/1.27.1/x64/src/runtime/asm_amd64.s:1264 +0x1 fp=0xe7107601fe8 sp=0xe7107601fe0 pc=0x70013a1
contention_diagnostic (candidate, 4)	Repeat complete tests under recorded package concurrency	2026-09-07T10:58:57.4720540Z             created by runtime.ensureSigM in goroutine 20
contention_diagnostic (candidate, 4)	Repeat complete tests under recorded package concurrency	2026-09-07T10:58:57.4722350Z             	/Users/runner/hostedtoolcache/go/1.27.1/x64/src/runtime/signal_unix.go:1076 +0xc5
contention_diagnostic (candidate, 4)	Repeat complete tests under recorded package concurrency	2026-09-07T10:58:57.4723220Z             
contention_diagnostic (candidate, 4)	Repeat complete tests under recorded package concurrency	2026-09-07T10:58:57.4724420Z             goroutine 33 gp=0xe7107800000 m=2 mp=0xe71075fc808 [syscall]:
contention_diagnostic (candidate, 4)	Repeat complete tests under recorded package concurrency	2026-09-07T10:58:57.4725570Z             runtime.sigNoteSleep(0x0?)
contention_diagnostic (candidate, 4)	Repeat complete tests under recorded package concurrency	2026-09-07T10:58:57.4728310Z             	/Users/runner/hostedtoolcache/go/1.27.1/x64/src/runtime/os_darwin.go:133 +0x18 fp=0xe71078067a0 sp=0xe7107806768 pc=0x6fbb1d8
contention_diagnostic (candidate, 4)	Repeat complete tests under recorded package concurrency	2026-09-07T10:58:57.4730010Z             os/signal.signal_recv()
contention_diagnostic (candidate, 4)	Repeat complete tests under recorded package concurrency	2026-09-07T10:58:57.4732380Z             	/Users/runner/hostedtoolcache/go/1.27.1/x64/src/runtime/sigqueue.go:149 +0x85 fp=0xe71078067c0 sp=0xe71078067a0 pc=0x6ffc165
contention_diagnostic (candidate, 4)	Repeat complete tests under recorded package concurrency	2026-09-07T10:58:57.4733800Z             os/signal.loop()
contention_diagnostic (candidate, 4)	Repeat complete tests under recorded package concurrency	2026-09-07T10:58:57.4736460Z             	/Users/runner/hostedtoolcache/go/1.27.1/x64/src/os/signal/signal_unix.go:23 +0x13 fp=0xe71078067e0 sp=0xe71078067c0 pc=0x70fa6d3
contention_diagnostic (candidate, 4)	Repeat complete tests under recorded package concurrency	2026-09-07T10:58:57.4738020Z             runtime.goexit({})
contention_diagnostic (candidate, 4)	Repeat complete tests under recorded package concurrency	2026-09-07T10:58:57.4739980Z             	/Users/runner/hostedtoolcache/go/1.27.1/x64/src/runtime/asm_amd64.s:1264 +0x1 fp=0xe71078067e8 sp=0xe71078067e0 pc=0x70013a1
contention_diagnostic (candidate, 4)	Repeat complete tests under recorded package concurrency	2026-09-07T10:58:57.4741520Z             created by os/signal.Notify.func2.1 in goroutine 20
contention_diagnostic (candidate, 4)	Repeat complete tests under recorded package concurrency	2026-09-07T10:58:57.4743390Z             	/Users/runner/hostedtoolcache/go/1.27.1/x64/src/os/signal/signal.go:164 +0x1f
contention_diagnostic (candidate, 4)	Repeat complete tests under recorded package concurrency	2026-09-07T10:58:57.4744300Z             
contention_diagnostic (candidate, 4)	Repeat complete tests under recorded package concurrency	2026-09-07T10:58:57.4745170Z             goroutine 34 gp=0xe71078001e0 m=7 mp=0xe7107862008 [syscall]:
contention_diagnostic (candidate, 4)	Repeat complete tests under recorded package concurrency	2026-09-07T10:58:57.4746360Z             syscall.syscalln(0x7013480, {0xe71077654b0, 0x6, 0x6})
contention_diagnostic (candidate, 4)	Repeat complete tests under recorded package concurrency	2026-09-07T10:58:57.4748720Z             	/Users/runner/hostedtoolcache/go/1.27.1/x64/src/runtime/sys_darwin.go:27 +0x25 fp=0xe7107765490 sp=0xe7107765448 pc=0x6ffde45
contention_diagnostic (candidate, 4)	Repeat complete tests under recorded package concurrency	2026-09-07T10:58:57.4751240Z             syscall.syscall6(0x55bcf3c?, 0xe7107862008?, 0xe7107765530?, 0x6fdee99?, 0xe71077655a0?, 0x1?, 0x41055bcf3c?)
contention_diagnostic (candidate, 4)	Repeat complete tests under recorded package concurrency	2026-09-07T10:58:57.4754190Z             	/Users/runner/hostedtoolcache/go/1.27.1/x64/src/syscall/syscall_darwin.go:407 +0x37 fp=0xe71077654f0 sp=0xe7107765490 pc=0x7012737
contention_diagnostic (candidate, 4)	Repeat complete tests under recorded package concurrency	2026-09-07T10:58:57.4756640Z             syscall.kevent(0xe71077655d0?, 0x6f87ae7?, 0x55bd0df?, 0xe7107862008?, 0xe71077655a8?, 0x6fdee99?)
contention_diagnostic (candidate, 4)	Repeat complete tests under recorded package concurrency	2026-09-07T10:58:57.4760610Z             	/Users/runner/hostedtoolcache/go/1.27.1/x64/src/syscall/zsyscall_darwin_amd64.go:272 +0x4c fp=0xe7107765558 sp=0xe71077654f0 pc=0x701076c
contention_diagnostic (candidate, 4)	Repeat complete tests under recorded package concurrency	2026-09-07T10:58:57.4763230Z             syscall.Kevent(0x41055bd0df?, {0x0?, 0xe71077655d8?, 0x6ffe776?}, {0xe710783e008?, 0x130362c8?, 0x130362c800000000?}, 0xe71077655f8?)
contention_diagnostic (candidate, 4)	Repeat complete tests under recorded package concurrency	2026-09-07T10:58:57.4765930Z             	/Users/runner/hostedtoolcache/go/1.27.1/x64/src/syscall/syscall_bsd.go:431 +0x35 fp=0xe7107765598 sp=0xe7107765558 pc=0x700f495
contention_diagnostic (candidate, 4)	Repeat complete tests under recorded package concurrency	2026-09-07T10:58:57.4768170Z             github.com/brandopakel/keel/internal/core/io_multiplexing.(*KQueue).Check(0xe7107846000)
contention_diagnostic (candidate, 4)	Repeat complete tests under recorded package concurrency	2026-09-07T10:58:57.4771580Z             	/Users/runner/work/keel/keel/internal/core/io_multiplexing/kqueue_darwin.go:66 +0x37 fp=0xe7107765608 sp=0xe7107765598 pc=0x71c9097
contention_diagnostic (candidate, 4)	Repeat complete tests under recorded package concurrency	2026-09-07T10:58:57.4773640Z             github.com/brandopakel/keel/internal/server.RunAsyncTCPServer(0xe710780a000?)
contention_diagnostic (candidate, 4)	Repeat complete tests under recorded package concurrency	2026-09-07T10:58:57.4775830Z             	/Users/runner/work/keel/keel/internal/server/server.go:600 +0x90b fp=0xe7107765fa8 sp=0xe7107765608 pc=0x7265fab
contention_diagnostic (candidate, 4)	Repeat complete tests under recorded package concurrency	2026-09-07T10:58:57.4777530Z             github.com/brandopakel/keel/cmd/keel.runServer.func1()
contention_diagnostic (candidate, 4)	Repeat complete tests under recorded package concurrency	2026-09-07T10:58:57.4780280Z             	/Users/runner/work/keel/keel/cmd/keel/main.go:283 +0x27 fp=0xe7107765fe0 sp=0xe7107765fa8 pc=0x72947a7
contention_diagnostic (candidate, 4)	Repeat complete tests under recorded package concurrency	2026-09-07T10:58:57.4781490Z             runtime.goexit({})
contention_diagnostic (candidate, 4)	Repeat complete tests under recorded package concurrency	2026-09-07T10:58:57.4783670Z             	/Users/runner/hostedtoolcache/go/1.27.1/x64/src/runtime/asm_amd64.s:1264 +0x1 fp=0xe7107765fe8 sp=0xe7107765fe0 pc=0x70013a1
contention_diagnostic (candidate, 4)	Repeat complete tests under recorded package concurrency	2026-09-07T10:58:57.4785580Z             created by github.com/brandopakel/keel/cmd/keel.runServer in goroutine 20
contention_diagnostic (candidate, 4)	Repeat complete tests under recorded package concurrency	2026-09-07T10:58:57.4789000Z             	/Users/runner/work/keel/keel/cmd/keel/main.go:283 +0xc1b
contention_diagnostic (candidate, 4)	Repeat complete tests under recorded package concurrency	2026-09-07T10:58:57.4789900Z             
contention_diagnostic (candidate, 4)	Repeat complete tests under recorded package concurrency	2026-09-07T10:58:57.4790800Z             goroutine 35 gp=0xe71078003c0 m=nil [select]:
contention_diagnostic (candidate, 4)	Repeat complete tests under recorded package concurrency	2026-09-07T10:58:57.4792460Z             runtime.gopark(0xe7107806f98?, 0x2?, 0xa?, 0x13?, 0xe7107806f84?)
contention_diagnostic (candidate, 4)	Repeat complete tests under recorded package concurrency	2026-09-07T10:58:57.4795280Z             	/Users/runner/hostedtoolcache/go/1.27.1/x64/src/runtime/proc.go:474 +0xca fp=0xe7107806e08 sp=0xe7107806de8 pc=0x6ffa34a
contention_diagnostic (candidate, 4)	Repeat complete tests under recorded package concurrency	2026-09-07T10:58:57.4797360Z             runtime.selectgo(0xe7107806f98, 0xe7107806f80, 0x0?, 0x0, 0x0?, 0x1)
contention_diagnostic (candidate, 4)	Repeat complete tests under recorded package concurrency	2026-09-07T10:58:57.4799730Z             	/Users/runner/hostedtoolcache/go/1.27.1/x64/src/runtime/select.go:351 +0xa97 fp=0xe7107806f48 sp=0xe7107806e08 pc=0x6fd2e77
contention_diagnostic (candidate, 4)	Repeat complete tests under recorded package concurrency	2026-09-07T10:58:57.4801700Z             github.com/brandopakel/keel/internal/server.RunAsyncTCPServer.func5()
contention_diagnostic (candidate, 4)	Repeat complete tests under recorded package concurrency	2026-09-07T10:58:57.4803810Z             	/Users/runner/work/keel/keel/internal/server/server.go:588 +0xb7 fp=0xe7107806fe0 sp=0xe7107806f48 pc=0x726bd37
contention_diagnostic (candidate, 4)	Repeat complete tests under recorded package concurrency	2026-09-07T10:58:57.4805070Z             runtime.goexit({})
contention_diagnostic (candidate, 4)	Repeat complete tests under recorded package concurrency	2026-09-07T10:58:57.4807140Z             	/Users/runner/hostedtoolcache/go/1.27.1/x64/src/runtime/asm_amd64.s:1264 +0x1 fp=0xe7107806fe8 sp=0xe7107806fe0 pc=0x70013a1
contention_diagnostic (candidate, 4)	Repeat complete tests under recorded package concurrency	2026-09-07T10:58:57.4809300Z             created by github.com/brandopakel/keel/internal/server.RunAsyncTCPServer in goroutine 34
contention_diagnostic (candidate, 4)	Repeat complete tests under recorded package concurrency	2026-09-07T10:58:57.4811010Z             	/Users/runner/work/keel/keel/internal/server/server.go:584 +0x6b1
contention_diagnostic (candidate, 4)	Repeat complete tests under recorded package concurrency	2026-09-07T10:58:57.4811790Z             
contention_diagnostic (candidate, 4)	Repeat complete tests under recorded package concurrency	2026-09-07T10:58:57.4812800Z             goroutine 36 gp=0xe71078005a0 m=nil [GC worker (idle)]:
contention_diagnostic (candidate, 4)	Repeat complete tests under recorded package concurrency	2026-09-07T10:58:57.4813860Z             runtime.gopark(0x0?, 0x0?, 0x0?, 0x0?, 0x0?)
contention_diagnostic (candidate, 4)	Repeat complete tests under recorded package concurrency	2026-09-07T10:58:57.4815790Z             	/Users/runner/hostedtoolcache/go/1.27.1/x64/src/runtime/proc.go:474 +0xca fp=0xe7107807740 sp=0xe7107807720 pc=0x6ffa34a
contention_diagnostic (candidate, 4)	Repeat complete tests under recorded package concurrency	2026-09-07T10:58:57.4817280Z             runtime.gcBgMarkWorker(0xe710784a070)
contention_diagnostic (candidate, 4)	Repeat complete tests under recorded package concurrency	2026-09-07T10:58:57.4819310Z             	/Users/runner/hostedtoolcache/go/1.27.1/x64/src/runtime/mgc.go:1807 +0xeb fp=0xe71078077c8 sp=0xe7107807740 pc=0x6f9e3ab
contention_diagnostic (candidate, 4)	Repeat complete tests under recorded package concurrency	2026-09-07T10:58:57.4820770Z             runtime.gcBgMarkStartWorkers.gowrap1()
contention_diagnostic (candidate, 4)	Repeat complete tests under recorded package concurrency	2026-09-07T10:58:57.4823650Z             	/Users/runner/hostedtoolcache/go/1.27.1/x64/src/runtime/mgc.go:1711 +0x17 fp=0xe71078077e0 sp=0xe71078077c8 pc=0x6ff0437
contention_diagnostic (candidate, 4)	Repeat complete tests under recorded package concurrency	2026-09-07T10:58:57.4826690Z             runtime.goexit({})
contention_diagnostic (candidate, 4)	Repeat complete tests under recorded package concurrency	2026-09-07T10:58:57.4828500Z             	/Users/runner/hostedtoolcache/go/1.27.1/x64/src/runtime/asm_amd64.s:1264 +0x1 fp=0xe71078077e8 sp=0xe71078077e0 pc=0x70013a1
contention_diagnostic (candidate, 4)	Repeat complete tests under recorded package concurrency	2026-09-07T10:58:57.4830220Z             created by runtime.gcBgMarkStartWorkers in goroutine 34
contention_diagnostic (candidate, 4)	Repeat complete tests under recorded package concurrency	2026-09-07T10:58:57.4831690Z             	/Users/runner/hostedtoolcache/go/1.27.1/x64/src/runtime/mgc.go:1711 +0xfc
contention_diagnostic (candidate, 4)	Repeat complete tests under recorded package concurrency	2026-09-07T10:58:57.4832470Z             
contention_diagnostic (candidate, 4)	Repeat complete tests under recorded package concurrency	2026-09-07T10:58:57.4833620Z             goroutine 37 gp=0xe7107800780 m=nil [GC worker (idle)]:
contention_diagnostic (candidate, 4)	Repeat complete tests under recorded package concurrency	2026-09-07T10:58:57.4834950Z             runtime.gopark(0x40748ba67c?, 0x3?, 0x99?, 0x49?, 0x0?)
contention_diagnostic (candidate, 4)	Repeat complete tests under recorded package concurrency	2026-09-07T10:58:57.4837810Z             	/Users/runner/hostedtoolcache/go/1.27.1/x64/src/runtime/proc.go:474 +0xca fp=0xe7107807f40 sp=0xe7107807f20 pc=0x6ffa34a
contention_diagnostic (candidate, 4)	Repeat complete tests under recorded package concurrency	2026-09-07T10:58:57.4839360Z             runtime.gcBgMarkWorker(0xe710784a070)
contention_diagnostic (candidate, 4)	Repeat complete tests under recorded package concurrency	2026-09-07T10:58:57.4842000Z             	/Users/runner/hostedtoolcache/go/1.27.1/x64/src/runtime/mgc.go:1807 +0xeb fp=0xe7107807fc8 sp=0xe7107807f40 pc=0x6f9e3ab
contention_diagnostic (candidate, 4)	Repeat complete tests under recorded package concurrency	2026-09-07T10:58:57.4843770Z             runtime.gcBgMarkStartWorkers.gowrap1()
contention_diagnostic (candidate, 4)	Repeat complete tests under recorded package concurrency	2026-09-07T10:58:57.4846110Z             	/Users/runner/hostedtoolcache/go/1.27.1/x64/src/runtime/mgc.go:1711 +0x17 fp=0xe7107807fe0 sp=0xe7107807fc8 pc=0x6ff0437
contention_diagnostic (candidate, 4)	Repeat complete tests under recorded package concurrency	2026-09-07T10:58:57.4847330Z             runtime.goexit({})
contention_diagnostic (candidate, 4)	Repeat complete tests under recorded package concurrency	2026-09-07T10:58:57.4849360Z             	/Users/runner/hostedtoolcache/go/1.27.1/x64/src/runtime/asm_amd64.s:1264 +0x1 fp=0xe7107807fe8 sp=0xe7107807fe0 pc=0x70013a1
contention_diagnostic (candidate, 4)	Repeat complete tests under recorded package concurrency	2026-09-07T10:58:57.4851040Z             created by runtime.gcBgMarkStartWorkers in goroutine 34
contention_diagnostic (candidate, 4)	Repeat complete tests under recorded package concurrency	2026-09-07T10:58:57.4852780Z             	/Users/runner/hostedtoolcache/go/1.27.1/x64/src/runtime/mgc.go:1711 +0xfc
contention_diagnostic (candidate, 4)	Repeat complete tests under recorded package concurrency	2026-09-07T10:58:57.4854370Z             
contention_diagnostic (candidate, 4)	Repeat complete tests under recorded package concurrency	2026-09-07T10:58:57.4855220Z             goroutine 38 gp=0xe7107800960 m=nil [GC worker (idle)]:
contention_diagnostic (candidate, 4)	Repeat complete tests under recorded package concurrency	2026-09-07T10:58:57.4856320Z             runtime.gopark(0x771b440?, 0x1?, 0xb2?, 0x83?, 0x0?)
contention_diagnostic (candidate, 4)	Repeat complete tests under recorded package concurrency	2026-09-07T10:58:57.4858330Z             	/Users/runner/hostedtoolcache/go/1.27.1/x64/src/runtime/proc.go:474 +0xca fp=0xe7107808740 sp=0xe7107808720 pc=0x6ffa34a
contention_diagnostic (candidate, 4)	Repeat complete tests under recorded package concurrency	2026-09-07T10:58:57.4860200Z             runtime.gcBgMarkWorker(0xe710784a070)
contention_diagnostic (candidate, 4)	Repeat complete tests under recorded package concurrency	2026-09-07T10:58:57.4862220Z             	/Users/runner/hostedtoolcache/go/1.27.1/x64/src/runtime/mgc.go:1807 +0xeb fp=0xe71078087c8 sp=0xe7107808740 pc=0x6f9e3ab
contention_diagnostic (candidate, 4)	Repeat complete tests under recorded package concurrency	2026-09-07T10:58:57.4863720Z             runtime.gcBgMarkStartWorkers.gowrap1()
contention_diagnostic (candidate, 4)	Repeat complete tests under recorded package concurrency	2026-09-07T10:58:57.4866170Z             	/Users/runner/hostedtoolcache/go/1.27.1/x64/src/runtime/mgc.go:1711 +0x17 fp=0xe71078087e0 sp=0xe71078087c8 pc=0x6ff0437
contention_diagnostic (candidate, 4)	Repeat complete tests under recorded package concurrency	2026-09-07T10:58:57.4867480Z             runtime.goexit({})
contention_diagnostic (candidate, 4)	Repeat complete tests under recorded package concurrency	2026-09-07T10:58:57.4869410Z             	/Users/runner/hostedtoolcache/go/1.27.1/x64/src/runtime/asm_amd64.s:1264 +0x1 fp=0xe71078087e8 sp=0xe71078087e0 pc=0x70013a1
contention_diagnostic (candidate, 4)	Repeat complete tests under recorded package concurrency	2026-09-07T10:58:57.4871020Z             created by runtime.gcBgMarkStartWorkers in goroutine 34
contention_diagnostic (candidate, 4)	Repeat complete tests under recorded package concurrency	2026-09-07T10:58:57.4872760Z             	/Users/runner/hostedtoolcache/go/1.27.1/x64/src/runtime/mgc.go:1711 +0xfc
contention_diagnostic (candidate, 4)	Repeat complete tests under recorded package concurrency	2026-09-07T10:58:57.4873590Z             
contention_diagnostic (candidate, 4)	Repeat complete tests under recorded package concurrency	2026-09-07T10:58:57.4874410Z             goroutine 39 gp=0xe7107800b40 m=nil [GC worker (idle)]:
contention_diagnostic (candidate, 4)	Repeat complete tests under recorded package concurrency	2026-09-07T10:58:57.4875830Z             runtime.gopark(0x4074890e41?, 0xe7107860600?, 0x1c?, 0xa?, 0x0?)
contention_diagnostic (candidate, 4)	Repeat complete tests under recorded package concurrency	2026-09-07T10:58:57.4878000Z             	/Users/runner/hostedtoolcache/go/1.27.1/x64/src/runtime/proc.go:474 +0xca fp=0xe7107808f40 sp=0xe7107808f20 pc=0x6ffa34a
contention_diagnostic (candidate, 4)	Repeat complete tests under recorded package concurrency	2026-09-07T10:58:57.4879360Z             runtime.gcBgMarkWorker(0xe710784a070)
contention_diagnostic (candidate, 4)	Repeat complete tests under recorded package concurrency	2026-09-07T10:58:57.4881580Z             	/Users/runner/hostedtoolcache/go/1.27.1/x64/src/runtime/mgc.go:1807 +0xeb fp=0xe7107808fc8 sp=0xe7107808f40 pc=0x6f9e3ab
contention_diagnostic (candidate, 4)	Repeat complete tests under recorded package concurrency	2026-09-07T10:58:57.4883230Z             runtime.gcBgMarkStartWorkers.gowrap1()
contention_diagnostic (candidate, 4)	Repeat complete tests under recorded package concurrency	2026-09-07T10:58:57.4885500Z             	/Users/runner/hostedtoolcache/go/1.27.1/x64/src/runtime/mgc.go:1711 +0x17 fp=0xe7107808fe0 sp=0xe7107808fc8 pc=0x6ff0437
contention_diagnostic (candidate, 4)	Repeat complete tests under recorded package concurrency	2026-09-07T10:58:57.4886720Z             runtime.goexit({})
contention_diagnostic (candidate, 4)	Repeat complete tests under recorded package concurrency	2026-09-07T10:58:57.4889530Z             	/Users/runner/hostedtoolcache/go/1.27.1/x64/src/runtime/asm_amd64.s:1264 +0x1 fp=0xe7107808fe8 sp=0xe7107808fe0 pc=0x70013a1
contention_diagnostic (candidate, 4)	Repeat complete tests under recorded package concurrency	2026-09-07T10:58:57.4891150Z             created by runtime.gcBgMarkStartWorkers in goroutine 34
contention_diagnostic (candidate, 4)	Repeat complete tests under recorded package concurrency	2026-09-07T10:58:57.4892790Z             	/Users/runner/hostedtoolcache/go/1.27.1/x64/src/runtime/mgc.go:1711 +0xfc
contention_diagnostic (candidate, 4)	Repeat complete tests under recorded package concurrency	2026-09-07T10:58:57.4893570Z             
contention_diagnostic (candidate, 4)	Repeat complete tests under recorded package concurrency	2026-09-07T10:58:57.4894010Z             rax    0x104
contention_diagnostic (candidate, 4)	Repeat complete tests under recorded package concurrency	2026-09-07T10:58:57.4894580Z             rbx    0x7ff85a2b4180
contention_diagnostic (candidate, 4)	Repeat complete tests under recorded package concurrency	2026-09-07T10:58:57.4895250Z             rcx    0x7ff7b9f8c098
contention_diagnostic (candidate, 4)	Repeat complete tests under recorded package concurrency	2026-09-07T10:58:57.4895830Z             rdx    0x300
contention_diagnostic (candidate, 4)	Repeat complete tests under recorded package concurrency	2026-09-07T10:58:57.4896600Z             rdi    0x76faa68
contention_diagnostic (candidate, 4)	Repeat complete tests under recorded package concurrency	2026-09-07T10:58:57.4897200Z             rsi    0x30100000400
contention_diagnostic (candidate, 4)	Repeat complete tests under recorded package concurrency	2026-09-07T10:58:57.4897810Z             rbp    0x7ff7b9f8c130
contention_diagnostic (candidate, 4)	Repeat complete tests under recorded package concurrency	2026-09-07T10:58:57.4898420Z             rsp    0x7ff7b9f8c098
contention_diagnostic (candidate, 4)	Repeat complete tests under recorded package concurrency	2026-09-07T10:58:57.4899000Z             r8     0x0
contention_diagnostic (candidate, 4)	Repeat complete tests under recorded package concurrency	2026-09-07T10:58:57.4899660Z             r9     0xa0
contention_diagnostic (candidate, 4)	Repeat complete tests under recorded package concurrency	2026-09-07T10:58:57.4900150Z             r10    0x0
contention_diagnostic (candidate, 4)	Repeat complete tests under recorded package concurrency	2026-09-07T10:58:57.4900710Z             r11    0x246
contention_diagnostic (candidate, 4)	Repeat complete tests under recorded package concurrency	2026-09-07T10:58:57.4901450Z             r12    0x7ff7b9f8c0b0
contention_diagnostic (candidate, 4)	Repeat complete tests under recorded package concurrency	2026-09-07T10:58:57.4902410Z             r13    0x30100000400
contention_diagnostic (candidate, 4)	Repeat complete tests under recorded package concurrency	2026-09-07T10:58:57.4903000Z             r14    0x76faa68
contention_diagnostic (candidate, 4)	Repeat complete tests under recorded package concurrency	2026-09-07T10:58:57.4903510Z             r15    0x300
contention_diagnostic (candidate, 4)	Repeat complete tests under recorded package concurrency	2026-09-07T10:58:57.4904120Z             rip    0x7ff81887a6f6
contention_diagnostic (candidate, 4)	Repeat complete tests under recorded package concurrency	2026-09-07T10:58:57.4904670Z             rflags 0x247
contention_diagnostic (candidate, 4)	Repeat complete tests under recorded package concurrency	2026-09-07T10:58:57.4905150Z             cs     0x7
contention_diagnostic (candidate, 4)	Repeat complete tests under recorded package concurrency	2026-09-07T10:58:57.4905610Z             fs     0x0
contention_diagnostic (candidate, 4)	Repeat complete tests under recorded package concurrency	2026-09-07T10:58:57.4906100Z             gs     0x0
contention_diagnostic (candidate, 4)	Repeat complete tests under recorded package concurrency	2026-09-07T10:58:57.4906790Z     --- FAIL: TestSlowReaderDoesNotBlockOtherClients/4 (4.66s)
contention_diagnostic (candidate, 4)	Repeat complete tests under recorded package concurrency	2026-09-07T10:58:57.4908060Z         integration_test.go:345: read tcp 127.0.0.1:49461->127.0.0.1:49457: i/o timeout
contention_diagnostic (candidate, 4)	Repeat complete tests under recorded package concurrency	2026-09-07T10:58:57.4909860Z         integration_test.go:331: failed server process state:
contention_diagnostic (candidate, 4)	Repeat complete tests under recorded package concurrency	2026-09-07T10:58:57.4910830Z               PID  %CPU    RSS STAT ELAPSED
contention_diagnostic (candidate, 4)	Repeat complete tests under recorded package concurrency	2026-09-07T10:58:57.4911580Z              2770  66.2 102904 R<     00:02
contention_diagnostic (candidate, 4)	Repeat complete tests under recorded package concurrency	2026-09-07T10:58:57.4912640Z         integration_test.go:331: failed server sample:
contention_diagnostic (candidate, 4)	Repeat complete tests under recorded package concurrency	2026-09-07T10:58:57.4913780Z             Analysis of sampling keel.test (pid 2770) every 1 millisecond
contention_diagnostic (candidate, 4)	Repeat complete tests under recorded package concurrency	2026-09-07T10:58:57.4914850Z             Process:         keel.test [2770]
contention_diagnostic (candidate, 4)	Repeat complete tests under recorded package concurrency	2026-09-07T10:58:57.4915860Z             Path:            /private/var/folders/*/keel.test
contention_diagnostic (candidate, 4)	Repeat complete tests under recorded package concurrency	2026-09-07T10:58:57.4916690Z             Load Address:    0xab24000
contention_diagnostic (candidate, 4)	Repeat complete tests under recorded package concurrency	2026-09-07T10:58:57.4917440Z             Identifier:      keel.test
contention_diagnostic (candidate, 4)	Repeat complete tests under recorded package concurrency	2026-09-07T10:58:57.4918120Z             Version:         ???
contention_diagnostic (candidate, 4)	Repeat complete tests under recorded package concurrency	2026-09-07T10:58:57.4918840Z             Code Type:       X86-64
contention_diagnostic (candidate, 4)	Repeat complete tests under recorded package concurrency	2026-09-07T10:58:57.4919740Z             Platform:        macOS
contention_diagnostic (candidate, 4)	Repeat complete tests under recorded package concurrency	2026-09-07T10:58:57.4920900Z             Parent Process:  keel.test [2585]
contention_diagnostic (candidate, 4)	Repeat complete tests under recorded package concurrency	2026-09-07T10:58:57.4921840Z             Target Type:     live task
contention_diagnostic (candidate, 4)	Repeat complete tests under recorded package concurrency	2026-09-07T10:58:57.4922610Z             
contention_diagnostic (candidate, 4)	Repeat complete tests under recorded package concurrency	2026-09-07T10:58:57.4923510Z             Date/Time:       2026-09-07 10:58:39.731 +0000
contention_diagnostic (candidate, 4)	Repeat complete tests under recorded package concurrency	2026-09-07T10:58:57.4924600Z             Launch Time:     2026-09-07 10:58:37.408 +0000
contention_diagnostic (candidate, 4)	Repeat complete tests under recorded package concurrency	2026-09-07T10:58:57.4925540Z             OS Version:      macOS 15.7.9 (24G830)
contention_diagnostic (candidate, 4)	Repeat complete tests under recorded package concurrency	2026-09-07T10:58:57.4926490Z             Report Version:  7
contention_diagnostic (candidate, 4)	Repeat complete tests under recorded package concurrency	2026-09-07T10:58:57.4927300Z             Analysis Tool:   /usr/bin/sample
contention_diagnostic (candidate, 4)	Repeat complete tests under recorded package concurrency	2026-09-07T10:58:57.4927930Z             
contention_diagnostic (candidate, 4)	Repeat complete tests under recorded package concurrency	2026-09-07T10:58:57.4928940Z             Physical footprint:         146.4M
contention_diagnostic (candidate, 4)	Repeat complete tests under recorded package concurrency	2026-09-07T10:58:57.4930170Z             Physical footprint (peak):  146.4M
contention_diagnostic (candidate, 4)	Repeat complete tests under recorded package concurrency	2026-09-07T10:58:57.4931150Z             Idle exit:                  untracked
contention_diagnostic (candidate, 4)	Repeat complete tests under recorded package concurrency	2026-09-07T10:58:57.4931800Z             ----
contention_diagnostic (candidate, 4)	Repeat complete tests under recorded package concurrency	2026-09-07T10:58:57.4940750Z             
contention_diagnostic (candidate, 4)	Repeat complete tests under recorded package concurrency	2026-09-07T10:58:57.4941240Z             Call graph:
contention_diagnostic (candidate, 4)	Repeat complete tests under recorded package concurrency	2026-09-07T10:58:57.4942430Z                 480 Thread_11853   DispatchQueue_1: com.apple.main-thread  (serial)
contention_diagnostic (candidate, 4)	Repeat complete tests under recorded package concurrency	2026-09-07T10:58:57.4944140Z                 + 480 ???  (in keel.test)  load address 0xab24000 + 0x56279  [0xab7a279]
contention_diagnostic (candidate, 4)	Repeat complete tests under recorded package concurrency	2026-09-07T10:58:57.4946050Z                 +   480 ???  (in keel.test)  load address 0xab24000 + 0x55d7a  [0xab79d7a]
contention_diagnostic (candidate, 4)	Repeat complete tests under recorded package concurrency	2026-09-07T10:58:57.4948680Z                 +     480 ???  (in keel.test)  load address 0xab24000 + 0x537f3  [0xab777f3]
contention_diagnostic (candidate, 4)	Repeat complete tests under recorded package concurrency	2026-09-07T10:58:57.4950280Z                 +       480 ???  (in keel.test)  load address 0xab24000 + 0x1b79d  [0xab3f79d]
contention_diagnostic (candidate, 4)	Repeat complete tests under recorded package concurrency	2026-09-07T10:58:57.4952000Z                 +         480 ???  (in keel.test)  load address 0xab24000 + 0x48ece  [0xab6cece]
contention_diagnostic (candidate, 4)	Repeat complete tests under recorded package concurrency	2026-09-07T10:58:57.4953650Z                 +           480 ???  (in keel.test)  load address 0xab24000 + 0x6d34e  [0xab9134e]
contention_diagnostic (candidate, 4)	Repeat complete tests under recorded package concurrency	2026-09-07T10:58:57.4955390Z                 +             480 ???  (in keel.test)  load address 0xab24000 + 0x6d59e  [0xab9159e]
contention_diagnostic (candidate, 4)	Repeat complete tests under recorded package concurrency	2026-09-07T10:58:57.4957130Z                 +               480 ???  (in keel.test)  load address 0xab24000 + 0x8f30a  [0xabb330a]
contention_diagnostic (candidate, 4)	Repeat complete tests under recorded package concurrency	2026-09-07T10:58:57.4959280Z                 +                 480 ???  (in keel.test)  load address 0xab24000 + 0x90f70  [0xabb4f70]
contention_diagnostic (candidate, 4)	Repeat complete tests under recorded package concurrency	2026-09-07T10:58:57.4961470Z                 +                   480 _pthread_cond_wait  (in libsystem_pthread.dylib) + 988  [0x7ff8188ba2ae]
contention_diagnostic (candidate, 4)	Repeat complete tests under recorded package concurrency	2026-09-07T10:58:57.4963340Z                 +                     480 __psynch_cvwait  (in libsystem_kernel.dylib) + 10  [0x7ff81887a6f6]
contention_diagnostic (candidate, 4)	Repeat complete tests under recorded package concurrency	2026-09-07T10:58:57.4964290Z                 480 Thread_11856
contention_diagnostic (candidate, 4)	Repeat complete tests under recorded package concurrency	2026-09-07T10:58:57.4965660Z                 + 480 ???  (in keel.test)  load address 0xab24000 + 0x519ea  [0xab759ea]
contention_diagnostic (candidate, 4)	Repeat complete tests under recorded package concurrency	2026-09-07T10:58:57.4967140Z                 +   480 ???  (in keel.test)  load address 0xab24000 + 0x51a93  [0xab75a93]
contention_diagnostic (candidate, 4)	Repeat complete tests under recorded package concurrency	2026-09-07T10:58:57.4968650Z                 +     405 ???  (in keel.test)  load address 0xab24000 + 0x5aab2  [0xab7eab2]
contention_diagnostic (candidate, 4)	Repeat complete tests under recorded package concurrency	2026-09-07T10:58:57.4970370Z                 +     ! 405 ???  (in keel.test)  load address 0xab24000 + 0x1badf  [0xab3fadf]
contention_diagnostic (candidate, 4)	Repeat complete tests under recorded package concurrency	2026-09-07T10:58:57.4971940Z                 +     !   405 ???  (in keel.test)  load address 0xab24000 + 0x1b925  [0xab3f925]
contention_diagnostic (candidate, 4)	Repeat complete tests under recorded package concurrency	2026-09-07T10:58:57.4974790Z                 +     !     405 ???  (in keel.test)  load address 0xab24000 + 0x48f6a  [0xab6cf6a]
contention_diagnostic (candidate, 4)	Repeat complete tests under recorded package concurrency	2026-09-07T10:58:57.4976580Z                 +     !       405 ???  (in keel.test)  load address 0xab24000 + 0x6d3ae  [0xab913ae]
contention_diagnostic (candidate, 4)	Repeat complete tests under recorded package concurrency	2026-09-07T10:58:57.4978280Z                 +     !         405 ???  (in keel.test)  load address 0xab24000 + 0x6d59e  [0xab9159e]
contention_diagnostic (candidate, 4)	Repeat complete tests under recorded package concurrency	2026-09-07T10:58:57.4980040Z                 +     !           405 ???  (in keel.test)  load address 0xab24000 + 0x8f30a  [0xabb330a]
contention_diagnostic (candidate, 4)	Repeat complete tests under recorded package concurrency	2026-09-07T10:58:57.4981760Z                 +     !             405 ???  (in keel.test)  load address 0xab24000 + 0x90f94  [0xabb4f94]
contention_diagnostic (candidate, 4)	Repeat complete tests under recorded package concurrency	2026-09-07T10:58:57.4983670Z                 +     !               405 _pthread_cond_wait  (in libsystem_pthread.dylib) + 1039  [0x7ff8188ba2e1]
contention_diagnostic (candidate, 4)	Repeat complete tests under recorded package concurrency	2026-09-07T10:58:57.4985680Z                 +     !                 405 __psynch_cvwait  (in libsystem_kernel.dylib) + 10  [0x7ff81887a6f6]
contention_diagnostic (candidate, 4)	Repeat complete tests under recorded package concurrency	2026-09-07T10:58:57.4987480Z                 +     75 ???  (in keel.test)  load address 0xab24000 + 0x5a992  [0xab7e992]
contention_diagnostic (candidate, 4)	Repeat complete tests under recorded package concurrency	2026-09-07T10:58:57.4989220Z                 +       75 ???  (in keel.test)  load address 0xab24000 + 0x6cd66  [0xab90d66]
contention_diagnostic (candidate, 4)	Repeat complete tests under recorded package concurrency	2026-09-07T10:58:57.4990920Z                 +         75 ???  (in keel.test)  load address 0xab24000 + 0x6d59e  [0xab9159e]
contention_diagnostic (candidate, 4)	Repeat complete tests under recorded package concurrency	2026-09-07T10:58:57.4992680Z                 +           75 ???  (in keel.test)  load address 0xab24000 + 0x8f30a  [0xabb330a]
contention_diagnostic (candidate, 4)	Repeat complete tests under recorded package concurrency	2026-09-07T10:58:57.4994310Z                 +             75 ???  (in keel.test)  load address 0xab24000 + 0x90c8b  [0xabb4c8b]
contention_diagnostic (candidate, 4)	Repeat complete tests under recorded package concurrency	2026-09-07T10:58:57.4995770Z                 +               75 usleep  (in libsystem_c.dylib) + 53  [0x7ff8187671a0]
contention_diagnostic (candidate, 4)	Repeat complete tests under recorded package concurrency	2026-09-07T10:58:57.4997310Z                 +                 75 nanosleep  (in libsystem_c.dylib) + 199  [0x7ff81876726d]
contention_diagnostic (candidate, 4)	Repeat complete tests under recorded package concurrency	2026-09-07T10:58:57.4999050Z                 +                   75 __semwait_signal  (in libsystem_kernel.dylib) + 10  [0x7ff81887a5c2]
contention_diagnostic (candidate, 4)	Repeat complete tests under recorded package concurrency	2026-09-07T10:58:57.5000020Z                 480 Thread_11857
contention_diagnostic (candidate, 4)	Repeat complete tests under recorded package concurrency	2026-09-07T10:58:57.5001370Z                 + 456 ???  (in keel.test)  load address 0xab24000 + 0x56279  [0xab7a279]
contention_diagnostic (candidate, 4)	Repeat complete tests under recorded package concurrency	2026-09-07T10:58:57.5002990Z                 + ! 456 ???  (in keel.test)  load address 0xab24000 + 0x55df1  [0xab79df1]
contention_diagnostic (candidate, 4)	Repeat complete tests under recorded package concurrency	2026-09-07T10:58:57.5005420Z                 + !   405 ???  (in keel.test)  load address 0xab24000 + 0x54cbf  [0xab78cbf]
contention_diagnostic (candidate, 4)	Repeat complete tests under recorded package concurrency	2026-09-07T10:58:57.5007080Z                 + !   : 405 ???  (in keel.test)  load address 0xab24000 + 0x5310c  [0xab7710c]
contention_diagnostic (candidate, 4)	Repeat complete tests under recorded package concurrency	2026-09-07T10:58:57.5008700Z                 + !   :   405 ???  (in keel.test)  load address 0xab24000 + 0x1b79d  [0xab3f79d]
contention_diagnostic (candidate, 4)	Repeat complete tests under recorded package concurrency	2026-09-07T10:58:57.5010360Z                 + !   :     405 ???  (in keel.test)  load address 0xab24000 + 0x48ece  [0xab6cece]
contention_diagnostic (candidate, 4)	Repeat complete tests under recorded package concurrency	2026-09-07T10:58:57.5012160Z                 + !   :       405 ???  (in keel.test)  load address 0xab24000 + 0x6d34e  [0xab9134e]
contention_diagnostic (candidate, 4)	Repeat complete tests under recorded package concurrency	2026-09-07T10:58:57.5014040Z                 + !   :         405 ???  (in keel.test)  load address 0xab24000 + 0x6d59e  [0xab9159e]
contention_diagnostic (candidate, 4)	Repeat complete tests under recorded package concurrency	2026-09-07T10:58:57.5015740Z                 + !   :           405 ???  (in keel.test)  load address 0xab24000 + 0x8f30a  [0xabb330a]
contention_diagnostic (candidate, 4)	Repeat complete tests under recorded package concurrency	2026-09-07T10:58:57.5017420Z                 + !   :             405 ???  (in keel.test)  load address 0xab24000 + 0x90f70  [0xabb4f70]
contention_diagnostic (candidate, 4)	Repeat complete tests under recorded package concurrency	2026-09-07T10:58:57.5019400Z                 + !   :               405 _pthread_cond_wait  (in libsystem_pthread.dylib) + 988  [0x7ff8188ba2ae]
contention_diagnostic (candidate, 4)	Repeat complete tests under recorded package concurrency	2026-09-07T10:58:57.5021340Z                 + !   :                 405 __psynch_cvwait  (in libsystem_kernel.dylib) + 10  [0x7ff81887a6f6]
contention_diagnostic (candidate, 4)	Repeat complete tests under recorded package concurrency	2026-09-07T10:58:57.5022990Z                 + !   50 ???  (in keel.test)  load address 0xab24000 + 0x5475c  [0xab7875c]
contention_diagnostic (candidate, 4)	Repeat complete tests under recorded package concurrency	2026-09-07T10:58:57.5024670Z                 + !   : 50 ???  (in keel.test)  load address 0xab24000 + 0x4887a  [0xab6c87a]
contention_diagnostic (candidate, 4)	Repeat complete tests under recorded package concurrency	2026-09-07T10:58:57.5026660Z                 + !   :   50 ???  (in keel.test)  load address 0xab24000 + 0x6d18e  [0xab9118e]
contention_diagnostic (candidate, 4)	Repeat complete tests under recorded package concurrency	2026-09-07T10:58:57.5028340Z                 + !   :     50 ???  (in keel.test)  load address 0xab24000 + 0x6d59e  [0xab9159e]
contention_diagnostic (candidate, 4)	Repeat complete tests under recorded package concurrency	2026-09-07T10:58:57.5030890Z                 + !   :       50 ???  (in keel.test)  load address 0xab24000 + 0x8f30a  [0xabb330a]
contention_diagnostic (candidate, 4)	Repeat complete tests under recorded package concurrency	2026-09-07T10:58:57.5032530Z                 + !   :         50 ???  (in keel.test)  load address 0xab24000 + 0x90d5e  [0xabb4d5e]
contention_diagnostic (candidate, 4)	Repeat complete tests under recorded package concurrency	2026-09-07T10:58:57.5034130Z                 + !   :           50 kevent  (in libsystem_kernel.dylib) + 10  [0x7ff81887c822]
contention_diagnostic (candidate, 4)	Repeat complete tests under recorded package concurrency	2026-09-07T10:58:57.5035660Z                 + !   1 ???  (in keel.test)  load address 0xab24000 + 0x542bf  [0xab782bf]
contention_diagnostic (candidate, 4)	Repeat complete tests under recorded package concurrency	2026-09-07T10:58:57.5037260Z                 + !     1 ???  (in keel.test)  load address 0xab24000 + 0x5544f  [0xab7944f]
contention_diagnostic (candidate, 4)	Repeat complete tests under recorded package concurrency	2026-09-07T10:58:57.5038840Z                 + !       1 ???  (in keel.test)  load address 0xab24000 + 0x5ce57  [0xab80e57]
contention_diagnostic (candidate, 4)	Repeat complete tests under recorded package concurrency	2026-09-07T10:58:57.5040440Z                 + !         1 ???  (in keel.test)  load address 0xab24000 + 0x5cd07  [0xab80d07]
contention_diagnostic (candidate, 4)	Repeat complete tests under recorded package concurrency	2026-09-07T10:58:57.5042340Z                 + !           1 ???  (in keel.test)  load address 0xab24000 + 0x6cd66  [0xab90d66]
contention_diagnostic (candidate, 4)	Repeat complete tests under recorded package concurrency	2026-09-07T10:58:57.5044810Z                 + !             1 ???  (in keel.test)  load address 0xab24000 + 0x6d59e  [0xab9159e]
contention_diagnostic (candidate, 4)	Repeat complete tests under recorded package concurrency	2026-09-07T10:58:57.5047270Z                 + !               1 ???  (in keel.test)  load address 0xab24000 + 0x8f30a  [0xabb330a]
contention_diagnostic (candidate, 4)	Repeat complete tests under recorded package concurrency	2026-09-07T10:58:57.5049670Z                 + !                 1 ???  (in keel.test)  load address 0xab24000 + 0x90c8b  [0xabb4c8b]
contention_diagnostic (candidate, 4)	Repeat complete tests under recorded package concurrency	2026-09-07T10:58:57.5051920Z                 + !                   1 usleep  (in libsystem_c.dylib) + 53  [0x7ff8187671a0]
contention_diagnostic (candidate, 4)	Repeat complete tests under recorded package concurrency	2026-09-07T10:58:57.5054290Z                 + !                     1 nanosleep  (in libsystem_c.dylib) + 199  [0x7ff81876726d]
contention_diagnostic (candidate, 4)	Repeat complete tests under recorded package concurrency	2026-09-07T10:58:57.5056910Z                 + !                       1 __semwait_signal  (in libsystem_kernel.dylib) + 10  [0x7ff81887a5c2]
contention_diagnostic (candidate, 4)	Repeat complete tests under recorded package concurrency	2026-09-07T10:58:57.5059110Z                 + 24 ???  (in keel.test)  load address 0xab24000 + 0x3227a7  [0xae467a7]
contention_diagnostic (candidate, 4)	Repeat complete tests under recorded package concurrency	2026-09-07T10:58:57.5061160Z                 +   24 ???  (in keel.test)  load address 0xab24000 + 0x2f4ff2  [0xae18ff2]
contention_diagnostic (candidate, 4)	Repeat complete tests under recorded package concurrency	2026-09-07T10:58:57.5063060Z                 +     24 ???  (in keel.test)  load address 0xab24000 + 0x2f349e  [0xae1749e]
contention_diagnostic (candidate, 4)	Repeat complete tests under recorded package concurrency	2026-09-07T10:58:57.5064810Z                 +       24 ???  (in keel.test)  load address 0xab24000 + 0x2f6ca5  [0xae1aca5]
contention_diagnostic (candidate, 4)	Repeat complete tests under recorded package concurrency	2026-09-07T10:58:57.5067350Z                 +         24 ???  (in keel.test)  load address 0xab24000 + 0x2f255d  [0xae1655d]
contention_diagnostic (candidate, 4)	Repeat complete tests under recorded package concurrency	2026-09-07T10:58:57.5068940Z                 +           24 ???  (in keel.test)  load address 0xab24000 + 0x245b5c  [0xad69b5c]
contention_diagnostic (candidate, 4)	Repeat complete tests under recorded package concurrency	2026-09-07T10:58:57.5070580Z                 +             21 ???  (in keel.test)  load address 0xab24000 + 0x2f0f57  [0xae14f57]
contention_diagnostic (candidate, 4)	Repeat complete tests under recorded package concurrency	2026-09-07T10:58:57.5071520Z                 +             : 10 0x0
contention_diagnostic (candidate, 4)	Repeat complete tests under recorded package concurrency	2026-09-07T10:58:57.5072920Z                 +             : | 10 _sigtramp  (in libsystem_platform.dylib) + 0  [0x7ff8188f2300]
contention_diagnostic (candidate, 4)	Repeat complete tests under recorded package concurrency	2026-09-07T10:58:57.5074550Z                 +             : 10 ???  (in keel.test)  load address 0xab24000 + 0x90075  [0xabb4075]
contention_diagnostic (candidate, 4)	Repeat complete tests under recorded package concurrency	2026-09-07T10:58:57.5076540Z                 +             : 1 ???  (in keel.test)  load address 0xab24000 + 0x9007a  [0xabb407a]
contention_diagnostic (candidate, 4)	Repeat complete tests under recorded package concurrency	2026-09-07T10:58:57.5078310Z                 +             2 ???  (in keel.test)  load address 0xab24000 + 0x9006b  [0xabb406b]
contention_diagnostic (candidate, 4)	Repeat complete tests under recorded package concurrency	2026-09-07T10:58:57.5079310Z                 +             1 0x0
contention_diagnostic (candidate, 4)	Repeat complete tests under recorded package concurrency	2026-09-07T10:58:57.5081070Z                 +               1 _sigtramp  (in libsystem_platform.dylib) + 0  [0x7ff8188f2300]
contention_diagnostic (candidate, 4)	Repeat complete tests under recorded package concurrency	2026-09-07T10:58:57.5082190Z                 480 Thread_11858
contention_diagnostic (candidate, 4)	Repeat complete tests under recorded package concurrency	2026-09-07T10:58:57.5083800Z                 + 454 ???  (in keel.test)  load address 0xab24000 + 0x56279  [0xab7a279]
contention_diagnostic (candidate, 4)	Repeat complete tests under recorded package concurrency	2026-09-07T10:58:57.5085710Z                 + ! 454 ???  (in keel.test)  load address 0xab24000 + 0x55df1  [0xab79df1]
contention_diagnostic (candidate, 4)	Repeat complete tests under recorded package concurrency	2026-09-07T10:58:57.5087350Z                 + !   454 ???  (in keel.test)  load address 0xab24000 + 0x54cbf  [0xab78cbf]
contention_diagnostic (candidate, 4)	Repeat complete tests under recorded package concurrency	2026-09-07T10:58:57.5088940Z                 + !     454 ???  (in keel.test)  load address 0xab24000 + 0x5310c  [0xab7710c]
contention_diagnostic (candidate, 4)	Repeat complete tests under recorded package concurrency	2026-09-07T10:58:57.5090670Z                 + !       454 ???  (in keel.test)  load address 0xab24000 + 0x1b79d  [0xab3f79d]
contention_diagnostic (candidate, 4)	Repeat complete tests under recorded package concurrency	2026-09-07T10:58:57.5093500Z                 + !         454 ???  (in keel.test)  load address 0xab24000 + 0x48ece  [0xab6cece]
contention_diagnostic (candidate, 4)	Repeat complete tests under recorded package concurrency	2026-09-07T10:58:57.5095170Z                 + !           454 ???  (in keel.test)  load address 0xab24000 + 0x6d34e  [0xab9134e]
contention_diagnostic (candidate, 4)	Repeat complete tests under recorded package concurrency	2026-09-07T10:58:57.5097060Z                 + !             454 ???  (in keel.test)  load address 0xab24000 + 0x6d59e  [0xab9159e]
contention_diagnostic (candidate, 4)	Repeat complete tests under recorded package concurrency	2026-09-07T10:58:57.5099490Z                 + !               454 ???  (in keel.test)  load address 0xab24000 + 0x8f30a  [0xabb330a]
contention_diagnostic (candidate, 4)	Repeat complete tests under recorded package concurrency	2026-09-07T10:58:57.5101900Z                 + !                 454 ???  (in keel.test)  load address 0xab24000 + 0x90f70  [0xabb4f70]
contention_diagnostic (candidate, 4)	Repeat complete tests under recorded package concurrency	2026-09-07T10:58:57.5104440Z                 + !                   454 _pthread_cond_wait  (in libsystem_pthread.dylib) + 988  [0x7ff8188ba2ae]
contention_diagnostic (candidate, 4)	Repeat complete tests under recorded package concurrency	2026-09-07T10:58:57.5107010Z                 + !                     454 __psynch_cvwait  (in libsystem_kernel.dylib) + 10  [0x7ff81887a6f6]
contention_diagnostic (candidate, 4)	Repeat complete tests under recorded package concurrency	2026-09-07T10:58:57.5109670Z                 + 26 ???  (in keel.test)  load address 0xab24000 + 0x8da0a  [0xabb1a0a]
contention_diagnostic (candidate, 4)	Repeat complete tests under recorded package concurrency	2026-09-07T10:58:57.5111280Z                 +   24 ???  (in keel.test)  load address 0xab24000 + 0x7e4c7  [0xaba24c7]
contention_diagnostic (candidate, 4)	Repeat complete tests under recorded package concurrency	2026-09-07T10:58:57.5112840Z                 +   : 24 ???  (in keel.test)  load address 0xab24000 + 0x30467  [0xab54467]
contention_diagnostic (candidate, 4)	Repeat complete tests under recorded package concurrency	2026-09-07T10:58:57.5114500Z                 +   :   24 ???  (in keel.test)  load address 0xab24000 + 0x2e105  [0xab52105]
contention_diagnostic (candidate, 4)	Repeat complete tests under recorded package concurrency	2026-09-07T10:58:57.5116270Z                 +   :     24 ???  (in keel.test)  load address 0xab24000 + 0x7e7a5  [0xaba27a5]
contention_diagnostic (candidate, 4)	Repeat complete tests under recorded package concurrency	2026-09-07T10:58:57.5117890Z                 +   :       23 ???  (in keel.test)  load address 0xab24000 + 0x4cb7c  [0xab70b7c]
contention_diagnostic (candidate, 4)	Repeat complete tests under recorded package concurrency	2026-09-07T10:58:57.5119570Z                 +   :       | 23 ???  (in keel.test)  load address 0xab24000 + 0x6cd66  [0xab90d66]
contention_diagnostic (candidate, 4)	Repeat complete tests under recorded package concurrency	2026-09-07T10:58:57.5121200Z                 +   :       |   23 ???  (in keel.test)  load address 0xab24000 + 0x6d59e  [0xab9159e]
contention_diagnostic (candidate, 4)	Repeat complete tests under recorded package concurrency	2026-09-07T10:58:57.5122880Z                 +   :       |     23 ???  (in keel.test)  load address 0xab24000 + 0x8f30a  [0xabb330a]
contention_diagnostic (candidate, 4)	Repeat complete tests under recorded package concurrency	2026-09-07T10:58:57.5124640Z                 +   :       |       23 ???  (in keel.test)  load address 0xab24000 + 0x90c8b  [0xabb4c8b]
contention_diagnostic (candidate, 4)	Repeat complete tests under recorded package concurrency	2026-09-07T10:58:57.5126210Z                 +   :       |         23 usleep  (in libsystem_c.dylib) + 53  [0x7ff8187671a0]
contention_diagnostic (candidate, 4)	Repeat complete tests under recorded package concurrency	2026-09-07T10:58:57.5128920Z                 +   :       |           23 nanosleep  (in libsystem_c.dylib) + 199  [0x7ff81876726d]
contention_diagnostic (candidate, 4)	Repeat complete tests under recorded package concurrency	2026-09-07T10:58:57.5130770Z                 +   :       |             23 __semwait_signal  (in libsystem_kernel.dylib) + 10  [0x7ff81887a5c2]
contention_diagnostic (candidate, 4)	Repeat complete tests under recorded package concurrency	2026-09-07T10:58:57.5132950Z                 +   :       1 ???  (in keel.test)  load address 0xab24000 + 0x8f1ca  [0xabb31ca]
contention_diagnostic (candidate, 4)	Repeat complete tests under recorded package concurrency	2026-09-07T10:58:57.5134720Z                 +   1 ???  (in keel.test)  load address 0xab24000 + 0x7e27f  [0xaba227f]
contention_diagnostic (candidate, 4)	Repeat complete tests under recorded package concurrency	2026-09-07T10:58:57.5136320Z                 +   : 1 ???  (in keel.test)  load address 0xab24000 + 0x5201c  [0xab7601c]
contention_diagnostic (candidate, 4)	Repeat complete tests under recorded package concurrency	2026-09-07T10:58:57.5137970Z                 +   :   1 ???  (in keel.test)  load address 0xab24000 + 0x1badf  [0xab3fadf]
contention_diagnostic (candidate, 4)	Repeat complete tests under recorded package concurrency	2026-09-07T10:58:57.5139700Z                 +   :     1 ???  (in keel.test)  load address 0xab24000 + 0x1b925  [0xab3f925]
contention_diagnostic (candidate, 4)	Repeat complete tests under recorded package concurrency	2026-09-07T10:58:57.5141250Z                 +   :       1 ???  (in keel.test)  load address 0xab24000 + 0x48f6a  [0xab6cf6a]
contention_diagnostic (candidate, 4)	Repeat complete tests under recorded package concurrency	2026-09-07T10:58:57.5142930Z                 +   :         1 ???  (in keel.test)  load address 0xab24000 + 0x6d3ae  [0xab913ae]
contention_diagnostic (candidate, 4)	Repeat complete tests under recorded package concurrency	2026-09-07T10:58:57.5144510Z                 +   :           1 ???  (in keel.test)  load address 0xab24000 + 0x6d59e  [0xab9159e]
contention_diagnostic (candidate, 4)	Repeat complete tests under recorded package concurrency	2026-09-07T10:58:57.5146380Z                 +   :             1 ???  (in keel.test)  load address 0xab24000 + 0x8f30a  [0xabb330a]
contention_diagnostic (candidate, 4)	Repeat complete tests under recorded package concurrency	2026-09-07T10:58:57.5148130Z                 +   :               1 ???  (in keel.test)  load address 0xab24000 + 0x90f94  [0xabb4f94]
contention_diagnostic (candidate, 4)	Repeat complete tests under recorded package concurrency	2026-09-07T10:58:57.5150270Z                 +   :                 1 _pthread_cond_wait  (in libsystem_pthread.dylib) + 1039  [0x7ff8188ba2e1]
contention_diagnostic (candidate, 4)	Repeat complete tests under recorded package concurrency	2026-09-07T10:58:57.5152140Z                 +   :                   1 __psynch_cvwait  (in libsystem_kernel.dylib) + 10  [0x7ff81887a6f6]
contention_diagnostic (candidate, 4)	Repeat complete tests under recorded package concurrency	2026-09-07T10:58:57.5154710Z                 +   1 ???  (in keel.test)  load address 0xab24000 + 0x7e305  [0xaba2305]
contention_diagnostic (candidate, 4)	Repeat complete tests under recorded package concurrency	2026-09-07T10:58:57.5156190Z                 +     1 ???  (in keel.test)  load address 0xab24000 + 0x51705  [0xab75705]
contention_diagnostic (candidate, 4)	Repeat complete tests under recorded package concurrency	2026-09-07T10:58:57.5157670Z                 +       1 ???  (in keel.test)  load address 0xab24000 + 0x4887a  [0xab6c87a]
contention_diagnostic (candidate, 4)	Repeat complete tests under recorded package concurrency	2026-09-07T10:58:57.5159180Z                 +         1 ???  (in keel.test)  load address 0xab24000 + 0x6d18e  [0xab9118e]
contention_diagnostic (candidate, 4)	Repeat complete tests under recorded package concurrency	2026-09-07T10:58:57.5160730Z                 +           1 ???  (in keel.test)  load address 0xab24000 + 0x6d59e  [0xab9159e]
contention_diagnostic (candidate, 4)	Repeat complete tests under recorded package concurrency	2026-09-07T10:58:57.5162290Z                 +             1 ???  (in keel.test)  load address 0xab24000 + 0x8f30a  [0xabb330a]
contention_diagnostic (candidate, 4)	Repeat complete tests under recorded package concurrency	2026-09-07T10:58:57.5163900Z                 +               1 ???  (in keel.test)  load address 0xab24000 + 0x90d5e  [0xabb4d5e]
contention_diagnostic (candidate, 4)	Repeat complete tests under recorded package concurrency	2026-09-07T10:58:57.5165840Z                 +                 1 kevent  (in libsystem_kernel.dylib) + 10  [0x7ff81887c822]
contention_diagnostic (candidate, 4)	Repeat complete tests under recorded package concurrency	2026-09-07T10:58:57.5166910Z                 480 Thread_11859
contention_diagnostic (candidate, 4)	Repeat complete tests under recorded package concurrency	2026-09-07T10:58:57.5168740Z                 + 480 ???  (in keel.test)  load address 0xab24000 + 0x8f2c4  [0xabb32c4]
contention_diagnostic (candidate, 4)	Repeat complete tests under recorded package concurrency	2026-09-07T10:58:57.5170520Z                 +   480 ???  (in keel.test)  load address 0xab24000 + 0x90852  [0xabb4852]
contention_diagnostic (candidate, 4)	Repeat complete tests under recorded package concurrency	2026-09-07T10:58:57.5172010Z                 +     480 read  (in libsystem_kernel.dylib) + 10  [0x7ff8188785b2]
contention_diagnostic (candidate, 4)	Repeat complete tests under recorded package concurrency	2026-09-07T10:58:57.5172880Z                 480 Thread_11860
contention_diagnostic (candidate, 4)	Repeat complete tests under recorded package concurrency	2026-09-07T10:58:57.5174090Z                 + 480 ???  (in keel.test)  load address 0xab24000 + 0x519ea  [0xab759ea]
contention_diagnostic (candidate, 4)	Repeat complete tests under recorded package concurrency	2026-09-07T10:58:57.5175740Z                 +   480 ???  (in keel.test)  load address 0xab24000 + 0x51a93  [0xab75a93]
contention_diagnostic (candidate, 4)	Repeat complete tests under recorded package concurrency	2026-09-07T10:58:57.5177560Z                 +     480 ???  (in keel.test)  load address 0xab24000 + 0x52ff1  [0xab76ff1]
contention_diagnostic (candidate, 4)	Repeat complete tests under recorded package concurrency	2026-09-07T10:58:57.5179190Z                 +       480 ???  (in keel.test)  load address 0xab24000 + 0x1b79d  [0xab3f79d]
contention_diagnostic (candidate, 4)	Repeat complete tests under recorded package concurrency	2026-09-07T10:58:57.5180770Z                 +         480 ???  (in keel.test)  load address 0xab24000 + 0x48ece  [0xab6cece]
contention_diagnostic (candidate, 4)	Repeat complete tests under recorded package concurrency	2026-09-07T10:58:57.5182390Z                 +           480 ???  (in keel.test)  load address 0xab24000 + 0x6d34e  [0xab9134e]
contention_diagnostic (candidate, 4)	Repeat complete tests under recorded package concurrency	2026-09-07T10:58:57.5184050Z                 +             480 ???  (in keel.test)  load address 0xab24000 + 0x6d59e  [0xab9159e]
contention_diagnostic (candidate, 4)	Repeat complete tests under recorded package concurrency	2026-09-07T10:58:57.5186540Z                 +               480 ???  (in keel.test)  load address 0xab24000 + 0x8f30a  [0xabb330a]
contention_diagnostic (candidate, 4)	Repeat complete tests under recorded package concurrency	2026-09-07T10:58:57.5188310Z                 +                 480 ???  (in keel.test)  load address 0xab24000 + 0x90f70  [0xabb4f70]
contention_diagnostic (candidate, 4)	Repeat complete tests under recorded package concurrency	2026-09-07T10:58:57.5190160Z                 +                   480 _pthread_cond_wait  (in libsystem_pthread.dylib) + 988  [0x7ff8188ba2ae]
contention_diagnostic (candidate, 4)	Repeat complete tests under recorded package concurrency	2026-09-07T10:58:57.5192030Z                 +                     480 __psynch_cvwait  (in libsystem_kernel.dylib) + 10  [0x7ff81887a6f6]
contention_diagnostic (candidate, 4)	Repeat complete tests under recorded package concurrency	2026-09-07T10:58:57.5193080Z                 480 Thread_11861
contention_diagnostic (candidate, 4)	Repeat complete tests under recorded package concurrency	2026-09-07T10:58:57.5194340Z                 + 480 ???  (in keel.test)  load address 0xab24000 + 0x56279  [0xab7a279]
contention_diagnostic (candidate, 4)	Repeat complete tests under recorded package concurrency	2026-09-07T10:58:57.5196490Z                 +   480 ???  (in keel.test)  load address 0xab24000 + 0x55df1  [0xab79df1]
contention_diagnostic (candidate, 4)	Repeat complete tests under recorded package concurrency	2026-09-07T10:58:57.5198110Z                 +     480 ???  (in keel.test)  load address 0xab24000 + 0x54cbf  [0xab78cbf]
contention_diagnostic (candidate, 4)	Repeat complete tests under recorded package concurrency	2026-09-07T10:58:57.5199950Z                 +       480 ???  (in keel.test)  load address 0xab24000 + 0x5310c  [0xab7710c]
contention_diagnostic (candidate, 4)	Repeat complete tests under recorded package concurrency	2026-09-07T10:58:57.5201520Z                 +         480 ???  (in keel.test)  load address 0xab24000 + 0x1b79d  [0xab3f79d]
contention_diagnostic (candidate, 4)	Repeat complete tests under recorded package concurrency	2026-09-07T10:58:57.5203270Z                 +           480 ???  (in keel.test)  load address 0xab24000 + 0x48ece  [0xab6cece]
contention_diagnostic (candidate, 4)	Repeat complete tests under recorded package concurrency	2026-09-07T10:58:57.5205190Z                 +             480 ???  (in keel.test)  load address 0xab24000 + 0x6d34e  [0xab9134e]
contention_diagnostic (candidate, 4)	Repeat complete tests under recorded package concurrency	2026-09-07T10:58:57.5206840Z                 +               480 ???  (in keel.test)  load address 0xab24000 + 0x6d59e  [0xab9159e]
contention_diagnostic (candidate, 4)	Repeat complete tests under recorded package concurrency	2026-09-07T10:58:57.5208510Z                 +                 480 ???  (in keel.test)  load address 0xab24000 + 0x8f30a  [0xabb330a]
contention_diagnostic (candidate, 4)	Repeat complete tests under recorded package concurrency	2026-09-07T10:58:57.5210950Z                 +                   480 ???  (in keel.test)  load address 0xab24000 + 0x90f70  [0xabb4f70]
contention_diagnostic (candidate, 4)	Repeat complete tests under recorded package concurrency	2026-09-07T10:58:57.5212790Z                 +                     480 _pthread_cond_wait  (in libsystem_pthread.dylib) + 988  [0x7ff8188ba2ae]
contention_diagnostic (candidate, 4)	Repeat complete tests under recorded package concurrency	2026-09-07T10:58:57.5214670Z                 +                       480 __psynch_cvwait  (in libsystem_kernel.dylib) + 10  [0x7ff81887a6f6]
contention_diagnostic (candidate, 4)	Repeat complete tests under recorded package concurrency	2026-09-07T10:58:57.5215910Z                 480 Thread_11863
contention_diagnostic (candidate, 4)	Repeat complete tests under recorded package concurrency	2026-09-07T10:58:57.5217160Z                 + 480 ???  (in keel.test)  load address 0xab24000 + 0x56279  [0xab7a279]
contention_diagnostic (candidate, 4)	Repeat complete tests under recorded package concurrency	2026-09-07T10:58:57.5218730Z                 +   480 ???  (in keel.test)  load address 0xab24000 + 0x55df1  [0xab79df1]
contention_diagnostic (candidate, 4)	Repeat complete tests under recorded package concurrency	2026-09-07T10:58:57.5220800Z                 +     428 ???  (in keel.test)  load address 0xab24000 + 0x5475c  [0xab7875c]
contention_diagnostic (candidate, 4)	Repeat complete tests under recorded package concurrency	2026-09-07T10:58:57.5222690Z                 +     ! 428 ???  (in keel.test)  load address 0xab24000 + 0x4887a  [0xab6c87a]
contention_diagnostic (candidate, 4)	Repeat complete tests under recorded package concurrency	2026-09-07T10:58:57.5225060Z                 +     !   428 ???  (in keel.test)  load address 0xab24000 + 0x6d18e  [0xab9118e]
contention_diagnostic (candidate, 4)	Repeat complete tests under recorded package concurrency	2026-09-07T10:58:57.5226980Z                 +     !     428 ???  (in keel.test)  load address 0xab24000 + 0x6d59e  [0xab9159e]
contention_diagnostic (candidate, 4)	Repeat complete tests under recorded package concurrency	2026-09-07T10:58:57.5228960Z                 +     !       428 ???  (in keel.test)  load address 0xab24000 + 0x8f30a  [0xabb330a]
contention_diagnostic (candidate, 4)	Repeat complete tests under recorded package concurrency	2026-09-07T10:58:57.5231190Z                 +     !         428 ???  (in keel.test)  load address 0xab24000 + 0x90d5e  [0xabb4d5e]
contention_diagnostic (candidate, 4)	Repeat complete tests under recorded package concurrency	2026-09-07T10:58:57.5233080Z                 +     !           428 kevent  (in libsystem_kernel.dylib) + 10  [0x7ff81887c822]
contention_diagnostic (candidate, 4)	Repeat complete tests under recorded package concurrency	2026-09-07T10:58:57.5234980Z                 +     50 ???  (in keel.test)  load address 0xab24000 + 0x54cbf  [0xab78cbf]
contention_diagnostic (candidate, 4)	Repeat complete tests under recorded package concurrency	2026-09-07T10:58:57.5236730Z                 +     ! 50 ???  (in keel.test)  load address 0xab24000 + 0x5310c  [0xab7710c]
contention_diagnostic (candidate, 4)	Repeat complete tests under recorded package concurrency	2026-09-07T10:58:57.5238720Z                 +     !   50 ???  (in keel.test)  load address 0xab24000 + 0x1b79d  [0xab3f79d]
contention_diagnostic (candidate, 4)	Repeat complete tests under recorded package concurrency	2026-09-07T10:58:57.5240550Z                 +     !     50 ???  (in keel.test)  load address 0xab24000 + 0x48ece  [0xab6cece]
contention_diagnostic (candidate, 4)	Repeat complete tests under recorded package concurrency	2026-09-07T10:58:57.5242140Z                 +     !       50 ???  (in keel.test)  load address 0xab24000 + 0x6d34e  [0xab9134e]
contention_diagnostic (candidate, 4)	Repeat complete tests under recorded package concurrency	2026-09-07T10:58:57.5245170Z                 +     !         50 ???  (in keel.test)  load address 0xab24000 + 0x6d59e  [0xab9159e]
contention_diagnostic (candidate, 4)	Repeat complete tests under recorded package concurrency	2026-09-07T10:58:57.5246960Z                 +     !           50 ???  (in keel.test)  load address 0xab24000 + 0x8f30a  [0xabb330a]
contention_diagnostic (candidate, 4)	Repeat complete tests under recorded package concurrency	2026-09-07T10:58:57.5248800Z                 +     !             50 ???  (in keel.test)  load address 0xab24000 + 0x90f70  [0xabb4f70]
contention_diagnostic (candidate, 4)	Repeat complete tests under recorded package concurrency	2026-09-07T10:58:57.5250700Z                 +     !               50 _pthread_cond_wait  (in libsystem_pthread.dylib) + 988  [0x7ff8188ba2ae]
contention_diagnostic (candidate, 4)	Repeat complete tests under recorded package concurrency	2026-09-07T10:58:57.5252760Z                 +     !                 50 __psynch_cvwait  (in libsystem_kernel.dylib) + 10  [0x7ff81887a6f6]
contention_diagnostic (candidate, 4)	Repeat complete tests under recorded package concurrency	2026-09-07T10:58:57.5254440Z                 +     1 ???  (in keel.test)  load address 0xab24000 + 0x53e5c  [0xab77e5c]
contention_diagnostic (candidate, 4)	Repeat complete tests under recorded package concurrency	2026-09-07T10:58:57.5256080Z                 +     ! 1 ???  (in keel.test)  load address 0xab24000 + 0x6ea5e  [0xab92a5e]
contention_diagnostic (candidate, 4)	Repeat complete tests under recorded package concurrency	2026-09-07T10:58:57.5257660Z                 +     !   1 ???  (in keel.test)  load address 0xab24000 + 0x6ebcb  [0xab92bcb]
contention_diagnostic (candidate, 4)	Repeat complete tests under recorded package concurrency	2026-09-07T10:58:57.5259990Z                 +     1 ???  (in keel.test)  load address 0xab24000 + 0x54775  [0xab78775]
contention_diagnostic (candidate, 4)	Repeat complete tests under recorded package concurrency	2026-09-07T10:58:57.5261730Z                 +       1 ???  (in keel.test)  load address 0xab24000 + 0x6ce99  [0xab90e99]
contention_diagnostic (candidate, 4)	Repeat complete tests under recorded package concurrency	2026-09-07T10:58:57.5263270Z                 +         1 ???  (in keel.test)  load address 0xab24000 + 0x6d59e  [0xab9159e]
contention_diagnostic (candidate, 4)	Repeat complete tests under recorded package concurrency	2026-09-07T10:58:57.5265090Z                 +           1 ???  (in keel.test)  load address 0xab24000 + 0x8f30a  [0xabb330a]
contention_diagnostic (candidate, 4)	Repeat complete tests under recorded package concurrency	2026-09-07T10:58:57.5267070Z                 +             1 ???  (in keel.test)  load address 0xab24000 + 0x9092c  [0xabb492c]
contention_diagnostic (candidate, 4)	Repeat complete tests under recorded package concurrency	2026-09-07T10:58:57.5269700Z                 +               1 DYLD-STUB$$mach_absolute_time  (in keel.test) + 0  [0xaeb0ff0]
contention_diagnostic (candidate, 4)	Repeat complete tests under recorded package concurrency	2026-09-07T10:58:57.5271460Z                 480 Thread_11866
contention_diagnostic (candidate, 4)	Repeat complete tests under recorded package concurrency	2026-09-07T10:58:57.5273240Z                   447 ???  (in keel.test)  load address 0xab24000 + 0x8f2c4  [0xabb32c4]
contention_diagnostic (candidate, 4)	Repeat complete tests under recorded package concurrency	2026-09-07T10:58:57.5274970Z                   ! 447 ???  (in keel.test)  load address 0xab24000 + 0x910bd  [0xabb50bd]
contention_diagnostic (candidate, 4)	Repeat complete tests under recorded package concurrency	2026-09-07T10:58:57.5276740Z                   !   447 kevent  (in libsystem_kernel.dylib) + 10  [0x7ff81887c822]
contention_diagnostic (candidate, 4)	Repeat complete tests under recorded package concurrency	2026-09-07T10:58:57.5278480Z                   25 ???  (in keel.test)  load address 0xab24000 + 0x56279  [0xab7a279]
contention_diagnostic (candidate, 4)	Repeat complete tests under recorded package concurrency	2026-09-07T10:58:57.5280360Z                   ! 25 ???  (in keel.test)  load address 0xab24000 + 0x55df1  [0xab79df1]
contention_diagnostic (candidate, 4)	Repeat complete tests under recorded package concurrency	2026-09-07T10:58:57.5282130Z                   !   24 ???  (in keel.test)  load address 0xab24000 + 0x54cbf  [0xab78cbf]
contention_diagnostic (candidate, 4)	Repeat complete tests under recorded package concurrency	2026-09-07T10:58:57.5283960Z                   !   : 24 ???  (in keel.test)  load address 0xab24000 + 0x5310c  [0xab7710c]
contention_diagnostic (candidate, 4)	Repeat complete tests under recorded package concurrency	2026-09-07T10:58:57.5285690Z                   !   :   24 ???  (in keel.test)  load address 0xab24000 + 0x1b79d  [0xab3f79d]
contention_diagnostic (candidate, 4)	Repeat complete tests under recorded package concurrency	2026-09-07T10:58:57.5287730Z                   !   :     24 ???  (in keel.test)  load address 0xab24000 + 0x48ece  [0xab6cece]
contention_diagnostic (candidate, 4)	Repeat complete tests under recorded package concurrency	2026-09-07T10:58:57.5289810Z                   !   :       24 ???  (in keel.test)  load address 0xab24000 + 0x6d34e  [0xab9134e]
contention_diagnostic (candidate, 4)	Repeat complete tests under recorded package concurrency	2026-09-07T10:58:57.5291690Z                   !   :         24 ???  (in keel.test)  load address 0xab24000 + 0x6d59e  [0xab9159e]
contention_diagnostic (candidate, 4)	Repeat complete tests under recorded package concurrency	2026-09-07T10:58:57.5293660Z                   !   :           24 ???  (in keel.test)  load address 0xab24000 + 0x8f30a  [0xabb330a]
contention_diagnostic (candidate, 4)	Repeat complete tests under recorded package concurrency	2026-09-07T10:58:57.5295660Z                   !   :             24 ???  (in keel.test)  load address 0xab24000 + 0x90f70  [0xabb4f70]
contention_diagnostic (candidate, 4)	Repeat complete tests under recorded package concurrency	2026-09-07T10:58:57.5297980Z                   !   :               24 _pthread_cond_wait  (in libsystem_pthread.dylib) + 988  [0x7ff8188ba2ae]
contention_diagnostic (candidate, 4)	Repeat complete tests under recorded package concurrency	2026-09-07T10:58:57.5300270Z                   !   :                 24 __psynch_cvwait  (in libsystem_kernel.dylib) + 10  [0x7ff81887a6f6]
contention_diagnostic (candidate, 4)	Repeat complete tests under recorded package concurrency	2026-09-07T10:58:57.5302560Z                   !   1 ???  (in keel.test)  load address 0xab24000 + 0x542bf  [0xab782bf]
contention_diagnostic (candidate, 4)	Repeat complete tests under recorded package concurrency	2026-09-07T10:58:57.5304840Z                   !     1 ???  (in keel.test)  load address 0xab24000 + 0x5544f  [0xab7944f]
contention_diagnostic (candidate, 4)	Repeat complete tests under recorded package concurrency	2026-09-07T10:58:57.5306480Z                   !       1 ???  (in keel.test)  load address 0xab24000 + 0x5ce57  [0xab80e57]
contention_diagnostic (candidate, 4)	Repeat complete tests under recorded package concurrency	2026-09-07T10:58:57.5309610Z                   !         1 ???  (in keel.test)  load address 0xab24000 + 0x5cd07  [0xab80d07]
contention_diagnostic (candidate, 4)	Repeat complete tests under recorded package concurrency	2026-09-07T10:58:57.5311480Z                   !           1 ???  (in keel.test)  load address 0xab24000 + 0x6cd66  [0xab90d66]
contention_diagnostic (candidate, 4)	Repeat complete tests under recorded package concurrency	2026-09-07T10:58:57.5314090Z                   !             1 ???  (in keel.test)  load address 0xab24000 + 0x6d59e  [0xab9159e]
contention_diagnostic (candidate, 4)	Repeat complete tests under recorded package concurrency	2026-09-07T10:58:57.5316000Z                   !               1 ???  (in keel.test)  load address 0xab24000 + 0x8f30a  [0xabb330a]
contention_diagnostic (candidate, 4)	Repeat complete tests under recorded package concurrency	2026-09-07T10:58:57.5317840Z                   !                 1 ???  (in keel.test)  load address 0xab24000 + 0x90c8b  [0xabb4c8b]
contention_diagnostic (candidate, 4)	Repeat complete tests under recorded package concurrency	2026-09-07T10:58:57.5319660Z                   !                   1 usleep  (in libsystem_c.dylib) + 53  [0x7ff8187671a0]
contention_diagnostic (candidate, 4)	Repeat complete tests under recorded package concurrency	2026-09-07T10:58:57.5321550Z                   !                     1 nanosleep  (in libsystem_c.dylib) + 199  [0x7ff81876726d]
contention_diagnostic (candidate, 4)	Repeat complete tests under recorded package concurrency	2026-09-07T10:58:57.5323700Z                   !                       1 __semwait_signal  (in libsystem_kernel.dylib) + 10  [0x7ff81887a5c2]
contention_diagnostic (candidate, 4)	Repeat complete tests under recorded package concurrency	2026-09-07T10:58:57.5325610Z                   7 ???  (in keel.test)  load address 0xab24000 + 0x3227a7  [0xae467a7]
contention_diagnostic (candidate, 4)	Repeat complete tests under recorded package concurrency	2026-09-07T10:58:57.5327340Z                   ! 6 ???  (in keel.test)  load address 0xab24000 + 0x2f5965  [0xae19965]
contention_diagnostic (candidate, 4)	Repeat complete tests under recorded package concurrency	2026-09-07T10:58:57.5329110Z                   ! : 3 ???  (in keel.test)  load address 0xab24000 + 0x90056  [0xabb4056]
contention_diagnostic (candidate, 4)	Repeat complete tests under recorded package concurrency	2026-09-07T10:58:57.5330750Z                   ! : 2 ???  (in keel.test)  load address 0xab24000 + 0x90075  [0xabb4075]
contention_diagnostic (candidate, 4)	Repeat complete tests under recorded package concurrency	2026-09-07T10:58:57.5332320Z                   ! : 1 ???  (in keel.test)  load address 0xab24000 + 0x90046  [0xabb4046]
contention_diagnostic (candidate, 4)	Repeat complete tests under recorded package concurrency	2026-09-07T10:58:57.5334020Z                   ! 1 ???  (in keel.test)  load address 0xab24000 + 0x2f4ff2  [0xae18ff2]
contention_diagnostic (candidate, 4)	Repeat complete tests under recorded package concurrency	2026-09-07T10:58:57.5336010Z                   !   1 ???  (in keel.test)  load address 0xab24000 + 0x2f3316  [0xae17316]
contention_diagnostic (candidate, 4)	Repeat complete tests under recorded package concurrency	2026-09-07T10:58:57.5337950Z                   !     1 ???  (in keel.test)  load address 0xab24000 + 0x2f6ca5  [0xae1aca5]
contention_diagnostic (candidate, 4)	Repeat complete tests under recorded package concurrency	2026-09-07T10:58:57.5339740Z                   !       1 ???  (in keel.test)  load address 0xab24000 + 0x2f255d  [0xae1655d]
contention_diagnostic (candidate, 4)	Repeat complete tests under recorded package concurrency	2026-09-07T10:58:57.5341520Z                   !         1 ???  (in keel.test)  load address 0xab24000 + 0x23fc60  [0xad63c60]
contention_diagnostic (candidate, 4)	Repeat complete tests under recorded package concurrency	2026-09-07T10:58:57.5343120Z                   1 ???  (in keel.test)  load address 0xab24000 + 0x566c5  [0xab7a6c5]
contention_diagnostic (candidate, 4)	Repeat complete tests under recorded package concurrency	2026-09-07T10:58:57.5345050Z                     1 ???  (in keel.test)  load address 0xab24000 + 0x5647c  [0xab7a47c]
contention_diagnostic (candidate, 4)	Repeat complete tests under recorded package concurrency	2026-09-07T10:58:57.5346750Z                       1 ???  (in keel.test)  load address 0xab24000 + 0x55df1  [0xab79df1]
contention_diagnostic (candidate, 4)	Repeat complete tests under recorded package concurrency	2026-09-07T10:58:57.5348900Z                         1 ???  (in keel.test)  load address 0xab24000 + 0x54116  [0xab78116]
contention_diagnostic (candidate, 4)	Repeat complete tests under recorded package concurrency	2026-09-07T10:58:57.5350930Z                           1 ???  (in keel.test)  load address 0xab24000 + 0x53b6b  [0xab77b6b]
contention_diagnostic (candidate, 4)	Repeat complete tests under recorded package concurrency	2026-09-07T10:58:57.5353170Z                             1 ???  (in keel.test)  load address 0xab24000 + 0x5310c  [0xab7710c]
contention_diagnostic (candidate, 4)	Repeat complete tests under recorded package concurrency	2026-09-07T10:58:57.5355350Z                               1 ???  (in keel.test)  load address 0xab24000 + 0x1b79d  [0xab3f79d]
contention_diagnostic (candidate, 4)	Repeat complete tests under recorded package concurrency	2026-09-07T10:58:57.5357660Z                                 1 ???  (in keel.test)  load address 0xab24000 + 0x48ece  [0xab6cece]
contention_diagnostic (candidate, 4)	Repeat complete tests under recorded package concurrency	2026-09-07T10:58:57.5360450Z                                   1 ???  (in keel.test)  load address 0xab24000 + 0x6d34e  [0xab9134e]
contention_diagnostic (candidate, 4)	Repeat complete tests under recorded package concurrency	2026-09-07T10:58:57.5363810Z                                     1 ???  (in keel.test)  load address 0xab24000 + 0x6d59e  [0xab9159e]
contention_diagnostic (candidate, 4)	Repeat complete tests under recorded package concurrency	2026-09-07T10:58:57.5366590Z                                       1 ???  (in keel.test)  load address 0xab24000 + 0x8f30a  [0xabb330a]
contention_diagnostic (candidate, 4)	Repeat complete tests under recorded package concurrency	2026-09-07T10:58:57.5377080Z                                         1 ???  (in keel.test)  load address 0xab24000 + 0x90f70  [0xabb4f70]
contention_diagnostic (candidate, 4)	Repeat complete tests under recorded package concurrency	2026-09-07T10:58:57.5380380Z                                           1 _pthread_cond_wait  (in libsystem_pthread.dylib) + 988  [0x7ff8188ba2ae]
contention_diagnostic (candidate, 4)	Repeat complete tests under recorded package concurrency	2026-09-07T10:58:57.5384660Z                                             1 __psynch_cvwait  (in libsystem_kernel.dylib) + 10  [0x7ff81887a6f6]
contention_diagnostic (candidate, 4)	Repeat complete tests under recorded package concurrency	2026-09-07T10:58:57.5386800Z             
contention_diagnostic (candidate, 4)	Repeat complete tests under recorded package concurrency	2026-09-07T10:58:57.5387940Z             Total number in stack (recursive counted multiple, when >=5):
contention_diagnostic (candidate, 4)	Repeat complete tests under recorded package concurrency	2026-09-07T10:58:57.5389600Z                     18       ???  (in keel.test)  load address 0xab24000 + 0x6d59e  [0xab9159e]
contention_diagnostic (candidate, 4)	Repeat complete tests under recorded package concurrency	2026-09-07T10:58:57.5391390Z                     18       ???  (in keel.test)  load address 0xab24000 + 0x8f30a  [0xabb330a]
contention_diagnostic (candidate, 4)	Repeat complete tests under recorded package concurrency	2026-09-07T10:58:57.5393140Z                     10       __psynch_cvwait  (in libsystem_kernel.dylib) + 0  [0x7ff81887a6ec]
contention_diagnostic (candidate, 4)	Repeat complete tests under recorded package concurrency	2026-09-07T10:58:57.5395290Z                     8       ???  (in keel.test)  load address 0xab24000 + 0x1b79d  [0xab3f79d]
contention_diagnostic (candidate, 4)	Repeat complete tests under recorded package concurrency	2026-09-07T10:58:57.5396980Z                     8       ???  (in keel.test)  load address 0xab24000 + 0x48ece  [0xab6cece]
contention_diagnostic (candidate, 4)	Repeat complete tests under recorded package concurrency	2026-09-07T10:58:57.5399000Z                     8       ???  (in keel.test)  load address 0xab24000 + 0x6d34e  [0xab9134e]
contention_diagnostic (candidate, 4)	Repeat complete tests under recorded package concurrency	2026-09-07T10:58:57.5401250Z                     8       ???  (in keel.test)  load address 0xab24000 + 0x90f70  [0xabb4f70]
contention_diagnostic (candidate, 4)	Repeat complete tests under recorded package concurrency	2026-09-07T10:58:57.5403080Z                     8       _pthread_cond_wait  (in libsystem_pthread.dylib) + 988  [0x7ff8188ba2ae]
contention_diagnostic (candidate, 4)	Repeat complete tests under recorded package concurrency	2026-09-07T10:58:57.5404850Z                     6       ???  (in keel.test)  load address 0xab24000 + 0x5310c  [0xab7710c]
contention_diagnostic (candidate, 4)	Repeat complete tests under recorded package concurrency	2026-09-07T10:58:57.5406870Z                     6       ???  (in keel.test)  load address 0xab24000 + 0x55df1  [0xab79df1]
contention_diagnostic (candidate, 4)	Repeat complete tests under recorded package concurrency	2026-09-07T10:58:57.5408930Z                     6       ???  (in keel.test)  load address 0xab24000 + 0x56279  [0xab7a279]
contention_diagnostic (candidate, 4)	Repeat complete tests under recorded package concurrency	2026-09-07T10:58:57.5410820Z                     5       ???  (in keel.test)  load address 0xab24000 + 0x54cbf  [0xab78cbf]
contention_diagnostic (candidate, 4)	Repeat complete tests under recorded package concurrency	2026-09-07T10:58:57.5411800Z             
contention_diagnostic (candidate, 4)	Repeat complete tests under recorded package concurrency	2026-09-07T10:58:57.5412850Z             Sort by top of stack, same collapsed (when >= 5):
contention_diagnostic (candidate, 4)	Repeat complete tests under recorded package concurrency	2026-09-07T10:58:57.5415510Z                     __psynch_cvwait  (in libsystem_kernel.dylib)        2780
contention_diagnostic (candidate, 4)	Repeat complete tests under recorded package concurrency	2026-09-07T10:58:57.5417070Z                     kevent  (in libsystem_kernel.dylib)        926
contention_diagnostic (candidate, 4)	Repeat complete tests under recorded package concurrency	2026-09-07T10:58:57.5418280Z                     read  (in libsystem_kernel.dylib)        480
contention_diagnostic (candidate, 4)	Repeat complete tests under recorded package concurrency	2026-09-07T10:58:57.5419640Z                     __semwait_signal  (in libsystem_kernel.dylib)        100
contention_diagnostic (candidate, 4)	Repeat complete tests under recorded package concurrency	2026-09-07T10:58:57.5421420Z                     ???  (in keel.test)  load address 0xab24000 + 0x90075  [0xabb4075]        12
contention_diagnostic (candidate, 4)	Repeat complete tests under recorded package concurrency	2026-09-07T10:58:57.5422930Z                     _sigtramp  (in libsystem_platform.dylib)        11
contention_diagnostic (candidate, 4)	Repeat complete tests under recorded package concurrency	2026-09-07T10:58:57.5423590Z             
contention_diagnostic (candidate, 4)	Repeat complete tests under recorded package concurrency	2026-09-07T10:58:57.5424080Z             Binary Images:
contention_diagnostic (candidate, 4)	Repeat complete tests under recorded package concurrency	2026-09-07T10:58:57.5426630Z                      0xab24000 -          0xb1959c7 +keel.test (???) <6B689D53-C3F7-35E0-8181-9B7F96E16B0D> /var/folders/*/keel.test
contention_diagnostic (candidate, 4)	Repeat complete tests under recorded package concurrency	2026-09-07T10:58:57.5430230Z                 0x7ff8184c8000 -     0x7ff81850d05b  libobjc.A.dylib (940.4) <087DB838-675B-3BC5-B554-DAD42196C77A> /usr/lib/libobjc.A.dylib
contention_diagnostic (candidate, 4)	Repeat complete tests under recorded package concurrency	2026-09-07T10:58:57.5433620Z                 0x7ff81850e000 -     0x7ff8185a86c7  dyld (1.0.0 - 1286.10) <BA070062-52CF-31DD-9A27-D3AB5E4401CD> /usr/lib/dyld
contention_diagnostic (candidate, 4)	Repeat complete tests under recorded package concurrency	2026-09-07T10:58:57.5438080Z                 0x7ff8185a9000 -     0x7ff8185ac6d8  libsystem_blocks.dylib (96) <17F8CB93-59F9-324C-93ED-A5A03A0A7C58> /usr/lib/system/libsystem_blocks.dylib
contention_diagnostic (candidate, 4)	Repeat complete tests under recorded package concurrency	2026-09-07T10:58:57.5441450Z                 0x7ff8185ad000 -     0x7ff8185f3bd5  libxpc.dylib (2894.140.12.705.2) <FE3548E0-ECF4-389B-86AB-F652E03D96C4> /usr/lib/system/libxpc.dylib
contention_diagnostic (candidate, 4)	Repeat complete tests under recorded package concurrency	2026-09-07T10:58:57.5444890Z                 0x7ff8185f4000 -     0x7ff81860e805  libsystem_trace.dylib (1643.120.5) <C73F4407-D606-3852-8163-B7902B36E488> /usr/lib/system/libsystem_trace.dylib
contention_diagnostic (candidate, 4)	Repeat complete tests under recorded package concurrency	2026-09-07T10:58:57.5449190Z                 0x7ff81860f000 -     0x7ff8186c114f  libcorecrypto.dylib (1736.140.2) <AF781BD3-1290-32A9-B79B-01BD64161522> /usr/lib/system/libcorecrypto.dylib
contention_diagnostic (candidate, 4)	Repeat complete tests under recorded package concurrency	2026-09-07T10:58:57.5453610Z                 0x7ff8186c2000 -     0x7ff81870c89f  libsystem_malloc.dylib (715.140.5) <B26A86B5-A181-367C-89EA-D1ED5545EF77> /usr/lib/system/libsystem_malloc.dylib
contention_diagnostic (candidate, 4)	Repeat complete tests under recorded package concurrency	2026-09-07T10:58:57.5458030Z                 0x7ff81870d000 -     0x7ff818754339  libdispatch.dylib (1521.140.2) <6CA6112A-70C8-39A2-8CFA-DA2139709D3C> /usr/lib/system/libdispatch.dylib
contention_diagnostic (candidate, 4)	Repeat complete tests under recorded package concurrency	2026-09-07T10:58:57.5463970Z                 0x7ff818755000 -     0x7ff818757b0f  libsystem_featureflags.dylib (97) <E0A31BA9-C76D-3218-8B70-5D6B4028082B> /usr/lib/system/libsystem_featureflags.dylib
contention_diagnostic (candidate, 4)	Repeat complete tests under recorded package concurrency	2026-09-07T10:58:57.5468100Z                 0x7ff818758000 -     0x7ff8187e0a07  libsystem_c.dylib (1698.140.3.705.1) <065490DC-BBDB-3311-898D-77232FB7409F> /usr/lib/system/libsystem_c.dylib
contention_diagnostic (candidate, 4)	Repeat complete tests under recorded package concurrency	2026-09-07T10:58:57.5471950Z                 0x7ff8187e1000 -     0x7ff81885ffff  libc++.1.dylib (1900.181) <1BA8415D-93C3-301F-80AA-C2D396C32DD7> /usr/lib/libc++.1.dylib
contention_diagnostic (candidate, 4)	Repeat complete tests under recorded package concurrency	2026-09-07T10:58:57.5475680Z                 0x7ff818860000 -     0x7ff818876fff  libc++abi.dylib (1900.181) <67A06E4F-032A-344F-8F4F-D77A2B8C7EEA> /usr/lib/libc++abi.dylib
contention_diagnostic (candidate, 4)	Repeat complete tests under recorded package concurrency	2026-09-07T10:58:57.5481470Z                 0x7ff818877000 -     0x7ff8188b3b1f  libsystem_kernel.dylib (11417.140.69.711.44) <7E438D0A-AC23-3ADA-BAE3-99FB51F2D898> /usr/lib/system/libsystem_kernel.dylib
contention_diagnostic (candidate, 4)	Repeat complete tests under recorded package concurrency	2026-09-07T10:58:57.5486160Z                 0x7ff8188b4000 -     0x7ff8188bffd7  libsystem_pthread.dylib (536.0.0.702.1) <FA0539B0-B910-38EC-9406-18F7FB96AB75> /usr/lib/system/libsystem_pthread.dylib
contention_diagnostic (candidate, 4)	Repeat complete tests under recorded package concurrency	2026-09-07T10:58:57.5489670Z                 0x7ff8188c0000 -     0x7ff8188ee7c7  libdyld.dylib (1286.10) <066C192E-9A38-39BF-BE6C-9DACF7AEE40E> /usr/lib/system/libdyld.dylib
contention_diagnostic (candidate, 4)	Repeat complete tests under recorded package concurrency	2026-09-07T10:58:57.5492930Z                 0x7ff8188ef000 -     0x7ff8188f893f  libsystem_platform.dylib (349.140.6) <78C9DCC0-2FBA-3BE4-A1DD-DA618362AE68> /usr/lib/system/libsystem_platform.dylib
contention_diagnostic (candidate, 4)	Repeat complete tests under recorded package concurrency	2026-09-07T10:58:57.5496200Z                 0x7ff8188f9000 -     0x7ff818927477  libsystem_info.dylib (597.0.0.701.2) <CD7C41C5-CE28-3129-9B0E-B8D126B2A0C5> /usr/lib/system/libsystem_info.dylib
contention_diagnostic (candidate, 4)	Repeat complete tests under recorded package concurrency	2026-09-07T10:58:57.5500770Z                 0x7ff818928000 -     0x7ff818ddcff2  com.apple.CoreFoundation (6.9 - 3603.1.411) <145F6367-1C9D-32CC-8921-C5E6920B2C17> /System/Library/Frameworks/CoreFoundation.framework/Versions/A/CoreFoundation
contention_diagnostic (candidate, 4)	Repeat complete tests under recorded package concurrency	2026-09-07T10:58:57.5507030Z                 0x7ff818ddd000 -     0x7ff8190d52d4  com.apple.LaunchServices (1141.1 - 1141.1) <B80A2940-EC4D-32B1-9FDA-6E38C20DD256> /System/Library/Frameworks/CoreServices.framework/Versions/A/Frameworks/LaunchServices.framework/Versions/A/LaunchServices
contention_diagnostic (candidate, 4)	Repeat complete tests under recorded package concurrency	2026-09-07T10:58:57.5512750Z                 0x7ff8190d6000 -     0x7ff819264ec4  com.apple.gpusw.MetalTools (1.0 - 1) <70291BBC-76C2-36E5-92AE-2B25DE738F7E> /System/Library/PrivateFrameworks/MetalTools.framework/Versions/A/MetalTools
contention_diagnostic (candidate, 4)	Repeat complete tests under recorded package concurrency	2026-09-07T10:58:57.5518280Z                 0x7ff819265000 -     0x7ff8194caeb7  libBLAS.dylib (1545) <F6B5187B-FD0A-36FB-AF99-D96DE8E76E73> /System/Library/Frameworks/Accelerate.framework/Versions/A/Frameworks/vecLib.framework/Versions/A/libBLAS.dylib
contention_diagnostic (candidate, 4)	Repeat complete tests under recorded package concurrency	2026-09-07T10:58:57.5523400Z                 0x7ff8194cb000 -     0x7ff8195cf17a  com.apple.Lexicon-framework (1.0 - 173.9) <6793DAD3-9D66-30C6-AF93-F76D095D5D58> /System/Library/PrivateFrameworks/Lexicon.framework/Versions/A/Lexicon
contention_diagnostic (candidate, 4)	Repeat complete tests under recorded package concurrency	2026-09-07T10:58:57.5529350Z                 0x7ff8195d0000 -     0x7ff819716d67  libSparse.dylib (127.120.9) <39ED516E-81AA-318B-9DD4-09425F1CF602> /System/Library/Frameworks/Accelerate.framework/Versions/A/Frameworks/vecLib.framework/Versions/A/libSparse.dylib
contention_diagnostic (candidate, 4)	Repeat complete tests under recorded package concurrency	2026-09-07T10:58:57.5535370Z                 0x7ff819717000 -     0x7ff81979d257  com.apple.SystemConfiguration (1.21 - 1.21) <2F7CA61F-BF29-3258-8FE1-B95734C0923F> /System/Library/Frameworks/SystemConfiguration.framework/Versions/A/SystemConfiguration
contention_diagnostic (candidate, 4)	Repeat complete tests under recorded package concurrency	2026-09-07T10:58:57.5539400Z                 0x7ff81979e000 -     0x7ff8197d4087  libCRFSuite.dylib (55) <ADF38D92-83DD-3592-A520-8E46859A7643> /usr/lib/libCRFSuite.dylib
contention_diagnostic (candidate, 4)	Repeat complete tests under recorded package concurrency	2026-09-07T10:58:57.5543790Z                 0x7ff819a8c000 -     0x7ff81a87dbf9  com.apple.Foundation (6.9 - 3603.1.411) <07D88CF9-9FE1-3B15-A80C-820EE7087C89> /System/Library/Frameworks/Foundation.framework/Versions/C/Foundation
contention_diagnostic (candidate, 4)	Repeat complete tests under recorded package concurrency	2026-09-07T10:58:57.5548820Z                 0x7ff81aa30000 -     0x7ff81ab5a8e3  com.apple.CoreDisplay (288 - 288) <B52FFBDE-B5F7-3F53-8D5E-2A822E7EE75E> /System/Library/Frameworks/CoreDisplay.framework/Versions/A/CoreDisplay
contention_diagnostic (candidate, 4)	Repeat complete tests under recorded package concurrency	2026-09-07T10:58:57.5555670Z                 0x7ff81ab5b000 -     0x7ff81af1c621  com.apple.audio.AudioToolboxCore (1.0 - 1456.714) <5B441873-01EE-3A2E-BE7D-A9E7B2E53FB0> /System/Library/PrivateFrameworks/AudioToolboxCore.framework/Versions/A/AudioToolboxCore
contention_diagnostic (candidate, 4)	Repeat complete tests under recorded package concurrency	2026-09-07T10:58:57.5560540Z                 0x7ff81af1d000 -     0x7ff81b15653c  com.apple.CoreText (844.20.0.2 - 844.20.0.2) <B341B4E8-916A-3838-8773-551B188A6582> /System/Library/Frameworks/CoreText.framework/Versions/A/CoreText
contention_diagnostic (candidate, 4)	Repeat complete tests under recorded package concurrency	2026-09-07T10:58:57.5564900Z                 0x7ff81b157000 -     0x7ff81b8969c0  com.apple.audio.CoreAudio (5.0 - 5.0) <98907A8F-43FC-3D69-AB7E-BE41950154D3> /System/Library/Frameworks/CoreAudio.framework/Versions/A/CoreAudio
contention_diagnostic (candidate, 4)	Repeat complete tests under recorded package concurrency	2026-09-07T10:58:57.5569930Z                 0x7ff81b897000 -     0x7ff81bc7460d  com.apple.security (7.0 - 61439.140.12.706.1) <CA0D7A12-2B81-37E4-9E7E-5994EBF88A41> /System/Library/Frameworks/Security.framework/Versions/A/Security
contention_diagnostic (candidate, 4)	Repeat complete tests under recorded package concurrency	2026-09-07T10:58:57.5573600Z                 0x7ff81bc75000 -     0x7ff81bf1dfa7  libicucore.A.dylib (76104.4.200) <E59AFE92-03A3-3273-8EAA-F995D0FCD8B3> /usr/lib/libicucore.A.dylib
contention_diagnostic (candidate, 4)	Repeat complete tests under recorded package concurrency	2026-09-07T10:58:57.5577190Z                 0x7ff81bf1e000 -     0x7ff81bf2871f  libsystem_darwin.dylib (1698.140.3.705.1) <1DD70B86-5C42-3A33-97A0-2722884A5A5D> /usr/lib/system/libsystem_darwin.dylib
contention_diagnostic (candidate, 4)	Repeat complete tests under recorded package concurrency	2026-09-07T10:58:57.5583250Z                 0x7ff81bf29000 -     0x7ff81c2112f1  com.apple.CoreServices.CarbonCore (1333 - 1333) <4225C943-60D1-36A3-8381-E02D2E49CCD6> /System/Library/Frameworks/CoreServices.framework/Versions/A/Frameworks/CarbonCore.framework/Versions/A/CarbonCore
contention_diagnostic (candidate, 4)	Repeat complete tests under recorded package concurrency	2026-09-07T10:58:57.5588590Z                 0x7ff81c212000 -     0x7ff81c253b57  com.apple.CoreServicesInternal (505 - 505) <0F69639F-E374-3A87-A3D0-5D483DC3DB1F> /System/Library/PrivateFrameworks/CoreServicesInternal.framework/Versions/A/CoreServicesInternal
contention_diagnostic (candidate, 4)	Repeat complete tests under recorded package concurrency	2026-09-07T10:58:57.5594320Z                 0x7ff81c254000 -     0x7ff81c294211  com.apple.CSStore (1141.1 - 1141.1) <E07A914E-67F7-3D2C-85D6-C33A708B5FF6> /System/Library/PrivateFrameworks/CoreServicesStore.framework/Versions/A/CoreServicesStore
contention_diagnostic (candidate, 4)	Repeat complete tests under recorded package concurrency	2026-09-07T10:58:57.5599060Z                 0x7ff81c295000 -     0x7ff81c35a14e  com.apple.framework.IOKit (2.0.2 - 100150.120.2.701.1) <456626A8-6D19-36C4-9907-3AD76A09FE8C> /System/Library/Frameworks/IOKit.framework/Versions/A/IOKit
contention_diagnostic (candidate, 4)	Repeat complete tests under recorded package concurrency	2026-09-07T10:58:57.5602890Z                 0x7ff81c35b000 -     0x7ff81c36c0e3  libsystem_notify.dylib (342.0.0.701.1) <8EBF2519-220D-3215-A5F7-0EB92920FCEE> /usr/lib/system/libsystem_notify.dylib
contention_diagnostic (candidate, 4)	Repeat complete tests under recorded package concurrency	2026-09-07T10:58:57.5607720Z                 0x7ff81daf3000 -     0x7ff81db08799  com.apple.UniformTypeIdentifiers (709 - 709) <8B424E8A-651C-3B1B-95F2-3E7643B06C2F> /System/Library/Frameworks/UniformTypeIdentifiers.framework/Versions/A/UniformTypeIdentifiers
contention_diagnostic (candidate, 4)	Repeat complete tests under recorded package concurrency	2026-09-07T10:58:57.5612120Z                 0x7ff81dfdb000 -     0x7ff81e0b4375  libboringssl.dylib (486.140.6) <570F03D1-B061-3D19-8B96-FDE1E718C213> /usr/lib/libboringssl.dylib
contention_diagnostic (candidate, 4)	Repeat complete tests under recorded package concurrency	2026-09-07T10:58:57.5615750Z                 0x7ff81e0b5000 -     0x7ff81e0b53f7  libnetwork.dylib (4277.140.33.703.1) <EDC31C0F-7B47-3768-9CB2-C992ADAD442D> /usr/lib/libnetwork.dylib
contention_diagnostic (candidate, 4)	Repeat complete tests under recorded package concurrency	2026-09-07T10:58:57.5619490Z                 0x7ff81e0b6000 -     0x7ff81e45c472  com.apple.CFNetwork (1.0 - 3826.600.41.1.1) <0D182948-284E-366A-9126-1AB0DE451883> /System/Library/Frameworks/CFNetwork.framework/Versions/A/CFNetwork
contention_diagnostic (candidate, 4)	Repeat complete tests under recorded package concurrency	2026-09-07T10:58:57.5623750Z                 0x7ff81e45d000 -     0x7ff81e47636f  libsystem_networkextension.dylib (2063.140.6) <C4D49367-9833-30AD-95FF-C6F28811A6EA> /usr/lib/system/libsystem_networkextension.dylib
contention_diagnostic (candidate, 4)	Repeat complete tests under recorded package concurrency	2026-09-07T10:58:57.5627740Z                 0x7ff81e477000 -     0x7ff81e477edb  libenergytrace.dylib (23) <412EF62C-5E1D-36E9-BA48-402F88990F13> /usr/lib/libenergytrace.dylib
contention_diagnostic (candidate, 4)	Repeat complete tests under recorded package concurrency	2026-09-07T10:58:57.5631540Z                 0x7ff81e478000 -     0x7ff81e4ecfba  libMobileGestalt.dylib (1414.140.6) <7FCBF8AF-8B5A-33F8-A605-C8C13D4CE0CD> /usr/lib/libMobileGestalt.dylib
contention_diagnostic (candidate, 4)	Repeat complete tests under recorded package concurrency	2026-09-07T10:58:57.5635450Z                 0x7ff81e4ed000 -     0x7ff81e50413b  libsystem_asl.dylib (402) <C9CEFBC7-AB24-3D71-8CC3-4F6C103ACD63> /usr/lib/system/libsystem_asl.dylib
contention_diagnostic (candidate, 4)	Repeat complete tests under recorded package concurrency	2026-09-07T10:58:57.5640820Z                 0x7ff81e505000 -     0x7ff81e5242eb  com.apple.TCC (1.0 - 1) <614CA97A-5CA7-3967-B8DE-BF6C34A4E225> /System/Library/PrivateFrameworks/TCC.framework/Versions/A/TCC
contention_diagnostic (candidate, 4)	Repeat complete tests under recorded package concurrency	2026-09-07T10:58:57.5646360Z                 0x7ff81e525000 -     0x7ff81e9f2bff  com.apple.SkyLight (1.600.0 - 891.9) <219FEAB2-E380-3F60-8254-35E3C0D85C10> /System/Library/PrivateFrameworks/SkyLight.framework/Versions/A/SkyLight
contention_diagnostic (candidate, 4)	Repeat complete tests under recorded package concurrency	2026-09-07T10:58:57.5652510Z                 0x7ff81e9f3000 -     0x7ff81f2e5efd  com.apple.CoreGraphics (2.0 - 1889.7.2) <7422E329-C348-3488-AA35-57EC8D59A1F3> /System/Library/Frameworks/CoreGraphics.framework/Versions/A/CoreGraphics
contention_diagnostic (candidate, 4)	Repeat complete tests under recorded package concurrency	2026-09-07T10:58:57.5657450Z                 0x7ff81f2e6000 -     0x7ff81f49a4c7  com.apple.ColorSync (4.13.0 - 3777.4.1) <B2731760-F3D9-3C6A-A764-10B85304F725> /System/Library/Frameworks/ColorSync.framework/Versions/A/ColorSync
contention_diagnostic (candidate, 4)	Repeat complete tests under recorded package concurrency	2026-09-07T10:58:57.5661770Z                 0x7ff81f94e000 -     0x7ff81fe5e27f  com.apple.CoreData (120 - 1448.1) <F1D84941-C855-3669-8CF2-1BC042798264> /System/Library/Frameworks/CoreData.framework/Versions/A/CoreData
contention_diagnostic (candidate, 4)	Repeat complete tests under recorded package concurrency	2026-09-07T10:58:57.5667520Z                 0x7ff81fe5f000 -     0x7ff81fe784ad  com.apple.ProtocolBuffer (1 - 303.26.4.18.3) <F1E03046-9BEC-3CB1-8F99-9A9DD6D02711> /System/Library/PrivateFrameworks/ProtocolBuffer.framework/Versions/A/ProtocolBuffer
contention_diagnostic (candidate, 4)	Repeat complete tests under recorded package concurrency	2026-09-07T10:58:57.5672090Z                 0x7ff81fe79000 -     0x7ff82003913f  libsqlite3.dylib (360.4) <B8519DA4-90C8-3CA5-A608-4D7F23AD91ED> /usr/lib/libsqlite3.dylib
contention_diagnostic (candidate, 4)	Repeat complete tests under recorded package concurrency	2026-09-07T10:58:57.5676450Z                 0x7ff8200d5000 -     0x7ff8201b7f90  com.apple.BaseBoard (694.5.5 - 694.5.5) <76A85985-2351-3CE1-9143-764B5349A477> /System/Library/PrivateFrameworks/BaseBoard.framework/Versions/A/BaseBoard
contention_diagnostic (candidate, 4)	Repeat complete tests under recorded package concurrency	2026-09-07T10:58:57.5681700Z                 0x7ff8201b8000 -     0x7ff82021c837  com.apple.RunningBoardServices (1.0 - 961.100.17) <E2AAC51C-59CD-3E9A-918F-D279CD38A2D7> /System/Library/PrivateFrameworks/RunningBoardServices.framework/Versions/A/RunningBoardServices
contention_diagnostic (candidate, 4)	Repeat complete tests under recorded package concurrency	2026-09-07T10:58:57.5686300Z                 0x7ff82021d000 -     0x7ff82028d7ef  com.apple.AE (944 - 944) <BB6FFE2F-DDA6-34BB-B073-904082A13F34> /System/Library/Frameworks/CoreServices.framework/Versions/A/Frameworks/AE.framework/Versions/A/AE
contention_diagnostic (candidate, 4)	Repeat complete tests under recorded package concurrency	2026-09-07T10:58:57.5689850Z                 0x7ff82028e000 -     0x7ff82029da2b  libdns_services.dylib (2600.140.3.703.3) <94276D46-EB27-379B-9576-C2C9784BDC32> /usr/lib/libdns_services.dylib
contention_diagnostic (candidate, 4)	Repeat complete tests under recorded package concurrency	2026-09-07T10:58:57.5693280Z                 0x7ff82029e000 -     0x7ff8202a5c57  libsystem_symptoms.dylib (2022.140.4.701.1) <3CB7C3EB-99F6-362F-8326-86C4D3CDFE34> /usr/lib/system/libsystem_symptoms.dylib
contention_diagnostic (candidate, 4)	Repeat complete tests under recorded package concurrency	2026-09-07T10:58:57.5697020Z                 0x7ff8202a6000 -     0x7ff8213c8593  com.apple.Network (1.0 - 4277.140.33.703.1) <379AA4B9-3E4E-35B4-92E2-B67A86AE54EE> /System/Library/Frameworks/Network.framework/Versions/A/Network
contention_diagnostic (candidate, 4)	Repeat complete tests under recorded package concurrency	2026-09-07T10:58:57.5700990Z                 0x7ff8213c9000 -     0x7ff8213f6d94  com.apple.analyticsd (1.0 - 1) <F5AAE0B4-23A7-373F-BC0D-D4C45B8184C7> /System/Library/PrivateFrameworks/CoreAnalytics.framework/Versions/A/CoreAnalytics
contention_diagnostic (candidate, 4)	Repeat complete tests under recorded package concurrency	2026-09-07T10:58:57.5704960Z                 0x7ff8213f7000 -     0x7ff8213f86b3  libDiagnosticMessagesClient.dylib (113) <A9D8FA60-6E79-3AF0-9E21-42A9CEBDE22D> /usr/lib/libDiagnosticMessagesClient.dylib
contention_diagnostic (candidate, 4)	Repeat complete tests under recorded package concurrency	2026-09-07T10:58:57.5709950Z                 0x7ff8213f9000 -     0x7ff821455bde  com.apple.spotlight.metadata.utilities (1.0 - 2333.57.1.10) <201B56F0-1485-3DC9-A679-A80DBEED1FBA> /System/Library/PrivateFrameworks/MetadataUtilities.framework/Versions/A/MetadataUtilities
contention_diagnostic (candidate, 4)	Repeat complete tests under recorded package concurrency	2026-09-07T10:58:57.5715680Z                 0x7ff821456000 -     0x7ff8214dd61a  com.apple.Metadata (15.7 - 2333.57.1.10) <4C26CD17-29C4-3827-8777-1598ACE88207> /System/Library/Frameworks/CoreServices.framework/Versions/A/Frameworks/Metadata.framework/Versions/A/Metadata
contention_diagnostic (candidate, 4)	Repeat complete tests under recorded package concurrency	2026-09-07T10:58:57.5722060Z                 0x7ff8214de000 -     0x7ff8214e5db7  com.apple.DiskArbitration (2.7 - 2.7) <B78E3969-E6E6-37A3-B0C6-F03E05087858> /System/Library/Frameworks/DiskArbitration.framework/Versions/A/DiskArbitration
contention_diagnostic (candidate, 4)	Repeat complete tests under recorded package concurrency	2026-09-07T10:58:57.5728040Z                 0x7ff8214e6000 -     0x7ff821bae37f  com.apple.vImage (8.1 - 611.140.2) <815BB065-6A51-39B7-97D2-DA16E2CEEF2D> /System/Library/Frameworks/Accelerate.framework/Versions/A/Frameworks/vImage.framework/Versions/A/vImage
contention_diagnostic (candidate, 4)	Repeat complete tests under recorded package concurrency	2026-09-07T10:58:57.5732850Z                 0x7ff821baf000 -     0x7ff821f5c11d  com.apple.QuartzCore (1.11 - 1156.18.1) <2E431591-D52C-37FC-8FB8-049CDC01C2D7> /System/Library/Frameworks/QuartzCore.framework/Versions/A/QuartzCore
contention_diagnostic (candidate, 4)	Repeat complete tests under recorded package concurrency	2026-09-07T10:58:57.5737980Z                 0x7ff821f5d000 -     0x7ff821fa8b30  libFontRegistry.dylib (391.20.0.3) <AFF4DC10-A9CF-3F06-AD0F-889D156C6816> /System/Library/Frameworks/ApplicationServices.framework/Versions/A/Frameworks/ATS.framework/Versions/A/Resources/libFontRegistry.dylib
contention_diagnostic (candidate, 4)	Repeat complete tests under recorded package concurrency	2026-09-07T10:58:57.5742680Z                 0x7ff822240000 -     0x7ff82224be70  com.apple.OpenDirectory (15.7 - 643) <0FC812D3-275F-3462-803E-BE4964074C5C> /System/Library/Frameworks/OpenDirectory.framework/Versions/A/OpenDirectory
contention_diagnostic (candidate, 4)	Repeat complete tests under recorded package concurrency	2026-09-07T10:58:57.5747830Z                 0x7ff82224c000 -     0x7ff8222676f7  com.apple.CFOpenDirectory (15.7 - 643) <BC0AB875-01BA-3E67-A58C-6AAB80119A37> /System/Library/Frameworks/OpenDirectory.framework/Versions/A/Frameworks/CFOpenDirectory.framework/Versions/A/CFOpenDirectory
contention_diagnostic (candidate, 4)	Repeat complete tests under recorded package concurrency	2026-09-07T10:58:57.5754290Z                 0x7ff822268000 -     0x7ff82227542f  com.apple.CoreServices.FSEvents (1400.100.1 - 1400.100.1) <68F37429-E658-32ED-A1D2-297C8B3B8A7D> /System/Library/Frameworks/CoreServices.framework/Versions/A/Frameworks/FSEvents.framework/Versions/A/FSEvents
contention_diagnostic (candidate, 4)	Repeat complete tests under recorded package concurrency	2026-09-07T10:58:57.5761020Z                 0x7ff822276000 -     0x7ff82229d2e9  com.apple.coreservices.SharedFileList (225 - 225) <4BA03957-3978-36CE-804E-5C281BF8249D> /System/Library/Frameworks/CoreServices.framework/Versions/A/Frameworks/SharedFileList.framework/Versions/A/SharedFileList
contention_diagnostic (candidate, 4)	Repeat complete tests under recorded package concurrency	2026-09-07T10:58:57.5766820Z                 0x7ff82229e000 -     0x7ff8222a0c87  libapp_launch_measurement.dylib (17) <CD893B70-3D68-37A8-8BBC-CD4951FEE4BB> /usr/lib/libapp_launch_measurement.dylib
contention_diagnostic (candidate, 4)	Repeat complete tests under recorded package concurrency	2026-09-07T10:58:57.5771720Z                 0x7ff8222a1000 -     0x7ff8222ea1ff  com.apple.CoreAutoLayout (1.0 - 33) <E181D984-60D7-383F-8880-73E03A8015BB> /System/Library/PrivateFrameworks/CoreAutoLayout.framework/Versions/A/CoreAutoLayout
contention_diagnostic (candidate, 4)	Repeat complete tests under recorded package concurrency	2026-09-07T10:58:57.5775180Z                 0x7ff8222eb000 -     0x7ff8223cd45f  libxml2.2.dylib (38.19) <27CEE8A8-6DC6-30E0-859B-B360B09D2C2F> /usr/lib/libxml2.2.dylib
contention_diagnostic (candidate, 4)	Repeat complete tests under recorded package concurrency	2026-09-07T10:58:57.5778800Z                 0x7ff8223ce000 -     0x7ff822421c73  com.apple.CoreVideo (1.8 - 0.0) <7D5B9489-3FE2-32CB-B0D6-F06BE1DC99F9> /System/Library/Frameworks/CoreVideo.framework/Versions/A/CoreVideo
contention_diagnostic (candidate, 4)	Repeat complete tests under recorded package concurrency	2026-09-07T10:58:57.5784500Z                 0x7ff822422000 -     0x7ff8224249df  com.apple.loginsupport (3.0 - 259.5.1.100) <F70FF070-72B3-3E28-90AB-1DEF753BA7E2> /System/Library/PrivateFrameworks/login.framework/Versions/A/Frameworks/loginsupport.framework/Versions/A/loginsupport
contention_diagnostic (candidate, 4)	Repeat complete tests under recorded package concurrency	2026-09-07T10:58:57.5790920Z                 0x7ff822460000 -     0x7ff82248741d  com.apple.UserManagement (1.0 - 1) <D045739E-F963-3C57-8D98-50CF17B7DAC7> /System/Library/PrivateFrameworks/UserManagement.framework/Versions/A/UserManagement
contention_diagnostic (candidate, 4)	Repeat complete tests under recorded package concurrency	2026-09-07T10:58:57.5796280Z                 0x7ff823cd9000 -     0x7ff823d07a33  libsystem_containermanager.dylib (689.100.6.701.1) <E8FA162C-7ACF-3771-984C-F187A7EF2848> /usr/lib/system/libsystem_containermanager.dylib
contention_diagnostic (candidate, 4)	Repeat complete tests under recorded package concurrency	2026-09-07T10:58:57.5801200Z                 0x7ff823d08000 -     0x7ff823d1f036  com.apple.IOSurface (372.5.2 - 372.5.2) <C291D86F-7F66-3C68-A983-C6E9B6D598E2> /System/Library/Frameworks/IOSurface.framework/Versions/A/IOSurface
contention_diagnostic (candidate, 4)	Repeat complete tests under recorded package concurrency	2026-09-07T10:58:57.5805940Z                 0x7ff823d20000 -     0x7ff823d28cdf  com.apple.IOAccelerator (485 - 485) <90816523-D2D5-3692-BC62-15D64285ABA6> /System/Library/PrivateFrameworks/IOAccelerator.framework/Versions/A/IOAccelerator
contention_diagnostic (candidate, 4)	Repeat complete tests under recorded package concurrency	2026-09-07T10:58:57.5811000Z                 0x7ff823d29000 -     0x7ff823fabc3c  com.apple.Metal (368.53 - 368.53) <AD660F07-B96D-3C9A-80CE-097A5D91A474> /System/Library/Frameworks/Metal.framework/Versions/A/Metal
contention_diagnostic (candidate, 4)	Repeat complete tests under recorded package concurrency	2026-09-07T10:58:57.5815230Z                 0x7ff823fac000 -     0x7ff823fcfd07  com.apple.audio.caulk (1.0 - 181.700) <A84CC72A-FE0A-3724-A65B-C5B03E47741B> /System/Library/PrivateFrameworks/caulk.framework/Versions/A/caulk
contention_diagnostic (candidate, 4)	Repeat complete tests under recorded package concurrency	2026-09-07T10:58:57.5819490Z                 0x7ff823fd0000 -     0x7ff8241237fc  com.apple.CoreMedia (1.0 - 3235.14.105.6) <810816A9-E8A0-33CD-B4CA-366092A8F12B> /System/Library/Frameworks/CoreMedia.framework/Versions/A/CoreMedia
contention_diagnostic (candidate, 4)	Repeat complete tests under recorded package concurrency	2026-09-07T10:58:57.5824010Z                 0x7ff824124000 -     0x7ff8243ea04f  libFontParser.dylib (423.20.0.2) <EFFFE7F0-CFA9-37FD-8987-D8210A14EA26> /System/Library/PrivateFrameworks/FontServices.framework/libFontParser.dylib
contention_diagnostic (candidate, 4)	Repeat complete tests under recorded package concurrency	2026-09-07T10:58:57.5828920Z                 0x7ff82471d000 -     0x7ff824ab69c6  com.apple.ImageIO (3.3.0 - GlowSecurityCheerg) <6BDC5BE5-FB81-3A8A-93BA-A1A1124AF123> /System/Library/Frameworks/ImageIO.framework/Versions/A/ImageIO
contention_diagnostic (candidate, 4)	Repeat complete tests under recorded package concurrency	2026-09-07T10:58:57.5833500Z                 0x7ff824ab7000 -     0x7ff824ece52c  com.apple.CoreImage (19.0.0 - 1510.140.2) <5F51662F-6F4A-3839-B40D-03B522B74296> /System/Library/Frameworks/CoreImage.framework/Versions/A/CoreImage
contention_diagnostic (candidate, 4)	Repeat complete tests under recorded package concurrency	2026-09-07T10:58:57.5838800Z                 0x7ff824ecf000 -     0x7ff824f893d2  com.apple.MetalPerformanceShaders.MPSCore (1.0 - 1) <10A466A0-40C5-3821-A5D0-F538A685301B> /System/Library/Frameworks/MetalPerformanceShaders.framework/Versions/A/Frameworks/MPSCore.framework/Versions/A/MPSCore
contention_diagnostic (candidate, 4)	Repeat complete tests under recorded package concurrency	2026-09-07T10:58:57.5844120Z                 0x7ff824f8a000 -     0x7ff824f8d8df  libsystem_configuration.dylib (1351.140.5.701.1) <089D8E94-8380-3301-8CA3-D353E2665EA6> /usr/lib/system/libsystem_configuration.dylib
contention_diagnostic (candidate, 4)	Repeat complete tests under recorded package concurrency	2026-09-07T10:58:57.5848670Z                 0x7ff824f8e000 -     0x7ff824f94887  libsystem_sandbox.dylib (2401.140.15.704.1) <15B816AF-6998-33AF-925D-682CFC45B539> /usr/lib/system/libsystem_sandbox.dylib
contention_diagnostic (candidate, 4)	Repeat complete tests under recorded package concurrency	2026-09-07T10:58:57.5852980Z                 0x7ff824f95000 -     0x7ff824f95e88  com.apple.AggregateDictionary (1.0 - 1) <C4537134-5532-36D5-A66E-AEF4EF65B48D> /System/Library/PrivateFrameworks/AggregateDictionary.framework/Versions/A/AggregateDictionary
contention_diagnostic (candidate, 4)	Repeat complete tests under recorded package concurrency	2026-09-07T10:58:57.5858830Z                 0x7ff824f96000 -     0x7ff824f9a393  com.apple.AppleSystemInfo (3.1.5 - 3.1.5) <DC3E3293-1FBC-39A4-834E-B5F6711C854F> /System/Library/PrivateFrameworks/AppleSystemInfo.framework/Versions/A/AppleSystemInfo
contention_diagnostic (candidate, 4)	Repeat complete tests under recorded package concurrency	2026-09-07T10:58:57.5863520Z                 0x7ff824f9b000 -     0x7ff824f9c1cb  liblangid.dylib (140) <AD0F42B2-0BB3-3BC4-AC8E-3796D82C9D8D> /usr/lib/liblangid.dylib
contention_diagnostic (candidate, 4)	Repeat complete tests under recorded package concurrency	2026-09-07T10:58:57.5868500Z                 0x7ff824f9d000 -     0x7ff8250aadf1  com.apple.CoreNLP (1.0 - 313) <93BB07D1-5F92-317B-BE43-11DB12DC06F5> /System/Library/PrivateFrameworks/CoreNLP.framework/Versions/A/CoreNLP
contention_diagnostic (candidate, 4)	Repeat complete tests under recorded package concurrency	2026-09-07T10:58:57.5874410Z                 0x7ff8250ab000 -     0x7ff8250b0d1e  com.apple.LinguisticData (1.0 - 483.10) <E67B566B-3691-3002-9D81-B79FFAAE95A3> /System/Library/PrivateFrameworks/LinguisticData.framework/Versions/A/LinguisticData
contention_diagnostic (candidate, 4)	Repeat complete tests under recorded package concurrency	2026-09-07T10:58:57.5880240Z                 0x7ff8250b1000 -     0x7ff825bd2167  libBNNS.dylib (1497.120.5) <12936F97-7E22-316E-B88D-7AEA1108CF6F> /System/Library/Frameworks/Accelerate.framework/Versions/A/Frameworks/vecLib.framework/Versions/A/libBNNS.dylib
contention_diagnostic (candidate, 4)	Repeat complete tests under recorded package concurrency	2026-09-07T10:58:57.5885150Z                 0x7ff825bd3000 -     0x7ff825d9ec87  libvDSP.dylib (1068.100.12) <717A2DC6-12CD-3C4B-A6A9-E8D739E925DD> /System/Library/Frameworks/Accelerate.framework/Versions/A/Frameworks/vecLib.framework/Versions/A/libvDSP.dylib
contention_diagnostic (candidate, 4)	Repeat complete tests under recorded package concurrency	2026-09-07T10:58:57.5891230Z                 0x7ff825dd1000 -     0x7ff825de0c4f  com.apple.IOMobileFramebuffer (343.0.0 - 343.0.0) <D3C761C1-F053-3451-9945-074A238532B7> /System/Library/PrivateFrameworks/IOMobileFramebuffer.framework/Versions/A/IOMobileFramebuffer
contention_diagnostic (candidate, 4)	Repeat complete tests under recorded package concurrency	2026-09-07T10:58:57.5895650Z                 0x7ff825fd7000 -     0x7ff825ff1b3b  com.apple.MobileKeyBag (2.0 - 1.0) <898D048D-9C23-33FA-81D3-56DCFF091A6C> /System/Library/PrivateFrameworks/MobileKeyBag.framework/Versions/A/MobileKeyBag
contention_diagnostic (candidate, 4)	Repeat complete tests under recorded package concurrency	2026-09-07T10:58:57.5900970Z                 0x7ff825ff2000 -     0x7ff825ffedd3  com.apple.AssertionServices (1.0 - 961.100.17) <15ECABC6-B79B-3761-B36C-C1A603C13C27> /System/Library/PrivateFrameworks/AssertionServices.framework/Versions/A/AssertionServices
contention_diagnostic (candidate, 4)	Repeat complete tests under recorded package concurrency	2026-09-07T10:58:57.5905530Z                 0x7ff825fff000 -     0x7ff826088fcc  com.apple.securityfoundation (6.0 - 55290) <0E7E0378-7CF7-3012-8FA0-B815B5997D90> /System/Library/Frameworks/SecurityFoundation.framework/Versions/A/SecurityFoundation
contention_diagnostic (candidate, 4)	Repeat complete tests under recorded package concurrency	2026-09-07T10:58:57.5910970Z                 0x7ff826089000 -     0x7ff8260b511b  com.apple.coreservices.BackgroundTaskManagement (1.0 - 104) <25E6CE9B-1445-3568-8B41-C554BD1C5D3A> /System/Library/PrivateFrameworks/BackgroundTaskManagement.framework/Versions/A/BackgroundTaskManagement
contention_diagnostic (candidate, 4)	Repeat complete tests under recorded package concurrency	2026-09-07T10:58:57.5914950Z                 0x7ff8260c0000 -     0x7ff8260c2bfb  libquarantine.dylib (181.120.2.700.1) <84F783CB-DFFA-391C-B97A-AE7D8F5C2E17> /usr/lib/system/libquarantine.dylib
contention_diagnostic (candidate, 4)	Repeat complete tests under recorded package concurrency	2026-09-07T10:58:57.5917800Z                 0x7ff8260c3000 -     0x7ff8260ccc87  libCheckFix.dylib (33) <75372FE1-5C2C-3E96-8656-42D9B2FD0DB1> /usr/lib/libCheckFix.dylib
contention_diagnostic (candidate, 4)	Repeat complete tests under recorded package concurrency	2026-09-07T10:58:57.5920500Z                 0x7ff8260cd000 -     0x7ff8260e4acf  libcoretls.dylib (186) <EE0B5BAB-BFAF-34AC-9725-73147C68CCA2> /usr/lib/libcoretls.dylib
contention_diagnostic (candidate, 4)	Repeat complete tests under recorded package concurrency	2026-09-07T10:58:57.5923140Z                 0x7ff8260e5000 -     0x7ff8260f489f  libbsm.0.dylib (89) <8B280E84-AC15-3625-A43D-30FD7FDC35FD> /usr/lib/libbsm.0.dylib
contention_diagnostic (candidate, 4)	Repeat complete tests under recorded package concurrency	2026-09-07T10:58:57.5926690Z                 0x7ff8260f5000 -     0x7ff82614ffff  libmecab.dylib (1093.502) <ADF81706-B303-30BB-973F-F770D2390A6E> /usr/lib/libmecab.dylib
contention_diagnostic (candidate, 4)	Repeat complete tests under recorded package concurrency	2026-09-07T10:58:57.5931910Z                 0x7ff826150000 -     0x7ff826152637  libgermantok.dylib (31) <92037D73-B90E-3713-AC55-23AA87B516D5> /usr/lib/libgermantok.dylib
contention_diagnostic (candidate, 4)	Repeat complete tests under recorded package concurrency	2026-09-07T10:58:57.5936580Z                 0x7ff826153000 -     0x7ff826168b8e  libLinearAlgebra.dylib (1545) <29634AFF-FA57-3A70-A0C5-0879483CDA54> /System/Library/Frameworks/Accelerate.framework/Versions/A/Frameworks/vecLib.framework/Versions/A/libLinearAlgebra.dylib
contention_diagnostic (candidate, 4)	Repeat complete tests under recorded package concurrency	2026-09-07T10:58:57.5942400Z                 0x7ff826169000 -     0x7ff82647ee9a  com.apple.MetalPerformanceShaders.MPSNeuralNetwork (1.0 - 1) <FDDFE791-05FC-32D0-AB68-7E71E67C04D0> /System/Library/Frameworks/MetalPerformanceShaders.framework/Versions/A/Frameworks/MPSNeuralNetwork.framework/Versions/A/MPSNeuralNetwork
contention_diagnostic (candidate, 4)	Repeat complete tests under recorded package concurrency	2026-09-07T10:58:57.5949060Z                 0x7ff82647f000 -     0x7ff8264e1755  com.apple.MetalPerformanceShaders.MPSRayIntersector (1.0 - 1) <E48EBA1E-F142-3D87-B117-C830CED19A4C> /System/Library/Frameworks/MetalPerformanceShaders.framework/Versions/A/Frameworks/MPSRayIntersector.framework/Versions/A/MPSRayIntersector
contention_diagnostic (candidate, 4)	Repeat complete tests under recorded package concurrency	2026-09-07T10:58:57.5957850Z                 0x7ff8266c9000 -     0x7ff826707607  com.apple.MetalPerformanceShaders.MPSMatrix (1.0 - 1) <ED86B85F-E0C6-3903-AFEF-69999A2F8801> /System/Library/Frameworks/MetalPerformanceShaders.framework/Versions/A/Frameworks/MPSMatrix.framework/Versions/A/MPSMatrix
contention_diagnostic (candidate, 4)	Repeat complete tests under recorded package concurrency	2026-09-07T10:58:57.5965850Z                 0x7ff826708000 -     0x7ff8268963b9  com.apple.MetalPerformanceShaders.MPSNDArray (1.0 - 1) <9F26F8F9-D939-3B47-99BF-2A0CCE51AB6B> /System/Library/Frameworks/MetalPerformanceShaders.framework/Versions/A/Frameworks/MPSNDArray.framework/Versions/A/MPSNDArray
contention_diagnostic (candidate, 4)	Repeat complete tests under recorded package concurrency	2026-09-07T10:58:57.5974210Z                 0x7ff826897000 -     0x7ff82693b88a  com.apple.MetalPerformanceShaders.MPSImage (1.0 - 1) <24E83A8B-DFD5-3B66-AD0D-7C2CA53A6281> /System/Library/Frameworks/MetalPerformanceShaders.framework/Versions/A/Frameworks/MPSImage.framework/Versions/A/MPSImage
contention_diagnostic (candidate, 4)	Repeat complete tests under recorded package concurrency	2026-09-07T10:58:57.5982230Z                 0x7ff82693c000 -     0x7ff82694691f  com.apple.AppleFSCompression (170 - 1.0) <E1C8CABE-C4BD-3195-B4C2-884B2E34FDAF> /System/Library/PrivateFrameworks/AppleFSCompression.framework/Versions/A/AppleFSCompression
contention_diagnostic (candidate, 4)	Repeat complete tests under recorded package concurrency	2026-09-07T10:58:57.5987250Z                 0x7ff826947000 -     0x7ff82695531f  libbz2.1.0.dylib (46) <ECA1BA98-3CD5-3051-9127-0EDD5C6CE88D> /usr/lib/libbz2.1.0.dylib
contention_diagnostic (candidate, 4)	Repeat complete tests under recorded package concurrency	2026-09-07T10:58:57.5991680Z                 0x7ff826956000 -     0x7ff82695c97f  libsystem_coreservices.dylib (178.6.9) <04CA181A-0317-32C7-ADC7-72616E435EFB> /usr/lib/system/libsystem_coreservices.dylib
contention_diagnostic (candidate, 4)	Repeat complete tests under recorded package concurrency	2026-09-07T10:58:57.5996340Z                 0x7ff82695d000 -     0x7ff8269890bb  com.apple.CoreServices.OSServices (1141.1 - 1141.1) <DB80F8D7-387F-3782-9628-A8F4D8BAD465> /System/Library/Frameworks/CoreServices.framework/Versions/A/Frameworks/OSServices.framework/Versions/A/OSServices
contention_diagnostic (candidate, 4)	Repeat complete tests under recorded package concurrency	2026-09-07T10:58:57.5999850Z                 0x7ff826d0d000 -     0x7ff826d20dab  libz.1.dylib (98.0.0.700.1) <A1193CB3-6445-3CCC-A4BA-CBC6AA01FD94> /usr/lib/libz.1.dylib
contention_diagnostic (candidate, 4)	Repeat complete tests under recorded package concurrency	2026-09-07T10:58:57.6002710Z                 0x7ff826d21000 -     0x7ff826d8e43f  libsystem_m.dylib (3291.100.4) <D8DB5677-D67F-3CD6-B0AB-71CA39BDAA0A> /usr/lib/system/libsystem_m.dylib
contention_diagnostic (candidate, 4)	Repeat complete tests under recorded package concurrency	2026-09-07T10:58:57.6005700Z                 0x7ff826d8f000 -     0x7ff826d8fb9b  libcharset.1.dylib (109.100.2.701.1) <EDDECB16-D73D-3C5D-AEB1-820E2AAD9D32> /usr/lib/libcharset.1.dylib
contention_diagnostic (candidate, 4)	Repeat complete tests under recorded package concurrency	2026-09-07T10:58:57.6008500Z                 0x7ff826d90000 -     0x7ff826d935c7  libmacho.dylib (1024.3) <DC79A644-E79E-3F74-AF02-E4EC6970ECA3> /usr/lib/system/libmacho.dylib
contention_diagnostic (candidate, 4)	Repeat complete tests under recorded package concurrency	2026-09-07T10:58:57.6011390Z                 0x7ff826d94000 -     0x7ff826daa413  libkxld.dylib (11417.140.69.711.44) <6110717F-9C8B-39C7-9203-B6083F1A197E> /usr/lib/system/libkxld.dylib
contention_diagnostic (candidate, 4)	Repeat complete tests under recorded package concurrency	2026-09-07T10:58:57.6014440Z                 0x7ff826dab000 -     0x7ff826db733f  libcommonCrypto.dylib (600035) <4DC97572-8957-3E35-91D6-B871A2D97B18> /usr/lib/system/libcommonCrypto.dylib
contention_diagnostic (candidate, 4)	Repeat complete tests under recorded package concurrency	2026-09-07T10:58:57.6017350Z                 0x7ff826db8000 -     0x7ff826dc06ef  libunwind.dylib (1900.125) <BC907228-2952-3EE1-98FA-55191C0B9DA7> /usr/lib/system/libunwind.dylib
contention_diagnostic (candidate, 4)	Repeat complete tests under recorded package concurrency	2026-09-07T10:58:57.6020430Z                 0x7ff826dc1000 -     0x7ff826dc8707  liboah.dylib (349) <A2D5AB2A-02FB-3E33-8433-D16A5CF209CA> /usr/lib/liboah.dylib
contention_diagnostic (candidate, 4)	Repeat complete tests under recorded package concurrency	2026-09-07T10:58:57.6023350Z                 0x7ff826dc9000 -     0x7ff826dd485f  libcopyfile.dylib (224.0.0.700.1) <669DA8DA-8327-3D3D-9A86-08C535D01426> /usr/lib/system/libcopyfile.dylib
contention_diagnostic (candidate, 4)	Repeat complete tests under recorded package concurrency	2026-09-07T10:58:57.6026390Z                 0x7ff826dd5000 -     0x7ff826ddc9cf  libcompiler_rt.dylib (103.3) <D2ED00EF-50D8-3C85-9F87-657F2F40C72E> /usr/lib/system/libcompiler_rt.dylib
contention_diagnostic (candidate, 4)	Repeat complete tests under recorded package concurrency	2026-09-07T10:58:57.6029740Z                 0x7ff826ddd000 -     0x7ff826de176b  libsystem_collections.dylib (1698.140.3.705.1) <9C755C4F-349F-3B47-BC89-83132FA54C77> /usr/lib/system/libsystem_collections.dylib
contention_diagnostic (candidate, 4)	Repeat complete tests under recorded package concurrency	2026-09-07T10:58:57.6033080Z                 0x7ff826de2000 -     0x7ff826de4ef7  libsystem_secinit.dylib (153.140.2) <44080C2A-259C-3E2E-B260-BBFAA381A9CB> /usr/lib/system/libsystem_secinit.dylib
contention_diagnostic (candidate, 4)	Repeat complete tests under recorded package concurrency	2026-09-07T10:58:57.6036370Z                 0x7ff826de5000 -     0x7ff826de7727  libremovefile.dylib (81) <B97DBF02-2EA5-36FC-8891-424EC4D8BA67> /usr/lib/system/libremovefile.dylib
contention_diagnostic (candidate, 4)	Repeat complete tests under recorded package concurrency	2026-09-07T10:58:57.6039250Z                 0x7ff826de8000 -     0x7ff826de8b47  libkeymgr.dylib (31) <D324A0E6-D224-35C7-87CD-D5DAF27170D5> /usr/lib/system/libkeymgr.dylib
contention_diagnostic (candidate, 4)	Repeat complete tests under recorded package concurrency	2026-09-07T10:58:57.6042630Z                 0x7ff826de9000 -     0x7ff826df155f  libsystem_dnssd.dylib (2600.140.3.703.3) <CD688EE0-40FC-3C23-B8CA-2D0224B44C77> /usr/lib/system/libsystem_dnssd.dylib
contention_diagnostic (candidate, 4)	Repeat complete tests under recorded package concurrency	2026-09-07T10:58:57.6045490Z                 0x7ff826df2000 -     0x7ff826df7003  libcache.dylib (95) <AD3F4A9E-4CF4-33CC-9D6B-093E3B4BAC01> /usr/lib/system/libcache.dylib
contention_diagnostic (candidate, 4)	Repeat complete tests under recorded package concurrency	2026-09-07T10:58:57.6048400Z                 0x7ff826df8000 -     0x7ff826df9a8b  libSystem.B.dylib (1351) <1317B5A4-98B3-31DD-8261-3C2AF7AEC2C2> /usr/lib/libSystem.B.dylib
contention_diagnostic (candidate, 4)	Repeat complete tests under recorded package concurrency	2026-09-07T10:58:57.6051750Z                 0x7ff826dfa000 -     0x7ff826dfc1bb  libfakelink.dylib (5) <4E2C34AA-1E56-38B3-AFD9-DCEEB4EABB9A> /usr/lib/libfakelink.dylib
contention_diagnostic (candidate, 4)	Repeat complete tests under recorded package concurrency	2026-09-07T10:58:57.6055420Z                 0x7ff826dfd000 -     0x7ff826dfd933  com.apple.SoftLinking (1.0 - 65) <F2213277-70ED-3D0A-A412-98FE6F362B78> /System/Library/PrivateFrameworks/SoftLinking.framework/Versions/A/SoftLinking
contention_diagnostic (candidate, 4)	Repeat complete tests under recorded package concurrency	2026-09-07T10:58:57.6059740Z                 0x7ff826e34000 -     0x7ff826e3aaf7  libiconv.2.dylib (109.100.2.701.1) <4BF3E4C4-A284-325C-865E-CE1723B24D32> /usr/lib/libiconv.2.dylib
contention_diagnostic (candidate, 4)	Repeat complete tests under recorded package concurrency	2026-09-07T10:58:57.6062680Z                 0x7ff826e4c000 -     0x7ff826f271f7  libarchive.2.dylib (151.140.2.704.3) <D429A987-AB74-3EBA-8C47-DF5937BDA2ED> /usr/lib/libarchive.2.dylib
contention_diagnostic (candidate, 4)	Repeat complete tests under recorded package concurrency	2026-09-07T10:58:57.6068410Z                 0x7ff826f28000 -     0x7ff826f7fa77  com.apple.SearchKit (1.4.2 - 1.4.2) <12ECAAC8-8900-380F-A921-2BC930431387> /System/Library/Frameworks/CoreServices.framework/Versions/A/Frameworks/SearchKit.framework/Versions/A/SearchKit
contention_diagnostic (candidate, 4)	Repeat complete tests under recorded package concurrency	2026-09-07T10:58:57.6072750Z                 0x7ff826f80000 -     0x7ff826f8784b  libThaiTokenizer.dylib (28) <BD862B02-7616-3F1B-95B5-D20EF1F377E7> /usr/lib/libThaiTokenizer.dylib
contention_diagnostic (candidate, 4)	Repeat complete tests under recorded package concurrency	2026-09-07T10:58:57.6076520Z                 0x7ff826f88000 -     0x7ff826fa9be7  com.apple.applesauce (1.0 - 16.62) <6BA58172-0C9F-31D3-9BED-73D7DA909773> /System/Library/PrivateFrameworks/AppleSauce.framework/Versions/A/AppleSauce
contention_diagnostic (candidate, 4)	Repeat complete tests under recorded package concurrency	2026-09-07T10:58:57.6079790Z                 0x7ff826faa000 -     0x7ff826fc4947  libapple_nghttp2.dylib (29) <7CC6CD17-EA15-3C32-A451-3A1D44386C0B> /usr/lib/libapple_nghttp2.dylib
contention_diagnostic (candidate, 4)	Repeat complete tests under recorded package concurrency	2026-09-07T10:58:57.6084040Z                 0x7ff826fc5000 -     0x7ff826feeabf  libSparseBLAS.dylib (1545) <8B6DB6F0-F365-3001-9014-C066CA1765C4> /System/Library/Frameworks/Accelerate.framework/Versions/A/Frameworks/vecLib.framework/Versions/A/libSparseBLAS.dylib
contention_diagnostic (candidate, 4)	Repeat complete tests under recorded package concurrency	2026-09-07T10:58:57.6089290Z                 0x7ff826fef000 -     0x7ff826ff0411  com.apple.MetalPerformanceShaders.MetalPerformanceShaders (1.0 - 1) <7AC862E8-8A41-34C5-9C55-A3087E63FB17> /System/Library/Frameworks/MetalPerformanceShaders.framework/Versions/A/MetalPerformanceShaders
contention_diagnostic (candidate, 4)	Repeat complete tests under recorded package concurrency	2026-09-07T10:58:57.6094540Z                 0x7ff826ff1000 -     0x7ff826ff6a7f  libpam.2.dylib (34) <56A50B7C-654C-30A2-968F-079A2CA3FEB5> /usr/lib/libpam.2.dylib
contention_diagnostic (candidate, 4)	Repeat complete tests under recorded package concurrency	2026-09-07T10:58:57.6097840Z                 0x7ff826ff7000 -     0x7ff8270d67ef  libcompression.dylib (181.100.1) <4A221A17-5E37-3704-9D8C-D103C4129F7D> /usr/lib/libcompression.dylib
contention_diagnostic (candidate, 4)	Repeat complete tests under recorded package concurrency	2026-09-07T10:58:57.6102040Z                 0x7ff8270d7000 -     0x7ff8270dc3bf  libQuadrature.dylib (8) <29775A70-474D-3BDF-B872-95CAD43EA4B2> /System/Library/Frameworks/Accelerate.framework/Versions/A/Frameworks/vecLib.framework/Versions/A/libQuadrature.dylib
contention_diagnostic (candidate, 4)	Repeat complete tests under recorded package concurrency	2026-09-07T10:58:57.6106840Z                 0x7ff8270dd000 -     0x7ff82853adaf  libLAPACK.dylib (1545) <82F14ACC-7F8F-3D2C-A13A-C485B549C67A> /System/Library/Frameworks/Accelerate.framework/Versions/A/Frameworks/vecLib.framework/Versions/A/libLAPACK.dylib
contention_diagnostic (candidate, 4)	Repeat complete tests under recorded package concurrency	2026-09-07T10:58:57.6112110Z                 0x7ff82853b000 -     0x7ff828588cf6  com.apple.DictionaryServices (1.2 - 368.203) <8301122E-0C5E-3BBA-8701-C9CF330FB976> /System/Library/Frameworks/CoreServices.framework/Versions/A/Frameworks/DictionaryServices.framework/Versions/A/DictionaryServices
contention_diagnostic (candidate, 4)	Repeat complete tests under recorded package concurrency	2026-09-07T10:58:57.6115710Z                 0x7ff828589000 -     0x7ff8285a82ff  liblzma.5.dylib (20) <E9E11147-0098-32DB-B3A4-1A6AD81690EB> /usr/lib/liblzma.5.dylib
contention_diagnostic (candidate, 4)	Repeat complete tests under recorded package concurrency	2026-09-07T10:58:57.6118660Z                 0x7ff8285a9000 -     0x7ff8285aa507  libcoretls_cfhelpers.dylib (186) <BED4490D-5E41-3383-B222-AE438D8241FC> /usr/lib/libcoretls_cfhelpers.dylib
contention_diagnostic (candidate, 4)	Repeat complete tests under recorded package concurrency	2026-09-07T10:58:57.6122900Z                 0x7ff8285ab000 -     0x7ff8286232d7  com.apple.APFS (2332.140.13 - 2332.140.13) <2103F91F-BD88-3ED5-8759-03F8F58C8A3E> /System/Library/PrivateFrameworks/APFS.framework/Versions/A/APFS
contention_diagnostic (candidate, 4)	Repeat complete tests under recorded package concurrency	2026-09-07T10:58:57.6126060Z                 0x7ff828624000 -     0x7ff828631cdf  libxar.1.dylib (501.0.0.700.1) <9D5B53F9-30E9-3D1E-BA50-0E7A8BD31917> /usr/lib/libxar.1.dylib
contention_diagnostic (candidate, 4)	Repeat complete tests under recorded package concurrency	2026-09-07T10:58:57.6128610Z                 0x7ff828632000 -     0x7ff8286351cf  libutil.dylib (72) <89389651-D637-31CE-BAC7-3B1FFE8933F2> /usr/lib/libutil.dylib
contention_diagnostic (candidate, 4)	Repeat complete tests under recorded package concurrency	2026-09-07T10:58:57.6131260Z                 0x7ff828636000 -     0x7ff82865f7bf  libxslt.1.dylib (21.11.1) <795EACBF-2E4A-3296-9D9A-26A3BC7B29F6> /usr/lib/libxslt.1.dylib
contention_diagnostic (candidate, 4)	Repeat complete tests under recorded package concurrency	2026-09-07T10:58:57.6136020Z                 0x7ff828667000 -     0x7ff8287dab07  libvMisc.dylib (1068.100.12) <D4FC3815-D34F-313D-A151-A3009F07A932> /System/Library/Frameworks/Accelerate.framework/Versions/A/Frameworks/vecLib.framework/Versions/A/libvMisc.dylib
contention_diagnostic (candidate, 4)	Repeat complete tests under recorded package concurrency	2026-09-07T10:58:57.6139370Z                 0x7ff8287db000 -     0x7ff828870d93  libate.dylib (3.0.9) <B1D0409B-A196-3414-9D01-00613EE5C068> /usr/lib/libate.dylib
contention_diagnostic (candidate, 4)	Repeat complete tests under recorded package concurrency	2026-09-07T10:58:57.6143450Z                 0x7ff82887a000 -     0x7ff82888c5b1  com.apple.CrashReporterSupport (10.13 - 15131) <08B73FE9-4B7B-337F-921F-DFFBDBA2F6EE> /System/Library/PrivateFrameworks/CrashReporterSupport.framework/Versions/A/CrashReporterSupport
contention_diagnostic (candidate, 4)	Repeat complete tests under recorded package concurrency	2026-09-07T10:58:57.6147920Z                 0x7ff8289cd000 -     0x7ff828a0f4f0  com.apple.pluginkit.framework (1.0 - 1) <D7C8932C-2B63-3FBF-AB6A-CF26E4E997B1> /System/Library/PrivateFrameworks/PlugInKit.framework/Versions/A/PlugInKit
contention_diagnostic (candidate, 4)	Repeat complete tests under recorded package concurrency	2026-09-07T10:58:57.6152070Z                 0x7ff828a8f000 -     0x7ff828adc317  com.apple.AppleVAFramework (6.2.10 - 6.2.10) <A406AD3D-20A0-3EC0-8653-5096F5D65B7D> /System/Library/PrivateFrameworks/AppleVA.framework/Versions/A/AppleVA
contention_diagnostic (candidate, 4)	Repeat complete tests under recorded package concurrency	2026-09-07T10:58:57.6155400Z                 0x7ff828add000 -     0x7ff828af8fb3  libexpat.1.dylib (43.0.0.702.1) <2DE73E7C-1A1D-3D7F-8261-D3775E7A1997> /usr/lib/libexpat.1.dylib
contention_diagnostic (candidate, 4)	Repeat complete tests under recorded package concurrency	2026-09-07T10:58:57.6158680Z                 0x7ff828af9000 -     0x7ff828b01583  libheimdal-asn1.dylib (693.140.2.701.1) <8712ADBB-98B7-34EE-858B-3B2D13F24A11> /usr/lib/libheimdal-asn1.dylib
contention_diagnostic (candidate, 4)	Repeat complete tests under recorded package concurrency	2026-09-07T10:58:57.6162600Z                 0x7ff828be6000 -     0x7ff828c8491a  com.apple.MediaExperience (1.0 - 1) <98AAE34A-9645-30BB-A19B-24C34CF6E222> /System/Library/PrivateFrameworks/MediaExperience.framework/Versions/A/MediaExperience
contention_diagnostic (candidate, 4)	Repeat complete tests under recorded package concurrency	2026-09-07T10:58:57.6168900Z                 0x7ff828caf000 -     0x7ff828cbd5eb  com.apple.GraphVisualizer (1.0 - 120.1) <B2CE7FC6-BA6E-3912-829E-DD8828487EC8> /System/Library/PrivateFrameworks/GraphVisualizer.framework/Versions/A/GraphVisualizer
contention_diagnostic (candidate, 4)	Repeat complete tests under recorded package concurrency	2026-09-07T10:58:57.6173260Z                 0x7ff828cbe000 -     0x7ff828d03f9b  com.apple.OTSVG (1.0 - 844.20.0.2) <CBF98BAF-EEC3-3DA0-B261-28921FA0DF1C> /System/Library/PrivateFrameworks/OTSVG.framework/Versions/A/OTSVG
contention_diagnostic (candidate, 4)	Repeat complete tests under recorded package concurrency	2026-09-07T10:58:57.6178630Z                 0x7ff828d04000 -     0x7ff828d0e116  com.apple.xpc.AppServerSupport (1.0 - 2894.140.12.705.2) <76785338-5D0C-3EC7-ADAF-94A4D1899119> /System/Library/PrivateFrameworks/AppServerSupport.framework/Versions/A/AppServerSupport
contention_diagnostic (candidate, 4)	Repeat complete tests under recorded package concurrency	2026-09-07T10:58:57.6183190Z                 0x7ff828d0f000 -     0x7ff828d153fa  libspindump.dylib (383.17) <B281F1EB-B79D-376C-AA4B-A7FD31097C7B> /usr/lib/libspindump.dylib
contention_diagnostic (candidate, 4)	Repeat complete tests under recorded package concurrency	2026-09-07T10:58:57.6187770Z                 0x7ff828d16000 -     0x7ff828dc15e2  com.apple.Heimdal (4.0 - 2.0) <ED55F68B-6D3B-3D98-9721-7B24A88F3510> /System/Library/PrivateFrameworks/Heimdal.framework/Versions/A/Heimdal
contention_diagnostic (candidate, 4)	Repeat complete tests under recorded package concurrency	2026-09-07T10:58:57.6192980Z                 0x7ff829020000 -     0x7ff82906c2a7  com.apple.AppleJPEG (1.0 - 1) <52DBB655-E87B-3133-B00B-14E505678BC1> /System/Library/PrivateFrameworks/AppleJPEG.framework/Versions/A/AppleJPEG
contention_diagnostic (candidate, 4)	Repeat complete tests under recorded package concurrency	2026-09-07T10:58:57.6198170Z                 0x7ff82906d000 -     0x7ff8291597b7  libJP2.dylib (2661.8.3.0.5) <A5F61522-0EB9-3E27-A0FA-11F18A958E33> /System/Library/Frameworks/ImageIO.framework/Versions/A/Resources/libJP2.dylib
contention_diagnostic (candidate, 4)	Repeat complete tests under recorded package concurrency	2026-09-07T10:58:57.6204620Z                 0x7ff82915a000 -     0x7ff82915b9f7  com.apple.WatchdogClient.framework (1.0 - 299.140.5) <BE59787C-568D-3DE9-B66F-D2736773CDA9> /System/Library/PrivateFrameworks/WatchdogClient.framework/Versions/A/WatchdogClient
contention_diagnostic (candidate, 4)	Repeat complete tests under recorded package concurrency	2026-09-07T10:58:57.6211920Z                 0x7ff82915c000 -     0x7ff82919fd23  com.apple.MultitouchSupport.framework (8440.6 - 8440.6) <683BAF4C-204A-3684-8387-7D180DF0CC75> /System/Library/PrivateFrameworks/MultitouchSupport.framework/Versions/A/MultitouchSupport
contention_diagnostic (candidate, 4)	Repeat complete tests under recorded package concurrency	2026-09-07T10:58:57.6216690Z                 0x7ff8291a0000 -     0x7ff8297a07a7  com.apple.VideoToolbox (1.0 - 3235.14.105.6) <802AECEC-8FAF-3AAA-B46B-5A67A359E6B3> /System/Library/Frameworks/VideoToolbox.framework/Versions/A/VideoToolbox
contention_diagnostic (candidate, 4)	Repeat complete tests under recorded package concurrency	2026-09-07T10:58:57.6220900Z                 0x7ff8297a1000 -     0x7ff8297d5c57  libAudioToolboxUtility.dylib (1456.714) <63FFF77E-68D0-3B0C-9C70-F326ED1CAB8A> /usr/lib/libAudioToolboxUtility.dylib
contention_diagnostic (candidate, 4)	Repeat complete tests under recorded package concurrency	2026-09-07T10:58:57.6225410Z                 0x7ff8297d6000 -     0x7ff829801eef  libPng.dylib (2661.8.3.0.5) <0129CF76-230E-3829-86D9-D30F30B40E30> /System/Library/Frameworks/ImageIO.framework/Versions/A/Resources/libPng.dylib
contention_diagnostic (candidate, 4)	Repeat complete tests under recorded package concurrency	2026-09-07T10:58:57.6230150Z                 0x7ff829802000 -     0x7ff82986a88f  libTIFF.dylib (2661.8.3.0.5) <702A5350-468A-340E-872F-91D9A4CF65E9> /System/Library/Frameworks/ImageIO.framework/Versions/A/Resources/libTIFF.dylib
contention_diagnostic (candidate, 4)	Repeat complete tests under recorded package concurrency	2026-09-07T10:58:57.6234350Z                 0x7ff82986b000 -     0x7ff829886b77  com.apple.IOPresentment (67 - 67) <01C680FE-FE95-39E8-B1B9-77A9D1BB97D2> /System/Library/PrivateFrameworks/IOPresentment.framework/Versions/A/IOPresentment
contention_diagnostic (candidate, 4)	Repeat complete tests under recorded package concurrency	2026-09-07T10:58:57.6238910Z                 0x7ff829887000 -     0x7ff82988d6cf  com.apple.GPUWrangler (8.1.10 - 8.1.10) <115723D0-EBC8-374D-988D-889ADA1ABA97> /System/Library/PrivateFrameworks/GPUWrangler.framework/Versions/A/GPUWrangler
contention_diagnostic (candidate, 4)	Repeat complete tests under recorded package concurrency	2026-09-07T10:58:57.6244100Z                 0x7ff82988e000 -     0x7ff829890cd7  libRadiance.dylib (2661.8.3.0.5) <3F2AAC2E-E949-3BE1-A364-82AA20AB9309> /System/Library/Frameworks/ImageIO.framework/Versions/A/Resources/libRadiance.dylib
contention_diagnostic (candidate, 4)	Repeat complete tests under recorded package concurrency	2026-09-07T10:58:57.6248470Z                 0x7ff829891000 -     0x7ff829896157  com.apple.DSExternalDisplay (3.1 - 380) <F2CF156C-3B0C-3344-B062-E83F53F14974> /System/Library/PrivateFrameworks/DSExternalDisplay.framework/Versions/A/DSExternalDisplay
contention_diagnostic (candidate, 4)	Repeat complete tests under recorded package concurrency	2026-09-07T10:58:57.6252880Z                 0x7ff829897000 -     0x7ff8298c8517  libJPEG.dylib (2661.8.3.0.5) <3D391E7B-16CB-3726-8A97-9FDEFD43A3F0> /System/Library/Frameworks/ImageIO.framework/Versions/A/Resources/libJPEG.dylib
contention_diagnostic (candidate, 4)	Repeat complete tests under recorded package concurrency	2026-09-07T10:58:57.6258010Z                 0x7ff8298f8000 -     0x7ff8298fd49f  libGIF.dylib (2661.8.3.0.5) <C0C917D9-DE6A-3D44-B0DB-85E22ECB2C93> /System/Library/Frameworks/ImageIO.framework/Versions/A/Resources/libGIF.dylib
contention_diagnostic (candidate, 4)	Repeat complete tests under recorded package concurrency	2026-09-07T10:58:57.6264000Z                 0x7ff8298fe000 -     0x7ff82990cd83  com.apple.CMCaptureCore (1.0 - 587.140.11.0.1) <94E2E6D5-4FFB-3D0C-B0E7-8A0B9ED1D4D7> /System/Library/PrivateFrameworks/CMCaptureCore.framework/Versions/A/CMCaptureCore
contention_diagnostic (candidate, 4)	Repeat complete tests under recorded package concurrency	2026-09-07T10:58:57.6268270Z                 0x7ff82a7bf000 -     0x7ff82a836f8f  libusrtcp.dylib (4277.140.33.703.1) <41A1D8B4-0B06-3925-A2A5-DD19C19245A4> /usr/lib/libusrtcp.dylib
contention_diagnostic (candidate, 4)	Repeat complete tests under recorded package concurrency	2026-09-07T10:58:57.6273060Z                 0x7ff82a837000 -     0x7ff82ad08ff7  libswiftCore.dylib (6.1.2 - 6.1.2.1.101) <508F504F-B9B6-3FD6-B157-75204D9B428C> /usr/lib/swift/libswiftCore.dylib
contention_diagnostic (candidate, 4)	Repeat complete tests under recorded package concurrency	2026-09-07T10:58:57.6279400Z                 0x7ff82adb6000 -     0x7ff82adf6232  libSessionUtility.dylib (321.702) <7240D8F0-D079-3135-824A-3F4C1DA4DD0E> /System/Library/PrivateFrameworks/AudioSession.framework/libSessionUtility.dylib
contention_diagnostic (candidate, 4)	Repeat complete tests under recorded package concurrency	2026-09-07T10:58:57.6285700Z                 0x7ff82adf7000 -     0x7ff82af94e0f  com.apple.audio.toolbox.AudioToolbox (1.14 - 1.14) <BCA1ED62-147E-38C9-9558-5D01BF627F18> /System/Library/Frameworks/AudioToolbox.framework/Versions/A/AudioToolbox
contention_diagnostic (candidate, 4)	Repeat complete tests under recorded package concurrency	2026-09-07T10:58:57.6291720Z                 0x7ff82af95000 -     0x7ff82afeedd6  com.apple.audio.AudioSession (1.0 - 321.702) <02B5C9DF-9141-3DDA-AFEF-786B7A19E104> /System/Library/PrivateFrameworks/AudioSession.framework/Versions/A/AudioSession
contention_diagnostic (candidate, 4)	Repeat complete tests under recorded package concurrency	2026-09-07T10:58:57.6303720Z                 0x7ff82afef000 -     0x7ff82b006cbb  libAudioStatistics.dylib (235.601) <80429941-8DA4-3963-9BDB-628D09E444FE> /usr/lib/libAudioStatistics.dylib
contention_diagnostic (candidate, 4)	Repeat complete tests under recorded package concurrency	2026-09-07T10:58:57.6306630Z                 0x7ff82b074000 -     0x7ff82b09062f  libresolv.9.dylib (91) <86E1A133-A1A2-381D-9F67-2F4938764A0A> /usr/lib/libresolv.9.dylib
contention_diagnostic (candidate, 4)	Repeat complete tests under recorded package concurrency	2026-09-07T10:58:57.6309470Z                 0x7ff82b091000 -     0x7ff82b0a33f7  libsasl2.2.dylib (215) <F3217513-E91A-3C05-AE29-B10315936697> /usr/lib/libsasl2.2.dylib
contention_diagnostic (candidate, 4)	Repeat complete tests under recorded package concurrency	2026-09-07T10:58:57.6312070Z                 0x7ff82b28b000 -     0x7ff82b36b167  libSMC.dylib (38) <E1E62736-402D-3C99-96D2-B9E7CBD4DD3B> /usr/lib/libSMC.dylib
contention_diagnostic (candidate, 4)	Repeat complete tests under recorded package concurrency	2026-09-07T10:58:57.6316690Z                 0x7ff82b3cf000 -     0x7ff82b3d9a6b  com.apple.NetAuth (6.2 - 6.2) <8664FC99-40B2-3E27-8FBC-910E5ABB48A6> /System/Library/PrivateFrameworks/NetAuth.framework/Versions/A/NetAuth
contention_diagnostic (candidate, 4)	Repeat complete tests under recorded package concurrency	2026-09-07T10:58:57.6321690Z                 0x7ff82b3ec000 -     0x7ff82b3f9237  com.apple.perfdata (1.0 - 121) <DBAC87EC-ADBF-3EB4-B819-E3396514750C> /System/Library/PrivateFrameworks/perfdata.framework/Versions/A/perfdata
contention_diagnostic (candidate, 4)	Repeat complete tests under recorded package concurrency	2026-09-07T10:58:57.6324850Z                 0x7ff82b3fa000 -     0x7ff82b4082c4  libperfcheck.dylib (46) <D360D19B-4A2B-305A-BF37-821F66E5E54C> /usr/lib/libperfcheck.dylib
contention_diagnostic (candidate, 4)	Repeat complete tests under recorded package concurrency	2026-09-07T10:58:57.6329200Z                 0x7ff82b409000 -     0x7ff82b417bd7  com.apple.Kerberos (3.0 - 1) <73C9BD69-6864-383F-A0C8-5A382DD49759> /System/Library/Frameworks/Kerberos.framework/Versions/A/Kerberos
contention_diagnostic (candidate, 4)	Repeat complete tests under recorded package concurrency	2026-09-07T10:58:57.6332620Z                 0x7ff82b418000 -     0x7ff82b46038f  com.apple.GSS (4.0 - 2.0) <FD997F94-F512-3B7B-B8C8-D8268300EFC1> /System/Library/Frameworks/GSS.framework/Versions/A/GSS
contention_diagnostic (candidate, 4)	Repeat complete tests under recorded package concurrency	2026-09-07T10:58:57.6336380Z                 0x7ff82b461000 -     0x7ff82b46f59b  com.apple.CommonAuth (4.0 - 2.0) <D6ED06B0-ACCF-3D88-95F5-B656512A89F9> /System/Library/PrivateFrameworks/CommonAuth.framework/Versions/A/CommonAuth
contention_diagnostic (candidate, 4)	Repeat complete tests under recorded package concurrency	2026-09-07T10:58:57.6340130Z                 0x7ff82cb5d000 -     0x7ff82cc32767  com.apple.combine (1.0 - 3022) <79B3DFA5-7837-3383-9F34-768C7506CF2B> /System/Library/Frameworks/Combine.framework/Versions/A/Combine
contention_diagnostic (candidate, 4)	Repeat complete tests under recorded package concurrency	2026-09-07T10:58:57.6344610Z                 0x7ff82ecc6000 -     0x7ff82ecc688f  com.apple.Accelerate.vecLib (3.11 - vecLib 3.11) <1CF10DDD-B162-3A39-8F51-0801267B0A6F> /System/Library/Frameworks/Accelerate.framework/Versions/A/Frameworks/vecLib.framework/Versions/A/vecLib
contention_diagnostic (candidate, 4)	Repeat complete tests under recorded package concurrency	2026-09-07T10:58:57.6349450Z                 0x7ff82ecef000 -     0x7ff82ecef9af  com.apple.CoreServices (1226 - 1226) <69605932-13FF-3EEF-A209-735EF2521787> /System/Library/Frameworks/CoreServices.framework/Versions/A/CoreServices
contention_diagnostic (candidate, 4)	Repeat complete tests under recorded package concurrency	2026-09-07T10:58:57.6354350Z                 0x7ff82ef9b000 -     0x7ff82ef9b437  com.apple.Accelerate (1.11 - Accelerate 1.11) <19FE3E25-5E58-33D8-8887-C696D3D7083B> /System/Library/Frameworks/Accelerate.framework/Versions/A/Accelerate
contention_diagnostic (candidate, 4)	Repeat complete tests under recorded package concurrency	2026-09-07T10:58:57.6358880Z                 0x7ff82fc54000 -     0x7ff82fc82140  com.apple.PowerLog (1.0 - 1) <6AC81A04-1BCE-387B-9D03-FB7E207C7123> /System/Library/PrivateFrameworks/PowerLog.framework/Versions/A/PowerLog
contention_diagnostic (candidate, 4)	Repeat complete tests under recorded package concurrency	2026-09-07T10:58:57.6364080Z                 0x7ff82fc90000 -     0x7ff82fd35550  com.apple.DiscRecording (9.0.3 - 9030.4.5) <C8BE0119-F469-3173-A5C7-399381A5189C> /System/Library/Frameworks/DiscRecording.framework/Versions/A/DiscRecording
contention_diagnostic (candidate, 4)	Repeat complete tests under recorded package concurrency	2026-09-07T10:58:57.6369670Z                 0x7ff82fd36000 -     0x7ff82fd680df  com.apple.MediaKit (16 - 938) <32B86E80-C630-3F0E-AB79-5AA28AF1AE9B> /System/Library/PrivateFrameworks/MediaKit.framework/Versions/A/MediaKit
contention_diagnostic (candidate, 4)	Repeat complete tests under recorded package concurrency	2026-09-07T10:58:57.6374540Z                 0x7ff830acd000 -     0x7ff830ae1f88  libswiftDispatch.dylib (54) <F2B2C07D-B048-3C20-90EC-79C49347290F> /usr/lib/swift/libswiftDispatch.dylib
contention_diagnostic (candidate, 4)	Repeat complete tests under recorded package concurrency	2026-09-07T10:58:57.6379690Z                 0x7ff830e11000 -     0x7ff830e838ea  com.apple.BoardServices (1.0 - 694.5.5) <63C22CB9-5447-3F5E-841B-30E85E1798A2> /System/Library/PrivateFrameworks/BoardServices.framework/Versions/A/BoardServices
contention_diagnostic (candidate, 4)	Repeat complete tests under recorded package concurrency	2026-09-07T10:58:57.6384520Z                 0x7ff831240000 -     0x7ff83125f159  com.apple.DebugSymbols (216 - 217) <878AC50E-DD1F-3D7F-9969-F63975E7EB28> /System/Library/PrivateFrameworks/DebugSymbols.framework/Versions/A/DebugSymbols
contention_diagnostic (candidate, 4)	Repeat complete tests under recorded package concurrency	2026-09-07T10:58:57.6389150Z                 0x7ff831260000 -     0x7ff831371e4f  com.apple.CoreSymbolication (16.0 - 64570.35.1) <D5E07D20-AD3D-3268-93EC-0D8D910F7B5E> /System/Library/PrivateFrameworks/CoreSymbolication.framework/Versions/A/CoreSymbolication
contention_diagnostic (candidate, 4)	Repeat complete tests under recorded package concurrency	2026-09-07T10:58:57.6393430Z                 0x7ff831372000 -     0x7ff83137bd52  com.apple.CoreTime (334.0.4.1) <CECB4900-2CAE-3746-A3F2-449ABF0BE552> /System/Library/PrivateFrameworks/CoreTime.framework/Versions/A/CoreTime
contention_diagnostic (candidate, 4)	Repeat complete tests under recorded package concurrency	2026-09-07T10:58:57.6398040Z                 0x7ff832acd000 -     0x7ff832b06ebf  com.apple.LDAPFramework (2.4.28 - 194.5) <FA351FF9-9D70-31D5-BE10-2157EE9E494D> /System/Library/Frameworks/LDAP.framework/Versions/A/LDAP
contention_diagnostic (candidate, 4)	Repeat complete tests under recorded package concurrency	2026-09-07T10:58:57.6402420Z                 0x7ff832b07000 -     0x7ff832b0855b  com.apple.TrustEvaluationAgent (2.0 - 38) <ECB266BD-2CB6-3B51-8330-01785B742953> /System/Library/PrivateFrameworks/TrustEvaluationAgent.framework/Versions/A/TrustEvaluationAgent
contention_diagnostic (candidate, 4)	Repeat complete tests under recorded package concurrency	2026-09-07T10:58:57.6408040Z                 0x7ff832c3b000 -     0x7ff832ce43c6  com.apple.DiskImagesFramework (671.140.2.700.3 - 671.140.2.700.3) <81A3DA69-2B8F-3AD9-B927-07A4F2EC2C6F> /System/Library/PrivateFrameworks/DiskImages.framework/Versions/A/DiskImages
contention_diagnostic (candidate, 4)	Repeat complete tests under recorded package concurrency	2026-09-07T10:58:57.6412640Z                 0x7ff832de8000 -     0x7ff832e6b29f  libcurl.4.dylib (160.0.0.704.2) <9681BE75-7F09-338D-8205-3502EA90C98A> /usr/lib/libcurl.4.dylib
contention_diagnostic (candidate, 4)	Repeat complete tests under recorded package concurrency	2026-09-07T10:58:57.6417540Z                 0x7ff833598000 -     0x7ff833598417  libHeimdalProxy.dylib (87.100.1) <F508D956-3319-3903-90C4-3BB05BB51B14> /System/Library/Frameworks/Kerberos.framework/Versions/A/Libraries/libHeimdalProxy.dylib
contention_diagnostic (candidate, 4)	Repeat complete tests under recorded package concurrency	2026-09-07T10:58:57.6421300Z                 0x7ff833640000 -     0x7ff83364360d  libswiftObjectiveC.dylib (940.4) <60939EB3-6F6B-3070-9218-4406211109AD> /usr/lib/swift/libswiftObjectiveC.dylib
contention_diagnostic (candidate, 4)	Repeat complete tests under recorded package concurrency	2026-09-07T10:58:57.6424690Z                 0x7ff833644000 -     0x7ff83365bd2b  libswiftos.dylib (1062.100.1) <4189174C-D6F2-307C-812D-972CD16B6E56> /usr/lib/swift/libswiftos.dylib
contention_diagnostic (candidate, 4)	Repeat complete tests under recorded package concurrency	2026-09-07T10:58:57.6428540Z                 0x7ff835a31000 -     0x7ff835ae11fe  com.apple.audio.midi.CoreMIDI (2.0 - 88) <4A3A0872-CC95-3760-905A-42757E071EDE> /System/Library/Frameworks/CoreMIDI.framework/Versions/A/CoreMIDI
contention_diagnostic (candidate, 4)	Repeat complete tests under recorded package concurrency	2026-09-07T10:58:57.6434270Z                 0x7ff836473000 -     0x7ff8364770d7  com.apple.IOSurfaceAccelerator (1.0.0 - 1.0.0) <DFE07F0C-0052-3FA4-9CBD-AE4D5B181B6B> /System/Library/PrivateFrameworks/IOSurfaceAccelerator.framework/Versions/A/IOSurfaceAccelerator
contention_diagnostic (candidate, 4)	Repeat complete tests under recorded package concurrency	2026-09-07T10:58:57.6438940Z                 0x7ff919f6b000 -     0x7ff919f7a217  com.apple.HID (1.0 - 1) <271E05CF-5405-388C-BC23-0088A535B9E3> /System/Library/PrivateFrameworks/HID.framework/Versions/A/HID
contention_diagnostic (candidate, 4)	Repeat complete tests under recorded package concurrency	2026-09-07T10:58:57.6444060Z                 0x7ff91e2b9000 -     0x7ff91e2c7974  com.apple.NetFS (6.0 - 4.0) <C841FCE3-F8AD-3A85-9CC7-6027FCFFEA79> /System/Library/Frameworks/NetFS.framework/Versions/A/NetFS
contention_diagnostic (candidate, 4)	Repeat complete tests under recorded package concurrency	2026-09-07T10:58:57.6448260Z                 0x7ff91e782000 -     0x7ff91e783dc7  libswiftDarwin.dylib (310.100.8.0.1) <98932259-29FC-3B05-B764-982F81024045> /usr/lib/swift/libswiftDarwin.dylib
contention_diagnostic (candidate, 4)	Repeat complete tests under recorded package concurrency	2026-09-07T10:58:57.6451450Z                 0x7ff920307000 -     0x7ff9203e982d  libquic.dylib (4277.140.33.703.1) <37906CBD-F6C9-3CF8-873E-4E67AA8817F9> /usr/lib/libquic.dylib
contention_diagnostic (candidate, 4)	Repeat complete tests under recorded package concurrency	2026-09-07T10:58:57.6456500Z                 0x7ff9203f3000 -     0x7ff920417d87  com.apple.private.SystemPolicy (1.0 - 1) <0862BAEA-6B38-3932-9553-DD4A036ABF2F> /System/Library/PrivateFrameworks/SystemPolicy.framework/Versions/A/SystemPolicy
contention_diagnostic (candidate, 4)	Repeat complete tests under recorded package concurrency	2026-09-07T10:58:57.6461680Z                 0x7ff921101000 -     0x7ff92118eaf2  com.apple.LoggingSupport (1.0 - 1643.120.5) <0259FDDC-9347-3400-A564-9090663835A2> /System/Library/PrivateFrameworks/LoggingSupport.framework/Versions/A/LoggingSupport
contention_diagnostic (candidate, 4)	Repeat complete tests under recorded package concurrency	2026-09-07T10:58:57.6466440Z                 0x7ff92118f000 -     0x7ff92119b11f  com.apple.MallocStackLogging (1.0 - 64570.58.1) <88BD90BE-8F0A-3C64-90B5-0347B7E130AD> /System/Library/PrivateFrameworks/MallocStackLogging.framework/Versions/A/MallocStackLogging
contention_diagnostic (candidate, 4)	Repeat complete tests under recorded package concurrency	2026-09-07T10:58:57.6470080Z                 0x7ff9211bf000 -     0x7ff9211f02b4  libmis.dylib (436.100.18) <B3EA554A-8D26-3F36-8786-F4A04CD577D8> /usr/lib/libmis.dylib
contention_diagnostic (candidate, 4)	Repeat complete tests under recorded package concurrency	2026-09-07T10:58:57.6474850Z                 0x7ff9211f1000 -     0x7ff9211f46f3  com.apple.gpusw.GPURawCounter (34 - 34) <5E8E0390-9FC4-3E4E-BA21-82636D67BAF4> /System/Library/PrivateFrameworks/GPURawCounter.framework/Versions/A/GPURawCounter
contention_diagnostic (candidate, 4)	Repeat complete tests under recorded package concurrency	2026-09-07T10:58:57.6479280Z                 0x7ff92120f000 -     0x7ff921214ff7  libswiftCoreFoundation.dylib (2401) <BDBCC9B0-74A4-305B-8C01-54F1E4115378> /usr/lib/swift/libswiftCoreFoundation.dylib
contention_diagnostic (candidate, 4)	Repeat complete tests under recorded package concurrency	2026-09-07T10:58:57.6483180Z                 0x7ff92121f000 -     0x7ff92125bf2a  libswiftXPC.dylib (69.120.3.701.1) <1BB2F755-2DD9-3463-A4B9-4A16E2AF52DF> /usr/lib/swift/libswiftXPC.dylib
contention_diagnostic (candidate, 4)	Repeat complete tests under recorded package concurrency	2026-09-07T10:58:57.6486070Z                 0x7ff92125d000 -     0x7ff92125dba3  libswiftIOKit.dylib (1) <B871B7E4-3800-31A1-A6E0-A8D91C9DBAD7> /usr/lib/swift/libswiftIOKit.dylib
contention_diagnostic (candidate, 4)	Repeat complete tests under recorded package concurrency	2026-09-07T10:58:57.6488930Z                 0x7ff924c79000 -     0x7ff924c98aff  libswiftsimd.dylib (21) <71F73AC4-A082-3627-AF22-5F6907F2B250> /usr/lib/swift/libswiftsimd.dylib
contention_diagnostic (candidate, 4)	Repeat complete tests under recorded package concurrency	2026-09-07T10:58:57.6492910Z                 0x7ff9261c8000 -     0x7ff9261d16d8  com.apple.IOAccelMemoryInfo (1.0 - 1) <6CEDEB32-EC89-36B2-AAD7-0009B2B20A35> /System/Library/PrivateFrameworks/IOAccelMemoryInfo.framework/Versions/A/IOAccelMemoryInfo
contention_diagnostic (candidate, 4)	Repeat complete tests under recorded package concurrency	2026-09-07T10:58:57.6496460Z                 0x7ff92e10a000 -     0x7ff92e111090  libswiftMetal.dylib (368.53) <5CF920CA-59B1-347B-9EEA-E3202F0A9072> /usr/lib/swift/libswiftMetal.dylib
contention_diagnostic (candidate, 4)	Repeat complete tests under recorded package concurrency	2026-09-07T10:58:57.6500380Z                 0x7ff9321f5000 -     0x7ff93225846e  com.apple.osanalytics.OSAnalytics (1.0 - 1) <0FCC12AC-95DB-3F7F-836C-312BB534EFB6> /System/Library/PrivateFrameworks/OSAnalytics.framework/Versions/A/OSAnalytics
contention_diagnostic (candidate, 4)	Repeat complete tests under recorded package concurrency	2026-09-07T10:58:57.6503910Z                 0x7ff9334d9000 -     0x7ff9334dae51  libswiftQuartzCore.dylib (4) <16644475-79E3-30F3-857B-540A57D5484A> /usr/lib/swift/libswiftQuartzCore.dylib
contention_diagnostic (candidate, 4)	Repeat complete tests under recorded package concurrency	2026-09-07T10:58:57.6507410Z                 0x7ff9338df000 -     0x7ff9338e3de7  com.apple.kperf (1.0 - 1) <41D18370-ED6C-36E6-A13A-CA17D19140D8> /System/Library/PrivateFrameworks/kperf.framework/Versions/A/kperf
contention_diagnostic (candidate, 4)	Repeat complete tests under recorded package concurrency	2026-09-07T10:58:57.6512370Z                 0x7ff9339df000 -     0x7ff9339e3a9f  com.apple.MobileSystemServices (1.0 - 1) <EAC96578-0282-3B8A-9974-66833F356D1E> /System/Library/PrivateFrameworks/MobileSystemServices.framework/Versions/A/MobileSystemServices
contention_diagnostic (candidate, 4)	Repeat complete tests under recorded package concurrency	2026-09-07T10:58:57.6516530Z                 0x7ffa17d72000 -     0x7ffa17d80785  libswiftUniformTypeIdentifiers.dylib (840.9) <0BA8C13E-166E-359A-A4BC-0E44BAB7A736> /usr/lib/swift/libswiftUniformTypeIdentifiers.dylib
contention_diagnostic (candidate, 4)	Repeat complete tests under recorded package concurrency	2026-09-07T10:58:57.6519750Z                 0x7ffa1d2ae000 -     0x7ffa1d2afb9b  libswiftOSLog.dylib (8) <1642770F-36A4-3A27-83EE-A732303A4180> /usr/lib/swift/libswiftOSLog.dylib
contention_diagnostic (candidate, 4)	Repeat complete tests under recorded package concurrency	2026-09-07T10:58:57.6524230Z                 0x7ffa20dfc000 -     0x7ffa20f02c23  com.apple.Symbolication (16.0 - 64570.58.1) <EBB91756-3900-3648-8396-69A34F2DBFF5> /System/Library/PrivateFrameworks/Symbolication.framework/Versions/A/Symbolication
contention_diagnostic (candidate, 4)	Repeat complete tests under recorded package concurrency	2026-09-07T10:58:57.6528120Z                 0x7ffa2524d000 -     0x7ffa2525c795  com.apple.OSLog (1.0 - 1643.120.5) <87CADFD4-9736-3A67-A616-3334B68A435F> /System/Library/Frameworks/OSLog.framework/Versions/A/OSLog
contention_diagnostic (candidate, 4)	Repeat complete tests under recorded package concurrency	2026-09-07T10:58:57.6532580Z                 0x7ffa25478000 -     0x7ffa25568a0c  com.apple.InternalSwiftProtobuf (1.0 - 1.26.0) <78A2F639-5786-3168-BEDC-1F7DCD8FE314> /System/Library/PrivateFrameworks/InternalSwiftProtobuf.framework/Versions/A/InternalSwiftProtobuf
contention_diagnostic (candidate, 4)	Repeat complete tests under recorded package concurrency	2026-09-07T10:58:57.6536910Z                 0x7ffa25644000 -     0x7ffa2564f28c  com.apple.HIDDisplay (1.0 - 1) <6F48009A-3022-36A3-B8DB-57CD5978760A> /System/Library/PrivateFrameworks/HIDDisplay.framework/Versions/A/HIDDisplay
contention_diagnostic (candidate, 4)	Repeat complete tests under recorded package concurrency	2026-09-07T10:58:57.6541010Z                 0x7ffa2c26c000 -     0x7ffa2c26cb83  com.apple.FeatureFlags (1.0 - 97) <F77F66E0-3D52-37CD-83CF-15AE37ABA8A9> /System/Library/PrivateFrameworks/FeatureFlags.framework/Versions/A/FeatureFlags
contention_diagnostic (candidate, 4)	Repeat complete tests under recorded package concurrency	2026-09-07T10:58:57.6545570Z                 0x7ffa34bf5000 -     0x7ffa34bf70d7  com.apple.ConfigProfileHelper (17.1 - 1722) <1984A9DB-8A5C-3FAF-92BA-582202E37754> /System/Library/PrivateFrameworks/ConfigProfileHelper.framework/Versions/A/ConfigProfileHelper
contention_diagnostic (candidate, 4)	Repeat complete tests under recorded package concurrency	2026-09-07T10:58:57.6550430Z                 0x7ffb1cb3a000 -     0x7ffb1cb40e13  libCoreFSCache.dylib (301) <57F43863-B758-35DD-993E-D1BC22A9EAD8> /System/Library/Frameworks/OpenGL.framework/Versions/A/Libraries/libCoreFSCache.dylib
contention_diagnostic (candidate, 4)	Repeat complete tests under recorded package concurrency	2026-09-07T10:58:57.6555280Z                 0x7ffb1cb41000 -     0x7ffb1cb45a2b  libCoreVMClient.dylib (301) <869B1E51-35AC-3271-BB03-E99F207C16A8> /System/Library/Frameworks/OpenGL.framework/Versions/A/Libraries/libCoreVMClient.dylib
contention_diagnostic (candidate, 4)	Repeat complete tests under recorded package concurrency	2026-09-07T10:58:57.6560220Z                 0x7ffb1cb46000 -     0x7ffb1cb55c27  com.apple.opengl (21.1.1 - 21.1.1) <EEBF4330-76CB-3E0E-AD13-BD031235E27F> /System/Library/Frameworks/OpenGL.framework/Versions/A/OpenGL
contention_diagnostic (candidate, 4)	Repeat complete tests under recorded package concurrency	2026-09-07T10:58:57.6566310Z                 0x7ffb1cb56000 -     0x7ffb1cb5831b  libCVMSPluginSupport.dylib (21.1.2) <6828FA3C-67A0-3204-AC95-B3821664DE9B> /System/Library/Frameworks/OpenGL.framework/Versions/A/Libraries/libCVMSPluginSupport.dylib
contention_diagnostic (candidate, 4)	Repeat complete tests under recorded package concurrency	2026-09-07T10:58:57.6572310Z                 0x7ffb1cb59000 -     0x7ffb1cb6120f  libGFXShared.dylib (21.1.2) <CEB3FF13-179A-3AFD-AB07-31BE4C2073B9> /System/Library/Frameworks/OpenGL.framework/Versions/A/Libraries/libGFXShared.dylib
contention_diagnostic (candidate, 4)	Repeat complete tests under recorded package concurrency	2026-09-07T10:58:57.6577870Z                 0x7ffb1cb62000 -     0x7ffb1cb972ef  libGLImage.dylib (21.1.2) <72A3DF7A-B091-3854-8850-4DC5662F7142> /System/Library/Frameworks/OpenGL.framework/Versions/A/Libraries/libGLImage.dylib
contention_diagnostic (candidate, 4)	Repeat complete tests under recorded package concurrency	2026-09-07T10:58:57.6583430Z                 0x7ffb1cb98000 -     0x7ffb1cbd5b37  libGLU.dylib (21.1.2) <B7536726-96D5-317A-8D55-4C273B787650> /System/Library/Frameworks/OpenGL.framework/Versions/A/Libraries/libGLU.dylib
contention_diagnostic (candidate, 4)	Repeat complete tests under recorded package concurrency	2026-09-07T10:58:57.6587240Z                 0x7ffb1cd55000 -     0x7ffb1cd5f6d3  libGL.dylib (21.1.2) <FDDB8E18-D250-310D-896A-63AB39DA3E83> /System/Library/Frameworks/OpenGL.framework/Versions/A/Libraries/libGL.dylib
contention_diagnostic (candidate, 4)	Repeat complete tests under recorded package concurrency	2026-09-07T10:58:57.6591500Z                 0x7ffb1e10a000 -     0x7ffb1e160d27  com.apple.opencl (5.5 - 5.5) <668DF963-A778-3CD3-886E-917D7668F36C> /System/Library/Frameworks/OpenCL.framework/Versions/A/OpenCL
contention_diagnostic (candidate, 4)	Repeat complete tests under recorded package concurrency	2026-09-07T10:58:57.6597650Z                 0x7ffb21116000 -     0x7ffb211d48d4  com.apple.ExtensionFoundation (97 - 97) <31BE9AFC-4E2B-36B0-A78C-633425B227D0> /System/Library/Frameworks/ExtensionFoundation.framework/Versions/A/ExtensionFoundation
contention_diagnostic (candidate, 4)	Repeat complete tests under recorded package concurrency	2026-09-07T10:58:57.6604710Z                 0x7ffb22ba8000 -     0x7ffb22bc5f08  com.apple.MPSBenchmarkLoop (1.0 - 1) <E00A4A0E-5EE1-38C5-A3A1-096C891E461C> /System/Library/Frameworks/MetalPerformanceShaders.framework/Versions/A/Frameworks/MPSBenchmarkLoop.framework/Versions/A/MPSBenchmarkLoop
contention_diagnostic (candidate, 4)	Repeat complete tests under recorded package concurrency	2026-09-07T10:58:57.6612030Z                 0x7ffb22bc6000 -     0x7ffb22bdaec9  com.apple.MPSFunctions (1.0 - 1) <B76E7719-C19C-3F7D-991F-94C47B763898> /System/Library/Frameworks/MetalPerformanceShaders.framework/Versions/A/Frameworks/MPSFunctions.framework/Versions/A/MPSFunctions
contention_diagnostic (candidate, 4)	Repeat complete tests under recorded package concurrency	2026-09-07T10:58:57.6618310Z                 0x7ffb258ba000 -     0x7ffb259e27aa  com.apple.SwiftData (1.0 - 98.1) <EE426DB2-5E66-3215-9D1F-1B89A3CEECD4> /System/Library/Frameworks/SwiftData.framework/Versions/A/SwiftData
contention_diagnostic (candidate, 4)	Repeat complete tests under recorded package concurrency	2026-09-07T10:58:57.6623960Z                 0x7ffb2aee1000 -     0x7ffb2af30267  com.apple.AppleKeyStore (1.0 - 1.0) <C9F68BAF-8757-3680-B556-E6F91350B462> /System/Library/PrivateFrameworks/AppleKeyStore.framework/Versions/A/AppleKeyStore
contention_diagnostic (candidate, 4)	Repeat complete tests under recorded package concurrency	2026-09-07T10:58:57.6630620Z                 0x7ffb2b730000 -     0x7ffb2b747b5e  com.apple.private.AppleMobileFileIntegrity-fmk (1.0 - 1) <107C7616-5FE8-3BC3-BDFC-52F376ACB975> /System/Library/PrivateFrameworks/AppleMobileFileIntegrity.framework/Versions/A/AppleMobileFileIntegrity
contention_diagnostic (candidate, 4)	Repeat complete tests under recorded package concurrency	2026-09-07T10:58:57.6637390Z                 0x7ffb2bb00000 -     0x7ffb2bb2a921  com.apple.imgaudio.AudioAnalytics (1.0 - 1) <9500F778-6897-3A3B-89C0-2FC9E5884E7A> /System/Library/PrivateFrameworks/AudioAnalytics.framework/Versions/A/AudioAnalytics
contention_diagnostic (candidate, 4)	Repeat complete tests under recorded package concurrency	2026-09-07T10:58:57.6643890Z                 0x7ffb2eba2000 -     0x7ffb2ecc13cf  com.apple.CollectionsInternal (1.1.0 - 103.5) <73897E18-4914-3790-A6F8-C972826E630B> /System/Library/PrivateFrameworks/CollectionsInternal.framework/Versions/A/CollectionsInternal
contention_diagnostic (candidate, 4)	Repeat complete tests under recorded package concurrency	2026-09-07T10:58:57.6649730Z                 0x7ffb34ac9000 -     0x7ffb34ac9773  com.apple.FontServices (1.0 - 1) <3C42F632-ED66-3BDE-933B-AD7739FA026D> /System/Library/PrivateFrameworks/FontServices.framework/Versions/A/FontServices
contention_diagnostic (candidate, 4)	Repeat complete tests under recorded package concurrency	2026-09-07T10:58:57.6656320Z                 0x7ffb34aca000 -     0x7ffb34b92dcf  libXTFontStaticRegistryData.dylib (309.6.0.2) <614A5346-A623-3189-B5F5-23F168C0311E> /System/Library/PrivateFrameworks/FontServices.framework/libXTFontStaticRegistryData.dylib
contention_diagnostic (candidate, 4)	Repeat complete tests under recorded package concurrency	2026-09-07T10:58:57.6662150Z                 0x7ffb34b94000 -     0x7ffb34ba047c  com.apple.FramePacing (1.0 - 1) <9343226E-B088-333E-B8E8-6410B45A8E44> /System/Library/PrivateFrameworks/FramePacing.framework/Versions/A/FramePacing
contention_diagnostic (candidate, 4)	Repeat complete tests under recorded package concurrency	2026-09-07T10:58:57.6668180Z                 0x7ffb357ac000 -     0x7ffb357b1c97  libGPUCompilerUtils.dylib (32023.622) <AAB9BCBA-FD0B-391A-A044-1EFC95360644> /System/Library/PrivateFrameworks/GPUCompiler.framework/Versions/32023/Libraries/libGPUCompilerUtils.dylib
contention_diagnostic (candidate, 4)	Repeat complete tests under recorded package concurrency	2026-09-07T10:58:57.6674860Z                 0x7ffc1ae50000 -     0x7ffc1ae950df  libllvm-flatbuffers.dylib (32023.622) <F3EBED88-D384-3ECA-A695-E5ECE54DE341> /System/Library/PrivateFrameworks/GPUCompiler.framework/Versions/32023/Libraries/libllvm-flatbuffers.dylib
contention_diagnostic (candidate, 4)	Repeat complete tests under recorded package concurrency	2026-09-07T10:58:57.6681360Z                 0x7ffc1f475000 -     0x7ffc1f5699cc  com.apple.InstalledContentLibrary (1.0 - 1.0) <D2B02F83-F4EB-3589-A549-05040FBDA77B> /System/Library/PrivateFrameworks/InstalledContentLibrary.framework/Versions/A/InstalledContentLibrary
contention_diagnostic (candidate, 4)	Repeat complete tests under recorded package concurrency	2026-09-07T10:58:57.6686860Z                 0x7ffc23323000 -     0x7ffc23a059ef  com.apple.MIL (3405.2 - 3405.2.1) <828FFADD-7DCB-345B-A75A-0A7B7BFB2175> /System/Library/PrivateFrameworks/MIL.framework/Versions/A/MIL
contention_diagnostic (candidate, 4)	Repeat complete tests under recorded package concurrency	2026-09-07T10:58:57.6691970Z                 0x7ffc25e40000 -     0x7ffc25e97cd9  com.apple.MessageSecurity (1.0 - 115.100.9) <7E739F96-6795-3F6A-84D1-C80AEB83EC23> /System/Library/PrivateFrameworks/MessageSecurity.framework/Versions/A/MessageSecurity
contention_diagnostic (candidate, 4)	Repeat complete tests under recorded package concurrency	2026-09-07T10:58:57.6698680Z                 0x7ffc29ce6000 -     0x7ffc29da0fbf  com.apple.ParsingInternal (0.0.1 - 103.5) <E9DA6CC0-592C-33C6-BFBE-D1B684CC7EC7> /System/Library/PrivateFrameworks/ParsingInternal.framework/Versions/A/ParsingInternal
contention_diagnostic (candidate, 4)	Repeat complete tests under recorded package concurrency	2026-09-07T10:58:57.6705930Z                 0x7ffc2c9e4000 -     0x7ffc2ca03006  com.apple.accessibility.PhotosensitivityProcessing (1.0 - 1) <7365F532-E3AC-3B7E-BFD8-3B714E30DE31> /System/Library/PrivateFrameworks/PhotosensitivityProcessing.framework/Versions/A/PhotosensitivityProcessing
contention_diagnostic (candidate, 4)	Repeat complete tests under recorded package concurrency	2026-09-07T10:58:57.6712470Z                 0x7ffc2d709000 -     0x7ffc2d774f7f  com.apple.ProDisplayLibrary (9.4.6 - 9.4.6) <E28971E0-FBBC-3224-9FE0-1EB07E6E16EC> /System/Library/PrivateFrameworks/ProDisplayLibrary.framework/Versions/A/ProDisplayLibrary
contention_diagnostic (candidate, 4)	Repeat complete tests under recorded package concurrency	2026-09-07T10:58:57.6718790Z                 0x7ffc2e2c7000 -     0x7ffc2e2cfe0f  com.apple.ReflectionInternal (1.0.0 - 103.5) <28228DED-72AF-3709-9039-C9DD49BCF8D8> /System/Library/PrivateFrameworks/ReflectionInternal.framework/Versions/A/ReflectionInternal
contention_diagnostic (candidate, 4)	Repeat complete tests under recorded package concurrency	2026-09-07T10:58:57.6725140Z                 0x7ffc2ee76000 -     0x7ffc2ee8b6af  com.apple.RuntimeInternal (1.0.0 - 103.5) <762FC808-7369-3740-9556-095AA0FA80C2> /System/Library/PrivateFrameworks/RuntimeInternal.framework/Versions/A/RuntimeInternal
contention_diagnostic (candidate, 4)	Repeat complete tests under recorded package concurrency	2026-09-07T10:58:57.6731530Z                 0x7ffd17550000 -     0x7ffd17579f5f  com.apple.security.SwiftASN1Internal (1.0 - 1) <6FA1DB7C-D689-3434-B9C1-262489BF916A> /System/Library/PrivateFrameworks/SwiftASN1Internal.framework/Versions/A/SwiftASN1Internal
contention_diagnostic (candidate, 4)	Repeat complete tests under recorded package concurrency	2026-09-07T10:58:57.6739600Z                 0x7ffd1d5e7000 -     0x7ffd1d5e7f17  com.apple.VideoToolboxParavirtualizationSupport (40.7.1 - 40.7.1) <8D0573D1-175C-3359-ADBF-568C7B299CB9> /System/Library/PrivateFrameworks/VideoToolboxParavirtualizationSupport.framework/Versions/A/VideoToolboxParavirtualizationSupport
contention_diagnostic (candidate, 4)	Repeat complete tests under recorded package concurrency	2026-09-07T10:58:57.6745480Z                 0x7ffd26458000 -     0x7ffd264f6f2f  libAppleArchive.dylib (423.100.6.700.1) <54720FCD-5149-3627-ABB4-1A0D52F4F5B7> /usr/lib/libAppleArchive.dylib
contention_diagnostic (candidate, 4)	Repeat complete tests under recorded package concurrency	2026-09-07T10:58:57.6750380Z                 0x7ffd26599000 -     0x7ffd265a4ae8  libCoreEntitlements.dylib (69.100.2) <19157B88-131C-3C21-BC6E-CEF3FAFB61BB> /usr/lib/libCoreEntitlements.dylib
contention_diagnostic (candidate, 4)	Repeat complete tests under recorded package concurrency	2026-09-07T10:58:57.6755350Z                 0x7ffd266cc000 -     0x7ffd266d3707  libRosetta.dylib (349) <A2D5AB2A-02FB-3E33-8433-D16A5CF209CA> /usr/lib/libRosetta.dylib
contention_diagnostic (candidate, 4)	Repeat complete tests under recorded package concurrency	2026-09-07T10:58:57.6759140Z                 0x7ffd26727000 -     0x7ffd2672fad8  libTLE.dylib (69.100.2) <2F67FF9C-4B82-30D4-92EA-E315630FCF73> /usr/lib/libTLE.dylib
contention_diagnostic (candidate, 4)	Repeat complete tests under recorded package concurrency	2026-09-07T10:58:57.6762970Z                 0x7ffd26abd000 -     0x7ffd26bd68ff  libcrypto.46.dylib (107) <22B0442C-35A1-3FAE-B0F9-DAD97928F356> /usr/lib/libcrypto.46.dylib
contention_diagnostic (candidate, 4)	Repeat complete tests under recorded package concurrency	2026-09-07T10:58:57.6766610Z                 0x7ffd26c13000 -     0x7ffd26c2e79f  libhvf.dylib (9) <08B70B84-0CB3-39F9-9808-02CA0B99A5EB> /usr/lib/libhvf.dylib
contention_diagnostic (candidate, 4)	Repeat complete tests under recorded package concurrency	2026-09-07T10:58:57.6769810Z                 0x7ffd275f5000 -     0x7ffd2762d1cb  libssl.48.dylib (107) <DD3A7675-F82F-3EAA-ABD7-B7E11B3D4039> /usr/lib/libssl.48.dylib
contention_diagnostic (candidate, 4)	Repeat complete tests under recorded package concurrency	2026-09-07T10:58:57.6774510Z                 0x7ffd27816000 -     0x7ffd27828587  libswiftDistributed.dylib (6.1.2 - 6.1.2.1.101) <01F4018F-CDB9-3E7C-A169-FF8BEFDF810D> /usr/lib/swift/libswiftDistributed.dylib
contention_diagnostic (candidate, 4)	Repeat complete tests under recorded package concurrency	2026-09-07T10:58:57.6779370Z                 0x7ffd2783f000 -     0x7ffd2784ccd7  libswiftObservation.dylib (6.1.2 - 6.1.2.1.101) <FE58DCFB-C75B-338D-9695-8F1D545CA04E> /usr/lib/swift/libswiftObservation.dylib
contention_diagnostic (candidate, 4)	Repeat complete tests under recorded package concurrency	2026-09-07T10:58:57.6784080Z                 0x7ffd2785b000 -     0x7ffd2786509f  libswiftRegexBuilder.dylib (6.1.2 - 6.1.2.1.101) <09CD5BD3-EEB8-366E-9906-89844C3990CF> /usr/lib/swift/libswiftRegexBuilder.dylib
contention_diagnostic (candidate, 4)	Repeat complete tests under recorded package concurrency	2026-09-07T10:58:57.6788960Z                 0x7ffd278c8000 -     0x7ffd278d1217  libswiftSynchronization.dylib (6.1.2 - 6.1.2.1.101) <E35BC573-FE00-3D73-B737-96841CCBFE3A> /usr/lib/swift/libswiftSynchronization.dylib
contention_diagnostic (candidate, 4)	Repeat complete tests under recorded package concurrency	2026-09-07T10:58:57.6793000Z                 0x7ffd278d2000 -     0x7ffd278e971f  libswiftSystem.dylib (64) <B1AE7C6C-94DA-315C-A19A-3AAF48AAE7B8> /usr/lib/swift/libswiftSystem.dylib
contention_diagnostic (candidate, 4)	Repeat complete tests under recorded package concurrency	2026-09-07T10:58:57.6797760Z                 0x7ffd2793e000 -     0x7ffd279409f3  libswift_Builtin_float.dylib (6.1.2 - 6.1.2.1.101) <2EBEB47F-9313-3E12-9A7C-4D5FDCA046F9> /usr/lib/swift/libswift_Builtin_float.dylib
contention_diagnostic (candidate, 4)	Repeat complete tests under recorded package concurrency	2026-09-07T10:58:57.6801450Z                 0x7ffd27941000 -     0x7ffd279a6e07  libswift_Concurrency.dylib (6.1.2 - 6.1.2.1.101) <7FFEA75A-C5D4-38E7-AEF8-CA5A5F7E0249> /usr/lib/swift/libswift_Concurrency.dylib
contention_diagnostic (candidate, 4)	Repeat complete tests under recorded package concurrency	2026-09-07T10:58:57.6805540Z                 0x7ffd279dc000 -     0x7ffd27a8956f  libswift_RegexParser.dylib (6.1.2 - 6.1.2.1.101) <A88B8028-543B-32B8-8A42-182D1B0C5BA5> /usr/lib/swift/libswift_RegexParser.dylib
contention_diagnostic (candidate, 4)	Repeat complete tests under recorded package concurrency	2026-09-07T10:58:57.6809350Z                 0x7ffd27a8a000 -     0x7ffd27b0be3f  libswift_StringProcessing.dylib (6.1.2 - 6.1.2.1.101) <77EFC4E8-A4C5-376D-B464-A9614E78569A> /usr/lib/swift/libswift_StringProcessing.dylib
contention_diagnostic (candidate, 4)	Repeat complete tests under recorded package concurrency	2026-09-07T10:58:57.6813570Z                 0x7ffd27b0f000 -     0x7ffd27b1032f  libswift_errno.dylib (310.100.8.0.1) <A84DCA85-9DF7-3D04-B095-C2A13C9CC5A5> /usr/lib/swift/libswift_errno.dylib
contention_diagnostic (candidate, 4)	Repeat complete tests under recorded package concurrency	2026-09-07T10:58:57.6817600Z                 0x7ffd27b11000 -     0x7ffd27b137f7  libswift_math.dylib (310.100.8.0.1) <08533023-FCB7-300B-B615-72E2474FFC5F> /usr/lib/swift/libswift_math.dylib
contention_diagnostic (candidate, 4)	Repeat complete tests under recorded package concurrency	2026-09-07T10:58:57.6821540Z                 0x7ffd27b14000 -     0x7ffd27b145ad  libswift_signal.dylib (310.100.8.0.1) <45CF92BD-B61C-311B-89CB-ED50580ACC0D> /usr/lib/swift/libswift_signal.dylib
contention_diagnostic (candidate, 4)	Repeat complete tests under recorded package concurrency	2026-09-07T10:58:57.6825300Z                 0x7ffd27b15000 -     0x7ffd27b15bdf  libswift_stdio.dylib (310.100.8.0.1) <D28F88FE-7B99-37F8-AD68-CFD63A42B4DB> /usr/lib/swift/libswift_stdio.dylib
contention_diagnostic (candidate, 4)	Repeat complete tests under recorded package concurrency	2026-09-07T10:58:57.6829580Z                 0x7ffd27b16000 -     0x7ffd27b16797  libswift_time.dylib (310.100.8.0.1) <5119F728-C3CD-32C0-907A-FE34A1C7A360> /usr/lib/swift/libswift_time.dylib
contention_diagnostic (candidate, 4)	Repeat complete tests under recorded package concurrency	2026-09-07T10:58:57.6833700Z                 0x7ffd27b17000 -     0x7ffd27b17707  libswiftsys_time.dylib (310.100.8.0.1) <EC0BB0EE-F0AA-3D86-8D76-F420038BF71A> /usr/lib/swift/libswiftsys_time.dylib
contention_diagnostic (candidate, 4)	Repeat complete tests under recorded package concurrency	2026-09-07T10:58:57.6837860Z                 0x7ffd27b18000 -     0x7ffd27b1894f  libswiftunistd.dylib (310.100.8.0.1) <B4E94D2D-4883-38A6-A3AA-3831FA86C64D> /usr/lib/swift/libswiftunistd.dylib
contention_diagnostic (candidate, 4)	Repeat complete tests under recorded package concurrency	2026-09-07T10:58:57.6843120Z                 0x7ffd27c71000 -     0x7ffd27c75023  libsystem_darwindirectory.dylib (122) <F4366BE9-16AB-31D4-BE97-084DFDB6E361> /usr/lib/system/libsystem_darwindirectory.dylib
contention_diagnostic (candidate, 4)	Repeat complete tests under recorded package concurrency	2026-09-07T10:58:57.6848010Z                 0x7ffd27c76000 -     0x7ffd27c7d323  libsystem_eligibility.dylib (181.140.5) <42555080-4741-388A-B027-929D18CFB59F> /usr/lib/system/libsystem_eligibility.dylib
contention_diagnostic (candidate, 4)	Repeat complete tests under recorded package concurrency	2026-09-07T10:58:57.6852800Z                 0x7ffd27c7e000 -     0x7ffd27c8327f  libsystem_sanitizers.dylib (19) <BAD83526-183F-36D0-8A0A-FFCE14D32BB6> /usr/lib/system/libsystem_sanitizers.dylib
contention_diagnostic (candidate, 4)	Repeat complete tests under recorded package concurrency	2026-09-07T10:58:57.6855200Z         integration_test.go:331: failed server diagnostics:
contention_diagnostic (candidate, 4)	Repeat complete tests under recorded package concurrency	2026-09-07T10:58:57.6856340Z             starting keel devel ...
contention_diagnostic (candidate, 4)	Repeat complete tests under recorded package concurrency	2026-09-07T10:58:57.6857970Z             2026/09/07 10:58:37 starting an asynchronous TCP server on 127.0.0.1 49457
contention_diagnostic (candidate, 4)	Repeat complete tests under recorded package concurrency	2026-09-07T10:58:57.6859710Z             2026/09/07 10:58:37 io threads: 4 (1 loop thread + 3 workers)
contention_diagnostic (candidate, 4)	Repeat complete tests under recorded package concurrency	2026-09-07T10:58:57.6861010Z             2026/09/07 10:58:37 new client: id=1
contention_diagnostic (candidate, 4)	Repeat complete tests under recorded package concurrency	2026-09-07T10:58:57.6862140Z             2026/09/07 10:58:37 new client: id=2
contention_diagnostic (candidate, 4)	Repeat complete tests under recorded package concurrency	2026-09-07T10:58:57.6863200Z             2026/09/07 10:58:37 new client: id=3
contention_diagnostic (candidate, 4)	Repeat complete tests under recorded package concurrency	2026-09-07T10:58:57.6864080Z             SIGQUIT: quit
contention_diagnostic (candidate, 4)	Repeat complete tests under recorded package concurrency	2026-09-07T10:58:57.6865040Z             PC=0x7ff81887a6f6 m=0 sigcode=0
contention_diagnostic (candidate, 4)	Repeat complete tests under recorded package concurrency	2026-09-07T10:58:57.6865800Z             
contention_diagnostic (candidate, 4)	Repeat complete tests under recorded package concurrency	2026-09-07T10:58:57.6867040Z             goroutine 0 gp=0xb2ab320 m=0 mp=0xb2ac500 [idle]:
contention_diagnostic (candidate, 4)	Repeat complete tests under recorded package concurrency	2026-09-07T10:58:57.6868510Z             runtime.pthread_cond_wait(0xb2aca68, 0xb2aca28)
contention_diagnostic (candidate, 4)	Repeat complete tests under recorded package concurrency	2026-09-07T10:58:57.6871570Z             	/Users/runner/hostedtoolcache/go/1.27.1/x64/src/runtime/sys_darwin.go:470 +0x2e fp=0x7ff7b63da1c8 sp=0x7ff7b63da1a0 pc=0xab9134e
contention_diagnostic (candidate, 4)	Repeat complete tests under recorded package concurrency	2026-09-07T10:58:57.6874460Z             runtime.semasleep(0xffffffffffffffff)
contention_diagnostic (candidate, 4)	Repeat complete tests under recorded package concurrency	2026-09-07T10:58:57.6877510Z             	/Users/runner/hostedtoolcache/go/1.27.1/x64/src/runtime/os_darwin.go:72 +0xae fp=0x7ff7b63da220 sp=0x7ff7b63da1c8 pc=0xab6cece
contention_diagnostic (candidate, 4)	Repeat complete tests under recorded package concurrency	2026-09-07T10:58:57.6879390Z             runtime.notesleep(0xb2ac658)
contention_diagnostic (candidate, 4)	Repeat complete tests under recorded package concurrency	2026-09-07T10:58:57.6882560Z             	/Users/runner/hostedtoolcache/go/1.27.1/x64/src/runtime/lock_sema.go:62 +0x7d fp=0x7ff7b63da250 sp=0x7ff7b63da220 pc=0xab3f79d
contention_diagnostic (candidate, 4)	Repeat complete tests under recorded package concurrency	2026-09-07T10:58:57.6884310Z             runtime.mPark(...)
contention_diagnostic (candidate, 4)	Repeat complete tests under recorded package concurrency	2026-09-07T10:58:57.6886050Z             	/Users/runner/hostedtoolcache/go/1.27.1/x64/src/runtime/proc.go:1985
contention_diagnostic (candidate, 4)	Repeat complete tests under recorded package concurrency	2026-09-07T10:58:57.6887320Z             runtime.stoplockedm()
contention_diagnostic (candidate, 4)	Repeat complete tests under recorded package concurrency	2026-09-07T10:58:57.6889720Z             	/Users/runner/hostedtoolcache/go/1.27.1/x64/src/runtime/proc.go:3278 +0x73 fp=0x7ff7b63da2a8 sp=0x7ff7b63da250 pc=0xab777f3
contention_diagnostic (candidate, 4)	Repeat complete tests under recorded package concurrency	2026-09-07T10:58:57.6890950Z             runtime.schedule()
contention_diagnostic (candidate, 4)	Repeat complete tests under recorded package concurrency	2026-09-07T10:58:57.6892940Z             	/Users/runner/hostedtoolcache/go/1.27.1/x64/src/runtime/proc.go:4158 +0x3a fp=0x7ff7b63da2e8 sp=0x7ff7b63da2a8 pc=0xab79d7a
contention_diagnostic (candidate, 4)	Repeat complete tests under recorded package concurrency	2026-09-07T10:58:57.6894280Z             runtime.park_m(0x21122f104b40)
contention_diagnostic (candidate, 4)	Repeat complete tests under recorded package concurrency	2026-09-07T10:58:57.6896200Z             	/Users/runner/hostedtoolcache/go/1.27.1/x64/src/runtime/proc.go:4319 +0x279 fp=0x7ff7b63da348 sp=0x7ff7b63da2e8 pc=0xab7a279
contention_diagnostic (candidate, 4)	Repeat complete tests under recorded package concurrency	2026-09-07T10:58:57.6897650Z             runtime.mcall()
contention_diagnostic (candidate, 4)	Repeat complete tests under recorded package concurrency	2026-09-07T10:58:57.6900100Z             	/Users/runner/hostedtoolcache/go/1.27.1/x64/src/runtime/asm_amd64.s:463 +0x53 fp=0x7ff7b63da360 sp=0x7ff7b63da348 pc=0xabb1993
contention_diagnostic (candidate, 4)	Repeat complete tests under recorded package concurrency	2026-09-07T10:58:57.6901230Z             
contention_diagnostic (candidate, 4)	Repeat complete tests under recorded package concurrency	2026-09-07T10:58:57.6902010Z             goroutine 1 gp=0x21122f0321e0 m=nil [chan receive]:
contention_diagnostic (candidate, 4)	Repeat complete tests under recorded package concurrency	2026-09-07T10:58:57.6903330Z             runtime.gopark(0xc3875e1?, 0x53dfcae8?, 0x48?, 0xf9?, 0xb1fb5f0?)
contention_diagnostic (candidate, 4)	Repeat complete tests under recorded package concurrency	2026-09-07T10:58:57.6907160Z             	/Users/runner/hostedtoolcache/go/1.27.1/x64/src/runtime/proc.go:474 +0xca fp=0x21122f65d908 sp=0x21122f65d8e8 pc=0xabac34a
contention_diagnostic (candidate, 4)	Repeat complete tests under recorded package concurrency	2026-09-07T10:58:57.6909430Z             runtime.chanrecv(0x21122f16a200, 0x21122f05f9ef, 0x1)
contention_diagnostic (candidate, 4)	Repeat complete tests under recorded package concurrency	2026-09-07T10:58:57.6912530Z             	/Users/runner/hostedtoolcache/go/1.27.1/x64/src/runtime/chan.go:667 +0x4ae fp=0x21122f65d980 sp=0x21122f65d908 pc=0xab39eee
contention_diagnostic (candidate, 4)	Repeat complete tests under recorded package concurrency	2026-09-07T10:58:57.6915090Z             runtime.chanrecv1(0x18?, 0xb21c758?)
contention_diagnostic (candidate, 4)	Repeat complete tests under recorded package concurrency	2026-09-07T10:58:57.6917880Z             	/Users/runner/hostedtoolcache/go/1.27.1/x64/src/runtime/chan.go:509 +0x12 fp=0x21122f65d9a8 sp=0x21122f65d980 pc=0xab39a12
contention_diagnostic (candidate, 4)	Repeat complete tests under recorded package concurrency	2026-09-07T10:58:57.6921030Z             testing.(*T).Run(0x21122f1606c8, {0xaeb60a5?, 0x21122f05faa0?}, 0xb24b368)
contention_diagnostic (candidate, 4)	Repeat complete tests under recorded package concurrency	2026-09-07T10:58:57.6923260Z             	/Users/runner/hostedtoolcache/go/1.27.1/x64/src/testing/testing.go:2266 +0x4f2 fp=0x21122f65da80 sp=0x21122f65d9a8 pc=0xac43612
contention_diagnostic (candidate, 4)	Repeat complete tests under recorded package concurrency	2026-09-07T10:58:57.6924630Z             testing.runTests.func1(0x21122f1606c8)
contention_diagnostic (candidate, 4)	Repeat complete tests under recorded package concurrency	2026-09-07T10:58:57.6926740Z             	/Users/runner/hostedtoolcache/go/1.27.1/x64/src/testing/testing.go:2742 +0x37 fp=0x21122f65dac0 sp=0x21122f65da80 pc=0xac49057
contention_diagnostic (candidate, 4)	Repeat complete tests under recorded package concurrency	2026-09-07T10:58:57.6928650Z             testing.tRunner(0x21122f1606c8, 0x21122f05fbc8)
contention_diagnostic (candidate, 4)	Repeat complete tests under recorded package concurrency	2026-09-07T10:58:57.6931420Z             	/Users/runner/hostedtoolcache/go/1.27.1/x64/src/testing/testing.go:2193 +0xea fp=0x21122f65db10 sp=0x21122f65dac0 pc=0xac430aa
contention_diagnostic (candidate, 4)	Repeat complete tests under recorded package concurrency	2026-09-07T10:58:57.6934080Z             testing.runTests({0xaebb039, 0x1b}, {0xaec065d, 0x24}, 0x21122f1181c8, {0xb2a2c30, 0xc, 0xc}, {0x0, 0x0, ...})
contention_diagnostic (candidate, 4)	Repeat complete tests under recorded package concurrency	2026-09-07T10:58:57.6936520Z             	/Users/runner/hostedtoolcache/go/1.27.1/x64/src/testing/testing.go:2740 +0x510 fp=0x21122f65dbf8 sp=0x21122f65db10 pc=0xac45670
contention_diagnostic (candidate, 4)	Repeat complete tests under recorded package concurrency	2026-09-07T10:58:57.6937880Z             testing.(*M).Run(0x21122f116a00)
contention_diagnostic (candidate, 4)	Repeat complete tests under recorded package concurrency	2026-09-07T10:58:57.6939850Z             	/Users/runner/hostedtoolcache/go/1.27.1/x64/src/testing/testing.go:2600 +0x6af fp=0x21122f65de38 sp=0x21122f65dbf8 pc=0xac4422f
contention_diagnostic (candidate, 4)	Repeat complete tests under recorded package concurrency	2026-09-07T10:58:57.6941150Z             main.main()
contention_diagnostic (candidate, 4)	Repeat complete tests under recorded package concurrency	2026-09-07T10:58:57.6942710Z             	_testmain.go:68 +0x9b fp=0x21122f65deb8 sp=0x21122f65de38 pc=0xae494fb
contention_diagnostic (candidate, 4)	Repeat complete tests under recorded package concurrency	2026-09-07T10:58:57.6943880Z             runtime.main()
contention_diagnostic (candidate, 4)	Repeat complete tests under recorded package concurrency	2026-09-07T10:58:57.6946170Z             	/Users/runner/hostedtoolcache/go/1.27.1/x64/src/runtime/proc.go:302 +0x427 fp=0x21122f65dfe0 sp=0x21122f65deb8 pc=0xab72927
contention_diagnostic (candidate, 4)	Repeat complete tests under recorded package concurrency	2026-09-07T10:58:57.6948160Z             runtime.goexit({})
contention_diagnostic (candidate, 4)	Repeat complete tests under recorded package concurrency	2026-09-07T10:58:57.6950710Z             	/Users/runner/hostedtoolcache/go/1.27.1/x64/src/runtime/asm_amd64.s:1264 +0x1 fp=0x21122f65dfe8 sp=0x21122f65dfe0 pc=0xabb33a1
contention_diagnostic (candidate, 4)	Repeat complete tests under recorded package concurrency	2026-09-07T10:58:57.6951860Z             
contention_diagnostic (candidate, 4)	Repeat complete tests under recorded package concurrency	2026-09-07T10:58:57.6952780Z             goroutine 2 gp=0x21122f032780 m=nil [force gc (idle)]:
contention_diagnostic (candidate, 4)	Repeat complete tests under recorded package concurrency	2026-09-07T10:58:57.6953880Z             runtime.gopark(0x0?, 0x0?, 0x0?, 0x0?, 0x0?)
contention_diagnostic (candidate, 4)	Repeat complete tests under recorded package concurrency	2026-09-07T10:58:57.6956490Z             	/Users/runner/hostedtoolcache/go/1.27.1/x64/src/runtime/proc.go:474 +0xca fp=0x21122f07afa8 sp=0x21122f07af88 pc=0xabac34a
contention_diagnostic (candidate, 4)	Repeat complete tests under recorded package concurrency	2026-09-07T10:58:57.6958320Z             runtime.goparkunlock(...)
contention_diagnostic (candidate, 4)	Repeat complete tests under recorded package concurrency	2026-09-07T10:58:57.6960040Z             	/Users/runner/hostedtoolcache/go/1.27.1/x64/src/runtime/proc.go:480
contention_diagnostic (candidate, 4)	Repeat complete tests under recorded package concurrency	2026-09-07T10:58:57.6961250Z             runtime.forcegchelper()
contention_diagnostic (candidate, 4)	Repeat complete tests under recorded package concurrency	2026-09-07T10:58:57.6963170Z             	/Users/runner/hostedtoolcache/go/1.27.1/x64/src/runtime/proc.go:387 +0xb3 fp=0x21122f07afe0 sp=0x21122f07afa8 pc=0xab72bf3
contention_diagnostic (candidate, 4)	Repeat complete tests under recorded package concurrency	2026-09-07T10:58:57.6964500Z             runtime.goexit({})
contention_diagnostic (candidate, 4)	Repeat complete tests under recorded package concurrency	2026-09-07T10:58:57.6966670Z             	/Users/runner/hostedtoolcache/go/1.27.1/x64/src/runtime/asm_amd64.s:1264 +0x1 fp=0x21122f07afe8 sp=0x21122f07afe0 pc=0xabb33a1
contention_diagnostic (candidate, 4)	Repeat complete tests under recorded package concurrency	2026-09-07T10:58:57.6968560Z             created by runtime.init.7 in goroutine 1
contention_diagnostic (candidate, 4)	Repeat complete tests under recorded package concurrency	2026-09-07T10:58:57.6970000Z             	/Users/runner/hostedtoolcache/go/1.27.1/x64/src/runtime/proc.go:375 +0x1a
contention_diagnostic (candidate, 4)	Repeat complete tests under recorded package concurrency	2026-09-07T10:58:57.6970790Z             
contention_diagnostic (candidate, 4)	Repeat complete tests under recorded package concurrency	2026-09-07T10:58:57.6971640Z             goroutine 3 gp=0x21122f032d20 m=nil [GC sweep wait]:
contention_diagnostic (candidate, 4)	Repeat complete tests under recorded package concurrency	2026-09-07T10:58:57.6972670Z             runtime.gopark(0x1?, 0x0?, 0x0?, 0x0?, 0x0?)
contention_diagnostic (candidate, 4)	Repeat complete tests under recorded package concurrency	2026-09-07T10:58:57.6974860Z             	/Users/runner/hostedtoolcache/go/1.27.1/x64/src/runtime/proc.go:474 +0xca fp=0x21122f07b788 sp=0x21122f07b768 pc=0xabac34a
contention_diagnostic (candidate, 4)	Repeat complete tests under recorded package concurrency	2026-09-07T10:58:57.6976260Z             runtime.goparkunlock(...)
contention_diagnostic (candidate, 4)	Repeat complete tests under recorded package concurrency	2026-09-07T10:58:57.6977680Z             	/Users/runner/hostedtoolcache/go/1.27.1/x64/src/runtime/proc.go:480
contention_diagnostic (candidate, 4)	Repeat complete tests under recorded package concurrency	2026-09-07T10:58:57.6979110Z             runtime.bgsweep(0x21122f056100)
contention_diagnostic (candidate, 4)	Repeat complete tests under recorded package concurrency	2026-09-07T10:58:57.6981260Z             	/Users/runner/hostedtoolcache/go/1.27.1/x64/src/runtime/mgcsweep.go:324 +0x151 fp=0x21122f07b7c8 sp=0x21122f07b788 pc=0xab5bf31
contention_diagnostic (candidate, 4)	Repeat complete tests under recorded package concurrency	2026-09-07T10:58:57.6983160Z             runtime.gcenable.gowrap1()
contention_diagnostic (candidate, 4)	Repeat complete tests under recorded package concurrency	2026-09-07T10:58:57.6985110Z             	/Users/runner/hostedtoolcache/go/1.27.1/x64/src/runtime/mgc.go:214 +0x17 fp=0x21122f07b7e0 sp=0x21122f07b7c8 pc=0xaba1f37
contention_diagnostic (candidate, 4)	Repeat complete tests under recorded package concurrency	2026-09-07T10:58:57.6986720Z             runtime.goexit({})
contention_diagnostic (candidate, 4)	Repeat complete tests under recorded package concurrency	2026-09-07T10:58:57.6988780Z             	/Users/runner/hostedtoolcache/go/1.27.1/x64/src/runtime/asm_amd64.s:1264 +0x1 fp=0x21122f07b7e8 sp=0x21122f07b7e0 pc=0xabb33a1
contention_diagnostic (candidate, 4)	Repeat complete tests under recorded package concurrency	2026-09-07T10:58:57.6990190Z             created by runtime.gcenable in goroutine 1
contention_diagnostic (candidate, 4)	Repeat complete tests under recorded package concurrency	2026-09-07T10:58:57.6991620Z             	/Users/runner/hostedtoolcache/go/1.27.1/x64/src/runtime/mgc.go:214 +0x66
contention_diagnostic (candidate, 4)	Repeat complete tests under recorded package concurrency	2026-09-07T10:58:57.6992470Z             
contention_diagnostic (candidate, 4)	Repeat complete tests under recorded package concurrency	2026-09-07T10:58:57.6993310Z             goroutine 4 gp=0x21122f032f00 m=nil [GC scavenge wait]:
contention_diagnostic (candidate, 4)	Repeat complete tests under recorded package concurrency	2026-09-07T10:58:57.6994550Z             runtime.gopark(0x10000?, 0xaed5518?, 0x0?, 0x0?, 0x0?)
contention_diagnostic (candidate, 4)	Repeat complete tests under recorded package concurrency	2026-09-07T10:58:57.6996840Z             	/Users/runner/hostedtoolcache/go/1.27.1/x64/src/runtime/proc.go:474 +0xca fp=0x21122f07bf78 sp=0x21122f07bf58 pc=0xabac34a
contention_diagnostic (candidate, 4)	Repeat complete tests under recorded package concurrency	2026-09-07T10:58:57.6998610Z             runtime.goparkunlock(...)
contention_diagnostic (candidate, 4)	Repeat complete tests under recorded package concurrency	2026-09-07T10:58:57.7000450Z             	/Users/runner/hostedtoolcache/go/1.27.1/x64/src/runtime/proc.go:480
contention_diagnostic (candidate, 4)	Repeat complete tests under recorded package concurrency	2026-09-07T10:58:57.7002010Z             runtime.(*scavengerState).park(0xb2aad40)
contention_diagnostic (candidate, 4)	Repeat complete tests under recorded package concurrency	2026-09-07T10:58:57.7004450Z             	/Users/runner/hostedtoolcache/go/1.27.1/x64/src/runtime/mgcscavenge.go:425 +0x49 fp=0x21122f07bfa8 sp=0x21122f07bf78 pc=0xab59a09
contention_diagnostic (candidate, 4)	Repeat complete tests under recorded package concurrency	2026-09-07T10:58:57.7006010Z             runtime.bgscavenge(0x21122f056100)
contention_diagnostic (candidate, 4)	Repeat complete tests under recorded package concurrency	2026-09-07T10:58:57.7008630Z             	/Users/runner/hostedtoolcache/go/1.27.1/x64/src/runtime/mgcscavenge.go:658 +0x59 fp=0x21122f07bfc8 sp=0x21122f07bfa8 pc=0xab59f79
contention_diagnostic (candidate, 4)	Repeat complete tests under recorded package concurrency	2026-09-07T10:58:57.7010920Z             runtime.gcenable.gowrap2()
contention_diagnostic (candidate, 4)	Repeat complete tests under recorded package concurrency	2026-09-07T10:58:57.7012910Z             	/Users/runner/hostedtoolcache/go/1.27.1/x64/src/runtime/mgc.go:215 +0x17 fp=0x21122f07bfe0 sp=0x21122f07bfc8 pc=0xaba1ef7
contention_diagnostic (candidate, 4)	Repeat complete tests under recorded package concurrency	2026-09-07T10:58:57.7014270Z             runtime.goexit({})
contention_diagnostic (candidate, 4)	Repeat complete tests under recorded package concurrency	2026-09-07T10:58:57.7016190Z             	/Users/runner/hostedtoolcache/go/1.27.1/x64/src/runtime/asm_amd64.s:1264 +0x1 fp=0x21122f07bfe8 sp=0x21122f07bfe0 pc=0xabb33a1
contention_diagnostic (candidate, 4)	Repeat complete tests under recorded package concurrency	2026-09-07T10:58:57.7017590Z             created by runtime.gcenable in goroutine 1
contention_diagnostic (candidate, 4)	Repeat complete tests under recorded package concurrency	2026-09-07T10:58:57.7019010Z             	/Users/runner/hostedtoolcache/go/1.27.1/x64/src/runtime/mgc.go:215 +0xa5
contention_diagnostic (candidate, 4)	Repeat complete tests under recorded package concurrency	2026-09-07T10:58:57.7019780Z             
contention_diagnostic (candidate, 4)	Repeat complete tests under recorded package concurrency	2026-09-07T10:58:57.7020780Z             goroutine 17 gp=0x21122f1043c0 m=nil [GOMAXPROCS updater (idle)]:
contention_diagnostic (candidate, 4)	Repeat complete tests under recorded package concurrency	2026-09-07T10:58:57.7021830Z             runtime.gopark(0x0?, 0x0?, 0x0?, 0x0?, 0x0?)
contention_diagnostic (candidate, 4)	Repeat complete tests under recorded package concurrency	2026-09-07T10:58:57.7023760Z             	/Users/runner/hostedtoolcache/go/1.27.1/x64/src/runtime/proc.go:474 +0xca fp=0x21122f076788 sp=0x21122f076768 pc=0xabac34a
contention_diagnostic (candidate, 4)	Repeat complete tests under recorded package concurrency	2026-09-07T10:58:57.7025180Z             runtime.goparkunlock(...)
contention_diagnostic (candidate, 4)	Repeat complete tests under recorded package concurrency	2026-09-07T10:58:57.7026520Z             	/Users/runner/hostedtoolcache/go/1.27.1/x64/src/runtime/proc.go:480
contention_diagnostic (candidate, 4)	Repeat complete tests under recorded package concurrency	2026-09-07T10:58:57.7027580Z             runtime.updateMaxProcsGoroutine()
contention_diagnostic (candidate, 4)	Repeat complete tests under recorded package concurrency	2026-09-07T10:58:57.7030570Z             	/Users/runner/hostedtoolcache/go/1.27.1/x64/src/runtime/proc.go:7146 +0xe7 fp=0x21122f0767e0 sp=0x21122f076788 pc=0xab7ff87
contention_diagnostic (candidate, 4)	Repeat complete tests under recorded package concurrency	2026-09-07T10:58:57.7031940Z             runtime.goexit({})
contention_diagnostic (candidate, 4)	Repeat complete tests under recorded package concurrency	2026-09-07T10:58:57.7033940Z             	/Users/runner/hostedtoolcache/go/1.27.1/x64/src/runtime/asm_amd64.s:1264 +0x1 fp=0x21122f0767e8 sp=0x21122f0767e0 pc=0xabb33a1
contention_diagnostic (candidate, 4)	Repeat complete tests under recorded package concurrency	2026-09-07T10:58:57.7035760Z             created by runtime.defaultGOMAXPROCSUpdateEnable in goroutine 1
contention_diagnostic (candidate, 4)	Repeat complete tests under recorded package concurrency	2026-09-07T10:58:57.7037620Z             	/Users/runner/hostedtoolcache/go/1.27.1/x64/src/runtime/proc.go:7134 +0x37
contention_diagnostic (candidate, 4)	Repeat complete tests under recorded package concurrency	2026-09-07T10:58:57.7038420Z             
contention_diagnostic (candidate, 4)	Repeat complete tests under recorded package concurrency	2026-09-07T10:58:57.7039250Z             goroutine 18 gp=0x21122f1045a0 m=nil [finalizer wait]:
contention_diagnostic (candidate, 4)	Repeat complete tests under recorded package concurrency	2026-09-07T10:58:57.7040230Z             runtime.gopark(0x0?, 0x0?, 0x0?, 0x0?, 0x0?)
contention_diagnostic (candidate, 4)	Repeat complete tests under recorded package concurrency	2026-09-07T10:58:57.7042270Z             	/Users/runner/hostedtoolcache/go/1.27.1/x64/src/runtime/proc.go:474 +0xca fp=0x21122f076e20 sp=0x21122f076e00 pc=0xabac34a
contention_diagnostic (candidate, 4)	Repeat complete tests under recorded package concurrency	2026-09-07T10:58:57.7044530Z             runtime.runFinalizers()
contention_diagnostic (candidate, 4)	Repeat complete tests under recorded package concurrency	2026-09-07T10:58:57.7046550Z             	/Users/runner/hostedtoolcache/go/1.27.1/x64/src/runtime/mfinal.go:210 +0x107 fp=0x21122f076fe0 sp=0x21122f076e20 pc=0xab4cf67
contention_diagnostic (candidate, 4)	Repeat complete tests under recorded package concurrency	2026-09-07T10:58:57.7047860Z             runtime.goexit({})
contention_diagnostic (candidate, 4)	Repeat complete tests under recorded package concurrency	2026-09-07T10:58:57.7050120Z             	/Users/runner/hostedtoolcache/go/1.27.1/x64/src/runtime/asm_amd64.s:1264 +0x1 fp=0x21122f076fe8 sp=0x21122f076fe0 pc=0xabb33a1
contention_diagnostic (candidate, 4)	Repeat complete tests under recorded package concurrency	2026-09-07T10:58:57.7051590Z             created by runtime.createfing in goroutine 1
contention_diagnostic (candidate, 4)	Repeat complete tests under recorded package concurrency	2026-09-07T10:58:57.7053230Z             	/Users/runner/hostedtoolcache/go/1.27.1/x64/src/runtime/mfinal.go:172 +0x3d
contention_diagnostic (candidate, 4)	Repeat complete tests under recorded package concurrency	2026-09-07T10:58:57.7063150Z             
contention_diagnostic (candidate, 4)	Repeat complete tests under recorded package concurrency	2026-09-07T10:58:57.7064060Z             goroutine 19 gp=0x21122f104780 m=nil [cleanup wait]:
contention_diagnostic (candidate, 4)	Repeat complete tests under recorded package concurrency	2026-09-07T10:58:57.7065070Z             runtime.gopark(0x0?, 0x0?, 0x0?, 0x0?, 0x0?)
contention_diagnostic (candidate, 4)	Repeat complete tests under recorded package concurrency	2026-09-07T10:58:57.7067600Z             	/Users/runner/hostedtoolcache/go/1.27.1/x64/src/runtime/proc.go:474 +0xca fp=0x21122f077768 sp=0x21122f077748 pc=0xabac34a
contention_diagnostic (candidate, 4)	Repeat complete tests under recorded package concurrency	2026-09-07T10:58:57.7068910Z             runtime.goparkunlock(...)
contention_diagnostic (candidate, 4)	Repeat complete tests under recorded package concurrency	2026-09-07T10:58:57.7070140Z             	/Users/runner/hostedtoolcache/go/1.27.1/x64/src/runtime/proc.go:480
contention_diagnostic (candidate, 4)	Repeat complete tests under recorded package concurrency	2026-09-07T10:58:57.7071220Z             runtime.(*cleanupQueue).dequeue(0xb2ab100)
contention_diagnostic (candidate, 4)	Repeat complete tests under recorded package concurrency	2026-09-07T10:58:57.7073270Z             	/Users/runner/hostedtoolcache/go/1.27.1/x64/src/runtime/mcleanup.go:522 +0xd3 fp=0x21122f0777a0 sp=0x21122f077768 pc=0xab4a153
contention_diagnostic (candidate, 4)	Repeat complete tests under recorded package concurrency	2026-09-07T10:58:57.7074520Z             runtime.runCleanups()
contention_diagnostic (candidate, 4)	Repeat complete tests under recorded package concurrency	2026-09-07T10:58:57.7076520Z             	/Users/runner/hostedtoolcache/go/1.27.1/x64/src/runtime/mcleanup.go:718 +0x45 fp=0x21122f0777e0 sp=0x21122f0777a0 pc=0xab4a7c5
contention_diagnostic (candidate, 4)	Repeat complete tests under recorded package concurrency	2026-09-07T10:58:57.7077780Z             runtime.goexit({})
contention_diagnostic (candidate, 4)	Repeat complete tests under recorded package concurrency	2026-09-07T10:58:57.7080250Z             	/Users/runner/hostedtoolcache/go/1.27.1/x64/src/runtime/asm_amd64.s:1264 +0x1 fp=0x21122f0777e8 sp=0x21122f0777e0 pc=0xabb33a1
contention_diagnostic (candidate, 4)	Repeat complete tests under recorded package concurrency	2026-09-07T10:58:57.7082110Z             created by runtime.(*cleanupQueue).createGs in goroutine 1
contention_diagnostic (candidate, 4)	Repeat complete tests under recorded package concurrency	2026-09-07T10:58:57.7083880Z             	/Users/runner/hostedtoolcache/go/1.27.1/x64/src/runtime/mcleanup.go:672 +0xa5
contention_diagnostic (candidate, 4)	Repeat complete tests under recorded package concurrency	2026-09-07T10:58:57.7084780Z             
contention_diagnostic (candidate, 4)	Repeat complete tests under recorded package concurrency	2026-09-07T10:58:57.7085530Z             goroutine 20 gp=0x21122f104960 m=nil [select]:
contention_diagnostic (candidate, 4)	Repeat complete tests under recorded package concurrency	2026-09-07T10:58:57.7086850Z             runtime.gopark(0x21122f098ca0?, 0x2?, 0x20?, 0x26?, 0x21122f098b9c?)
contention_diagnostic (candidate, 4)	Repeat complete tests under recorded package concurrency	2026-09-07T10:58:57.7089260Z             	/Users/runner/hostedtoolcache/go/1.27.1/x64/src/runtime/proc.go:474 +0xca fp=0x21122f098a10 sp=0x21122f0989f0 pc=0xabac34a
contention_diagnostic (candidate, 4)	Repeat complete tests under recorded package concurrency	2026-09-07T10:58:57.7091720Z             runtime.selectgo(0x21122f098ca0, 0x21122f098b98, 0xaeb8148?, 0x0, 0x21122f098ce0?, 0x1)
contention_diagnostic (candidate, 4)	Repeat complete tests under recorded package concurrency	2026-09-07T10:58:57.7094560Z             	/Users/runner/hostedtoolcache/go/1.27.1/x64/src/runtime/select.go:351 +0xa97 fp=0x21122f098b50 sp=0x21122f098a10 pc=0xab84e77
contention_diagnostic (candidate, 4)	Repeat complete tests under recorded package concurrency	2026-09-07T10:58:57.7096640Z             github.com/brandopakel/keel/cmd/keel.runServer()
contention_diagnostic (candidate, 4)	Repeat complete tests under recorded package concurrency	2026-09-07T10:58:57.7098930Z             	/Users/runner/work/keel/keel/cmd/keel/main.go:284 +0xc86 fp=0x21122f098e40 sp=0x21122f098b50 pc=0xae40b86
contention_diagnostic (candidate, 4)	Repeat complete tests under recorded package concurrency	2026-09-07T10:58:57.7100670Z             github.com/brandopakel/keel/cmd/keel.main()
contention_diagnostic (candidate, 4)	Repeat complete tests under recorded package concurrency	2026-09-07T10:58:57.7102840Z             	/Users/runner/work/keel/keel/cmd/keel/main.go:207 +0xbd fp=0x21122f098f00 sp=0x21122f098e40 pc=0xae3fd5d
contention_diagnostic (candidate, 4)	Repeat complete tests under recorded package concurrency	2026-09-07T10:58:57.7105110Z             github.com/brandopakel/keel/cmd/keel.TestServerProcess(0x21122f160908?)
contention_diagnostic (candidate, 4)	Repeat complete tests under recorded package concurrency	2026-09-07T10:58:57.7107610Z             	/Users/runner/work/keel/keel/cmd/keel/integration_test.go:43 +0x2b5 fp=0x21122f098f70 sp=0x21122f098f00 pc=0xae41fb5
contention_diagnostic (candidate, 4)	Repeat complete tests under recorded package concurrency	2026-09-07T10:58:57.7109330Z             testing.tRunner(0x21122f160908, 0xb24b368)
contention_diagnostic (candidate, 4)	Repeat complete tests under recorded package concurrency	2026-09-07T10:58:57.7111890Z             	/Users/runner/hostedtoolcache/go/1.27.1/x64/src/testing/testing.go:2193 +0xea fp=0x21122f098fc0 sp=0x21122f098f70 pc=0xac430aa
contention_diagnostic (candidate, 4)	Repeat complete tests under recorded package concurrency	2026-09-07T10:58:57.7113570Z             testing.(*T).Run.gowrap1()
contention_diagnostic (candidate, 4)	Repeat complete tests under recorded package concurrency	2026-09-07T10:58:57.7115700Z             	/Users/runner/hostedtoolcache/go/1.27.1/x64/src/testing/testing.go:2258 +0x1b fp=0x21122f098fe0 sp=0x21122f098fc0 pc=0xac48ddb
contention_diagnostic (candidate, 4)	Repeat complete tests under recorded package concurrency	2026-09-07T10:58:57.7117790Z             runtime.goexit({})
contention_diagnostic (candidate, 4)	Repeat complete tests under recorded package concurrency	2026-09-07T10:58:57.7119830Z             	/Users/runner/hostedtoolcache/go/1.27.1/x64/src/runtime/asm_amd64.s:1264 +0x1 fp=0x21122f098fe8 sp=0x21122f098fe0 pc=0xabb33a1
contention_diagnostic (candidate, 4)	Repeat complete tests under recorded package concurrency	2026-09-07T10:58:57.7121680Z             created by testing.(*T).Run in goroutine 1
contention_diagnostic (candidate, 4)	Repeat complete tests under recorded package concurrency	2026-09-07T10:58:57.7123290Z             	/Users/runner/hostedtoolcache/go/1.27.1/x64/src/testing/testing.go:2258 +0x4d4
contention_diagnostic (candidate, 4)	Repeat complete tests under recorded package concurrency	2026-09-07T10:58:57.7124110Z             
contention_diagnostic (candidate, 4)	Repeat complete tests under recorded package concurrency	2026-09-07T10:58:57.7125410Z             goroutine 21 gp=0x21122f104b40 m=nil [select, locked to thread]:
contention_diagnostic (candidate, 4)	Repeat complete tests under recorded package concurrency	2026-09-07T10:58:57.7127110Z             runtime.gopark(0x21122f077fa8?, 0x2?, 0x68?, 0x0?, 0x21122f077f98?)
contention_diagnostic (candidate, 4)	Repeat complete tests under recorded package concurrency	2026-09-07T10:58:57.7129600Z             	/Users/runner/hostedtoolcache/go/1.27.1/x64/src/runtime/proc.go:474 +0xca fp=0x21122f077e20 sp=0x21122f077e00 pc=0xabac34a
contention_diagnostic (candidate, 4)	Repeat complete tests under recorded package concurrency	2026-09-07T10:58:57.7132140Z             runtime.selectgo(0x21122f077fa8, 0x21122f077f94, 0x0?, 0x0, 0xac48300?, 0x1)
contention_diagnostic (candidate, 4)	Repeat complete tests under recorded package concurrency	2026-09-07T10:58:57.7134430Z             	/Users/runner/hostedtoolcache/go/1.27.1/x64/src/runtime/select.go:351 +0xa97 fp=0x21122f077f60 sp=0x21122f077e20 pc=0xab84e77
contention_diagnostic (candidate, 4)	Repeat complete tests under recorded package concurrency	2026-09-07T10:58:57.7136170Z             runtime.ensureSigM.func1()
contention_diagnostic (candidate, 4)	Repeat complete tests under recorded package concurrency	2026-09-07T10:58:57.7138370Z             	/Users/runner/hostedtoolcache/go/1.27.1/x64/src/runtime/signal_unix.go:1093 +0x15d fp=0x21122f077fe0 sp=0x21122f077f60 pc=0xaba6bdd
contention_diagnostic (candidate, 4)	Repeat complete tests under recorded package concurrency	2026-09-07T10:58:57.7139640Z             runtime.goexit({})
contention_diagnostic (candidate, 4)	Repeat complete tests under recorded package concurrency	2026-09-07T10:58:57.7141460Z             	/Users/runner/hostedtoolcache/go/1.27.1/x64/src/runtime/asm_amd64.s:1264 +0x1 fp=0x21122f077fe8 sp=0x21122f077fe0 pc=0xabb33a1
contention_diagnostic (candidate, 4)	Repeat complete tests under recorded package concurrency	2026-09-07T10:58:57.7142900Z             created by runtime.ensureSigM in goroutine 20
contention_diagnostic (candidate, 4)	Repeat complete tests under recorded package concurrency	2026-09-07T10:58:57.7144400Z             	/Users/runner/hostedtoolcache/go/1.27.1/x64/src/runtime/signal_unix.go:1076 +0xc5
contention_diagnostic (candidate, 4)	Repeat complete tests under recorded package concurrency	2026-09-07T10:58:57.7145850Z             
contention_diagnostic (candidate, 4)	Repeat complete tests under recorded package concurrency	2026-09-07T10:58:57.7146760Z             goroutine 33 gp=0x21122f200000 m=3 mp=0x21122f100008 [syscall]:
contention_diagnostic (candidate, 4)	Repeat complete tests under recorded package concurrency	2026-09-07T10:58:57.7147630Z             runtime.sigNoteSleep(0x0?)
contention_diagnostic (candidate, 4)	Repeat complete tests under recorded package concurrency	2026-09-07T10:58:57.7149590Z             	/Users/runner/hostedtoolcache/go/1.27.1/x64/src/runtime/os_darwin.go:133 +0x18 fp=0x21122f2067a0 sp=0x21122f206768 pc=0xab6d1d8
contention_diagnostic (candidate, 4)	Repeat complete tests under recorded package concurrency	2026-09-07T10:58:57.7150850Z             os/signal.signal_recv()
contention_diagnostic (candidate, 4)	Repeat complete tests under recorded package concurrency	2026-09-07T10:58:57.7152920Z             	/Users/runner/hostedtoolcache/go/1.27.1/x64/src/runtime/sigqueue.go:149 +0x85 fp=0x21122f2067c0 sp=0x21122f2067a0 pc=0xabae165
contention_diagnostic (candidate, 4)	Repeat complete tests under recorded package concurrency	2026-09-07T10:58:57.7154200Z             os/signal.loop()
contention_diagnostic (candidate, 4)	Repeat complete tests under recorded package concurrency	2026-09-07T10:58:57.7156530Z             	/Users/runner/hostedtoolcache/go/1.27.1/x64/src/os/signal/signal_unix.go:23 +0x13 fp=0x21122f2067e0 sp=0x21122f2067c0 pc=0xacac6d3
contention_diagnostic (candidate, 4)	Repeat complete tests under recorded package concurrency	2026-09-07T10:58:57.7158030Z             runtime.goexit({})
contention_diagnostic (candidate, 4)	Repeat complete tests under recorded package concurrency	2026-09-07T10:58:57.7159910Z             	/Users/runner/hostedtoolcache/go/1.27.1/x64/src/runtime/asm_amd64.s:1264 +0x1 fp=0x21122f2067e8 sp=0x21122f2067e0 pc=0xabb33a1
contention_diagnostic (candidate, 4)	Repeat complete tests under recorded package concurrency	2026-09-07T10:58:57.7161410Z             created by os/signal.Notify.func2.1 in goroutine 20
contention_diagnostic (candidate, 4)	Repeat complete tests under recorded package concurrency	2026-09-07T10:58:57.7162860Z             	/Users/runner/hostedtoolcache/go/1.27.1/x64/src/os/signal/signal.go:164 +0x1f
contention_diagnostic (candidate, 4)	Repeat complete tests under recorded package concurrency	2026-09-07T10:58:57.7163670Z             
contention_diagnostic (candidate, 4)	Repeat complete tests under recorded package concurrency	2026-09-07T10:58:57.7164550Z             goroutine 5 gp=0x21122f0334a0 m=8 mp=0x21122f1b0008 [syscall]:
contention_diagnostic (candidate, 4)	Repeat complete tests under recorded package concurrency	2026-09-07T10:58:57.7165660Z             syscall.syscalln(0xabc5480, {0x21122f1714b0, 0x6, 0x6})
contention_diagnostic (candidate, 4)	Repeat complete tests under recorded package concurrency	2026-09-07T10:58:57.7167830Z             	/Users/runner/hostedtoolcache/go/1.27.1/x64/src/runtime/sys_darwin.go:27 +0x25 fp=0x21122f171490 sp=0x21122f171448 pc=0xabafe45
contention_diagnostic (candidate, 4)	Repeat complete tests under recorded package concurrency	2026-09-07T10:58:57.7170060Z             syscall.syscall6(0x1e888578?, 0x21122f1b0008?, 0x21122f171530?, 0xab90e99?, 0x21122f1715a0?, 0x1?, 0x421e888578?)
contention_diagnostic (candidate, 4)	Repeat complete tests under recorded package concurrency	2026-09-07T10:58:57.7172620Z             	/Users/runner/hostedtoolcache/go/1.27.1/x64/src/syscall/syscall_darwin.go:407 +0x37 fp=0x21122f1714f0 sp=0x21122f171490 pc=0xabc4737
contention_diagnostic (candidate, 4)	Repeat complete tests under recorded package concurrency	2026-09-07T10:58:57.7174770Z             syscall.kevent(0x21122f1715d0?, 0xab39ae7?, 0x1e8887e5?, 0x21122f1b0008?, 0x21122f1715a8?, 0xab90e99?)
contention_diagnostic (candidate, 4)	Repeat complete tests under recorded package concurrency	2026-09-07T10:58:57.7177330Z             	/Users/runner/hostedtoolcache/go/1.27.1/x64/src/syscall/zsyscall_darwin_amd64.go:272 +0x4c fp=0x21122f171558 sp=0x21122f1714f0 pc=0xabc276c
contention_diagnostic (candidate, 4)	Repeat complete tests under recorded package concurrency	2026-09-07T10:58:57.7180480Z             syscall.Kevent(0x421e8887e5?, {0x0?, 0x21122f1715d8?, 0xabb0776?}, {0x21122f0c0008?, 0x24e2620?, 0x24e262000000000?}, 0x21122f1715f8?)
contention_diagnostic (candidate, 4)	Repeat complete tests under recorded package concurrency	2026-09-07T10:58:57.7183020Z             	/Users/runner/hostedtoolcache/go/1.27.1/x64/src/syscall/syscall_bsd.go:431 +0x35 fp=0x21122f171598 sp=0x21122f171558 pc=0xabc1495
contention_diagnostic (candidate, 4)	Repeat complete tests under recorded package concurrency	2026-09-07T10:58:57.7185190Z             github.com/brandopakel/keel/internal/core/io_multiplexing.(*KQueue).Check(0x21122f0c8000)
contention_diagnostic (candidate, 4)	Repeat complete tests under recorded package concurrency	2026-09-07T10:58:57.7187650Z             	/Users/runner/work/keel/keel/internal/core/io_multiplexing/kqueue_darwin.go:66 +0x37 fp=0x21122f171608 sp=0x21122f171598 pc=0xad7b097
contention_diagnostic (candidate, 4)	Repeat complete tests under recorded package concurrency	2026-09-07T10:58:57.7189560Z             github.com/brandopakel/keel/internal/server.RunAsyncTCPServer(0x21122f0400e0?)
contention_diagnostic (candidate, 4)	Repeat complete tests under recorded package concurrency	2026-09-07T10:58:57.7191680Z             	/Users/runner/work/keel/keel/internal/server/server.go:600 +0x90b fp=0x21122f171fa8 sp=0x21122f171608 pc=0xae17fab
contention_diagnostic (candidate, 4)	Repeat complete tests under recorded package concurrency	2026-09-07T10:58:57.7193180Z             github.com/brandopakel/keel/cmd/keel.runServer.func1()
contention_diagnostic (candidate, 4)	Repeat complete tests under recorded package concurrency	2026-09-07T10:58:57.7195020Z             	/Users/runner/work/keel/keel/cmd/keel/main.go:283 +0x27 fp=0x21122f171fe0 sp=0x21122f171fa8 pc=0xae467a7
contention_diagnostic (candidate, 4)	Repeat complete tests under recorded package concurrency	2026-09-07T10:58:57.7196110Z             runtime.goexit({})
contention_diagnostic (candidate, 4)	Repeat complete tests under recorded package concurrency	2026-09-07T10:58:57.7197970Z             	/Users/runner/hostedtoolcache/go/1.27.1/x64/src/runtime/asm_amd64.s:1264 +0x1 fp=0x21122f171fe8 sp=0x21122f171fe0 pc=0xabb33a1
contention_diagnostic (candidate, 4)	Repeat complete tests under recorded package concurrency	2026-09-07T10:58:57.7199740Z             created by github.com/brandopakel/keel/cmd/keel.runServer in goroutine 20
contention_diagnostic (candidate, 4)	Repeat complete tests under recorded package concurrency	2026-09-07T10:58:57.7201160Z             	/Users/runner/work/keel/keel/cmd/keel/main.go:283 +0xc1b
contention_diagnostic (candidate, 4)	Repeat complete tests under recorded package concurrency	2026-09-07T10:58:57.7201840Z             
contention_diagnostic (candidate, 4)	Repeat complete tests under recorded package concurrency	2026-09-07T10:58:57.7203060Z             goroutine 6 gp=0x21122f033680 m=nil [chan receive]:
contention_diagnostic (candidate, 4)	Repeat complete tests under recorded package concurrency	2026-09-07T10:58:57.7204020Z             runtime.gopark(0x0?, 0x0?, 0x0?, 0x0?, 0x0?)
contention_diagnostic (candidate, 4)	Repeat complete tests under recorded package concurrency	2026-09-07T10:58:57.7205980Z             	/Users/runner/hostedtoolcache/go/1.27.1/x64/src/runtime/proc.go:474 +0xca fp=0x21122f28fea0 sp=0x21122f28fe80 pc=0xabac34a
contention_diagnostic (candidate, 4)	Repeat complete tests under recorded package concurrency	2026-09-07T10:58:57.7207470Z             runtime.chanrecv(0x21122f052540, 0x21122f29ff88, 0x1)
contention_diagnostic (candidate, 4)	Repeat complete tests under recorded package concurrency	2026-09-07T10:58:57.7209490Z             	/Users/runner/hostedtoolcache/go/1.27.1/x64/src/runtime/chan.go:667 +0x4ae fp=0x21122f28ff18 sp=0x21122f28fea0 pc=0xab39eee
contention_diagnostic (candidate, 4)	Repeat complete tests under recorded package concurrency	2026-09-07T10:58:57.7210760Z             runtime.chanrecv2(0x0?, 0x0?)
contention_diagnostic (candidate, 4)	Repeat complete tests under recorded package concurrency	2026-09-07T10:58:57.7212660Z             	/Users/runner/hostedtoolcache/go/1.27.1/x64/src/runtime/chan.go:514 +0x12 fp=0x21122f28ff40 sp=0x21122f28ff18 pc=0xab39a32
contention_diagnostic (candidate, 4)	Repeat complete tests under recorded package concurrency	2026-09-07T10:58:57.7214640Z             github.com/brandopakel/keel/internal/server.(*ioPool).worker(0x21122f0a40c0, 0x21122f052540)
contention_diagnostic (candidate, 4)	Repeat complete tests under recorded package concurrency	2026-09-07T10:58:57.7216880Z             	/Users/runner/work/keel/keel/internal/server/iothreads.go:120 +0x95 fp=0x21122f29ffc0 sp=0x21122f28ff40 pc=0xae14515
contention_diagnostic (candidate, 4)	Repeat complete tests under recorded package concurrency	2026-09-07T10:58:57.7218560Z             github.com/brandopakel/keel/internal/server.newIOPool.gowrap1()
contention_diagnostic (candidate, 4)	Repeat complete tests under recorded package concurrency	2026-09-07T10:58:57.7221000Z             	/Users/runner/work/keel/keel/internal/server/iothreads.go:110 +0x1b fp=0x21122f29ffe0 sp=0x21122f29ffc0 pc=0xae1c6db
contention_diagnostic (candidate, 4)	Repeat complete tests under recorded package concurrency	2026-09-07T10:58:57.7222640Z             runtime.goexit({})
contention_diagnostic (candidate, 4)	Repeat complete tests under recorded package concurrency	2026-09-07T10:58:57.7225270Z             	/Users/runner/hostedtoolcache/go/1.27.1/x64/src/runtime/asm_amd64.s:1264 +0x1 fp=0x21122f29ffe8 sp=0x21122f29ffe0 pc=0xabb33a1
contention_diagnostic (candidate, 4)	Repeat complete tests under recorded package concurrency	2026-09-07T10:58:57.7227710Z             created by github.com/brandopakel/keel/internal/server.newIOPool in goroutine 5
contention_diagnostic (candidate, 4)	Repeat complete tests under recorded package concurrency	2026-09-07T10:58:57.7229860Z             	/Users/runner/work/keel/keel/internal/server/iothreads.go:110 +0xd0
contention_diagnostic (candidate, 4)	Repeat complete tests under recorded package concurrency	2026-09-07T10:58:57.7230850Z             
contention_diagnostic (candidate, 4)	Repeat complete tests under recorded package concurrency	2026-09-07T10:58:57.7231750Z             goroutine 7 gp=0x21122f033860 m=nil [chan receive]:
contention_diagnostic (candidate, 4)	Repeat complete tests under recorded package concurrency	2026-09-07T10:58:57.7232720Z             runtime.gopark(0x0?, 0x0?, 0x0?, 0x0?, 0x0?)
contention_diagnostic (candidate, 4)	Repeat complete tests under recorded package concurrency	2026-09-07T10:58:57.7234800Z             	/Users/runner/hostedtoolcache/go/1.27.1/x64/src/runtime/proc.go:474 +0xca fp=0x21122f2afea0 sp=0x21122f2afe80 pc=0xabac34a
contention_diagnostic (candidate, 4)	Repeat complete tests under recorded package concurrency	2026-09-07T10:58:57.7236920Z             runtime.chanrecv(0x21122f0525b0, 0x21122f2bff88, 0x1)
contention_diagnostic (candidate, 4)	Repeat complete tests under recorded package concurrency	2026-09-07T10:58:57.7239990Z             	/Users/runner/hostedtoolcache/go/1.27.1/x64/src/runtime/chan.go:667 +0x4ae fp=0x21122f2aff18 sp=0x21122f2afea0 pc=0xab39eee
contention_diagnostic (candidate, 4)	Repeat complete tests under recorded package concurrency	2026-09-07T10:58:57.7241280Z             runtime.chanrecv2(0x0?, 0x0?)
contention_diagnostic (candidate, 4)	Repeat complete tests under recorded package concurrency	2026-09-07T10:58:57.7243420Z             	/Users/runner/hostedtoolcache/go/1.27.1/x64/src/runtime/chan.go:514 +0x12 fp=0x21122f2aff40 sp=0x21122f2aff18 pc=0xab39a32
contention_diagnostic (candidate, 4)	Repeat complete tests under recorded package concurrency	2026-09-07T10:58:57.7245450Z             github.com/brandopakel/keel/internal/server.(*ioPool).worker(0x21122f0a40c0, 0x21122f0525b0)
contention_diagnostic (candidate, 4)	Repeat complete tests under recorded package concurrency	2026-09-07T10:58:57.7247680Z             	/Users/runner/work/keel/keel/internal/server/iothreads.go:120 +0x95 fp=0x21122f2bffc0 sp=0x21122f2aff40 pc=0xae14515
contention_diagnostic (candidate, 4)	Repeat complete tests under recorded package concurrency	2026-09-07T10:58:57.7249330Z             github.com/brandopakel/keel/internal/server.newIOPool.gowrap1()
contention_diagnostic (candidate, 4)	Repeat complete tests under recorded package concurrency	2026-09-07T10:58:57.7251420Z             	/Users/runner/work/keel/keel/internal/server/iothreads.go:110 +0x1b fp=0x21122f2bffe0 sp=0x21122f2bffc0 pc=0xae1c6db
contention_diagnostic (candidate, 4)	Repeat complete tests under recorded package concurrency	2026-09-07T10:58:57.7252700Z             runtime.goexit({})
contention_diagnostic (candidate, 4)	Repeat complete tests under recorded package concurrency	2026-09-07T10:58:57.7254550Z             	/Users/runner/hostedtoolcache/go/1.27.1/x64/src/runtime/asm_amd64.s:1264 +0x1 fp=0x21122f2bffe8 sp=0x21122f2bffe0 pc=0xabb33a1
contention_diagnostic (candidate, 4)	Repeat complete tests under recorded package concurrency	2026-09-07T10:58:57.7256680Z             created by github.com/brandopakel/keel/internal/server.newIOPool in goroutine 5
contention_diagnostic (candidate, 4)	Repeat complete tests under recorded package concurrency	2026-09-07T10:58:57.7258710Z             	/Users/runner/work/keel/keel/internal/server/iothreads.go:110 +0xd0
contention_diagnostic (candidate, 4)	Repeat complete tests under recorded package concurrency	2026-09-07T10:58:57.7259560Z             
contention_diagnostic (candidate, 4)	Repeat complete tests under recorded package concurrency	2026-09-07T10:58:57.7260350Z             goroutine 8 gp=0x21122f033a40 m=nil [chan receive]:
contention_diagnostic (candidate, 4)	Repeat complete tests under recorded package concurrency	2026-09-07T10:58:57.7261320Z             runtime.gopark(0x0?, 0x0?, 0x0?, 0x0?, 0x0?)
contention_diagnostic (candidate, 4)	Repeat complete tests under recorded package concurrency	2026-09-07T10:58:57.7263330Z             	/Users/runner/hostedtoolcache/go/1.27.1/x64/src/runtime/proc.go:474 +0xca fp=0x21122f2cfea0 sp=0x21122f2cfe80 pc=0xabac34a
contention_diagnostic (candidate, 4)	Repeat complete tests under recorded package concurrency	2026-09-07T10:58:57.7265390Z             runtime.chanrecv(0x21122f052620, 0x21122f2dff88, 0x1)
contention_diagnostic (candidate, 4)	Repeat complete tests under recorded package concurrency	2026-09-07T10:58:57.7267420Z             	/Users/runner/hostedtoolcache/go/1.27.1/x64/src/runtime/chan.go:667 +0x4ae fp=0x21122f2cff18 sp=0x21122f2cfea0 pc=0xab39eee
contention_diagnostic (candidate, 4)	Repeat complete tests under recorded package concurrency	2026-09-07T10:58:57.7268740Z             runtime.chanrecv2(0x0?, 0x0?)
contention_diagnostic (candidate, 4)	Repeat complete tests under recorded package concurrency	2026-09-07T10:58:57.7271370Z             	/Users/runner/hostedtoolcache/go/1.27.1/x64/src/runtime/chan.go:514 +0x12 fp=0x21122f2cff40 sp=0x21122f2cff18 pc=0xab39a32
contention_diagnostic (candidate, 4)	Repeat complete tests under recorded package concurrency	2026-09-07T10:58:57.7273380Z             github.com/brandopakel/keel/internal/server.(*ioPool).worker(0x21122f0a40c0, 0x21122f052620)
contention_diagnostic (candidate, 4)	Repeat complete tests under recorded package concurrency	2026-09-07T10:58:57.7275710Z             	/Users/runner/work/keel/keel/internal/server/iothreads.go:120 +0x95 fp=0x21122f2dffc0 sp=0x21122f2cff40 pc=0xae14515
contention_diagnostic (candidate, 4)	Repeat complete tests under recorded package concurrency	2026-09-07T10:58:57.7277380Z             github.com/brandopakel/keel/internal/server.newIOPool.gowrap1()
contention_diagnostic (candidate, 4)	Repeat complete tests under recorded package concurrency	2026-09-07T10:58:57.7279490Z             	/Users/runner/work/keel/keel/internal/server/iothreads.go:110 +0x1b fp=0x21122f2dffe0 sp=0x21122f2dffc0 pc=0xae1c6db
contention_diagnostic (candidate, 4)	Repeat complete tests under recorded package concurrency	2026-09-07T10:58:57.7280710Z             runtime.goexit({})
contention_diagnostic (candidate, 4)	Repeat complete tests under recorded package concurrency	2026-09-07T10:58:57.7282540Z             	/Users/runner/hostedtoolcache/go/1.27.1/x64/src/runtime/asm_amd64.s:1264 +0x1 fp=0x21122f2dffe8 sp=0x21122f2dffe0 pc=0xabb33a1
contention_diagnostic (candidate, 4)	Repeat complete tests under recorded package concurrency	2026-09-07T10:58:57.7284520Z             created by github.com/brandopakel/keel/internal/server.newIOPool in goroutine 5
contention_diagnostic (candidate, 4)	Repeat complete tests under recorded package concurrency	2026-09-07T10:58:57.7286060Z             	/Users/runner/work/keel/keel/internal/server/iothreads.go:110 +0xd0
contention_diagnostic (candidate, 4)	Repeat complete tests under recorded package concurrency	2026-09-07T10:58:57.7286780Z             
contention_diagnostic (candidate, 4)	Repeat complete tests under recorded package concurrency	2026-09-07T10:58:57.7287800Z             goroutine 9 gp=0x21122f033c20 m=nil [select]:
contention_diagnostic (candidate, 4)	Repeat complete tests under recorded package concurrency	2026-09-07T10:58:57.7289350Z             runtime.gopark(0x21122f094f98?, 0x2?, 0x92?, 0x33?, 0x21122f094f84?)
contention_diagnostic (candidate, 4)	Repeat complete tests under recorded package concurrency	2026-09-07T10:58:57.7291840Z             	/Users/runner/hostedtoolcache/go/1.27.1/x64/src/runtime/proc.go:474 +0xca fp=0x21122f094e08 sp=0x21122f094de8 pc=0xabac34a
contention_diagnostic (candidate, 4)	Repeat complete tests under recorded package concurrency	2026-09-07T10:58:57.7293520Z             runtime.selectgo(0x21122f094f98, 0x21122f094f80, 0x0?, 0x0, 0x0?, 0x1)
contention_diagnostic (candidate, 4)	Repeat complete tests under recorded package concurrency	2026-09-07T10:58:57.7295690Z             	/Users/runner/hostedtoolcache/go/1.27.1/x64/src/runtime/select.go:351 +0xa97 fp=0x21122f094f48 sp=0x21122f094e08 pc=0xab84e77
contention_diagnostic (candidate, 4)	Repeat complete tests under recorded package concurrency	2026-09-07T10:58:57.7298050Z             github.com/brandopakel/keel/internal/server.RunAsyncTCPServer.func5()
contention_diagnostic (candidate, 4)	Repeat complete tests under recorded package concurrency	2026-09-07T10:58:57.7300660Z             	/Users/runner/work/keel/keel/internal/server/server.go:588 +0xb7 fp=0x21122f094fe0 sp=0x21122f094f48 pc=0xae1dd37
contention_diagnostic (candidate, 4)	Repeat complete tests under recorded package concurrency	2026-09-07T10:58:57.7301820Z             runtime.goexit({})
contention_diagnostic (candidate, 4)	Repeat complete tests under recorded package concurrency	2026-09-07T10:58:57.7303650Z             	/Users/runner/hostedtoolcache/go/1.27.1/x64/src/runtime/asm_amd64.s:1264 +0x1 fp=0x21122f094fe8 sp=0x21122f094fe0 pc=0xabb33a1
contention_diagnostic (candidate, 4)	Repeat complete tests under recorded package concurrency	2026-09-07T10:58:57.7305900Z             created by github.com/brandopakel/keel/internal/server.RunAsyncTCPServer in goroutine 5
contention_diagnostic (candidate, 4)	Repeat complete tests under recorded package concurrency	2026-09-07T10:58:57.7307720Z             	/Users/runner/work/keel/keel/internal/server/server.go:584 +0x6b1
contention_diagnostic (candidate, 4)	Repeat complete tests under recorded package concurrency	2026-09-07T10:58:57.7308550Z             
contention_diagnostic (candidate, 4)	Repeat complete tests under recorded package concurrency	2026-09-07T10:58:57.7309380Z             goroutine 10 gp=0x21122f0de000 m=nil [GC worker (idle)]:
contention_diagnostic (candidate, 4)	Repeat complete tests under recorded package concurrency	2026-09-07T10:58:57.7310380Z             runtime.gopark(0x0?, 0x0?, 0x0?, 0x0?, 0x0?)
contention_diagnostic (candidate, 4)	Repeat complete tests under recorded package concurrency	2026-09-07T10:58:57.7312530Z             	/Users/runner/hostedtoolcache/go/1.27.1/x64/src/runtime/proc.go:474 +0xca fp=0x21122f07df40 sp=0x21122f07df20 pc=0xabac34a
contention_diagnostic (candidate, 4)	Repeat complete tests under recorded package concurrency	2026-09-07T10:58:57.7313910Z             runtime.gcBgMarkWorker(0x21122f052700)
contention_diagnostic (candidate, 4)	Repeat complete tests under recorded package concurrency	2026-09-07T10:58:57.7316350Z             	/Users/runner/hostedtoolcache/go/1.27.1/x64/src/runtime/mgc.go:1807 +0xeb fp=0x21122f07dfc8 sp=0x21122f07df40 pc=0xab503ab
contention_diagnostic (candidate, 4)	Repeat complete tests under recorded package concurrency	2026-09-07T10:58:57.7317810Z             runtime.gcBgMarkStartWorkers.gowrap1()
contention_diagnostic (candidate, 4)	Repeat complete tests under recorded package concurrency	2026-09-07T10:58:57.7319780Z             	/Users/runner/hostedtoolcache/go/1.27.1/x64/src/runtime/mgc.go:1711 +0x17 fp=0x21122f07dfe0 sp=0x21122f07dfc8 pc=0xaba2437
contention_diagnostic (candidate, 4)	Repeat complete tests under recorded package concurrency	2026-09-07T10:58:57.7320980Z             runtime.goexit({})
contention_diagnostic (candidate, 4)	Repeat complete tests under recorded package concurrency	2026-09-07T10:58:57.7322870Z             	/Users/runner/hostedtoolcache/go/1.27.1/x64/src/runtime/asm_amd64.s:1264 +0x1 fp=0x21122f07dfe8 sp=0x21122f07dfe0 pc=0xabb33a1
contention_diagnostic (candidate, 4)	Repeat complete tests under recorded package concurrency	2026-09-07T10:58:57.7324890Z             created by runtime.gcBgMarkStartWorkers in goroutine 5
contention_diagnostic (candidate, 4)	Repeat complete tests under recorded package concurrency	2026-09-07T10:58:57.7326330Z             	/Users/runner/hostedtoolcache/go/1.27.1/x64/src/runtime/mgc.go:1711 +0xfc
contention_diagnostic (candidate, 4)	Repeat complete tests under recorded package concurrency	2026-09-07T10:58:57.7327110Z             
contention_diagnostic (candidate, 4)	Repeat complete tests under recorded package concurrency	2026-09-07T10:58:57.7327960Z             goroutine 11 gp=0x21122f0de1e0 m=nil [GC worker (idle)]:
contention_diagnostic (candidate, 4)	Repeat complete tests under recorded package concurrency	2026-09-07T10:58:57.7329040Z             runtime.gopark(0x41b0668858?, 0x0?, 0x0?, 0x0?, 0x0?)
contention_diagnostic (candidate, 4)	Repeat complete tests under recorded package concurrency	2026-09-07T10:58:57.7331690Z             	/Users/runner/hostedtoolcache/go/1.27.1/x64/src/runtime/proc.go:474 +0xca fp=0x21122f202740 sp=0x21122f202720 pc=0xabac34a
contention_diagnostic (candidate, 4)	Repeat complete tests under recorded package concurrency	2026-09-07T10:58:57.7333380Z             runtime.gcBgMarkWorker(0x21122f052700)
contention_diagnostic (candidate, 4)	Repeat complete tests under recorded package concurrency	2026-09-07T10:58:57.7335440Z             	/Users/runner/hostedtoolcache/go/1.27.1/x64/src/runtime/mgc.go:1807 +0xeb fp=0x21122f2027c8 sp=0x21122f202740 pc=0xab503ab
contention_diagnostic (candidate, 4)	Repeat complete tests under recorded package concurrency	2026-09-07T10:58:57.7336820Z             runtime.gcBgMarkStartWorkers.gowrap1()
contention_diagnostic (candidate, 4)	Repeat complete tests under recorded package concurrency	2026-09-07T10:58:57.7338780Z             	/Users/runner/hostedtoolcache/go/1.27.1/x64/src/runtime/mgc.go:1711 +0x17 fp=0x21122f2027e0 sp=0x21122f2027c8 pc=0xaba2437
contention_diagnostic (candidate, 4)	Repeat complete tests under recorded package concurrency	2026-09-07T10:58:57.7339990Z             runtime.goexit({})
contention_diagnostic (candidate, 4)	Repeat complete tests under recorded package concurrency	2026-09-07T10:58:57.7341820Z             	/Users/runner/hostedtoolcache/go/1.27.1/x64/src/runtime/asm_amd64.s:1264 +0x1 fp=0x21122f2027e8 sp=0x21122f2027e0 pc=0xabb33a1
contention_diagnostic (candidate, 4)	Repeat complete tests under recorded package concurrency	2026-09-07T10:58:57.7343460Z             created by runtime.gcBgMarkStartWorkers in goroutine 5
contention_diagnostic (candidate, 4)	Repeat complete tests under recorded package concurrency	2026-09-07T10:58:57.7344900Z             	/Users/runner/hostedtoolcache/go/1.27.1/x64/src/runtime/mgc.go:1711 +0xfc
contention_diagnostic (candidate, 4)	Repeat complete tests under recorded package concurrency	2026-09-07T10:58:57.7345660Z             
contention_diagnostic (candidate, 4)	Repeat complete tests under recorded package concurrency	2026-09-07T10:58:57.7346500Z             goroutine 12 gp=0x21122f0de3c0 m=nil [GC worker (idle)]:
contention_diagnostic (candidate, 4)	Repeat complete tests under recorded package concurrency	2026-09-07T10:58:57.7347560Z             runtime.gopark(0xb2cd440?, 0x3?, 0xef?, 0x91?, 0x0?)
contention_diagnostic (candidate, 4)	Repeat complete tests under recorded package concurrency	2026-09-07T10:58:57.7349790Z             	/Users/runner/hostedtoolcache/go/1.27.1/x64/src/runtime/proc.go:474 +0xca fp=0x21122f202f40 sp=0x21122f202f20 pc=0xabac34a
contention_diagnostic (candidate, 4)	Repeat complete tests under recorded package concurrency	2026-09-07T10:58:57.7351190Z             runtime.gcBgMarkWorker(0x21122f052700)
contention_diagnostic (candidate, 4)	Repeat complete tests under recorded package concurrency	2026-09-07T10:58:57.7353150Z             	/Users/runner/hostedtoolcache/go/1.27.1/x64/src/runtime/mgc.go:1807 +0xeb fp=0x21122f202fc8 sp=0x21122f202f40 pc=0xab503ab
contention_diagnostic (candidate, 4)	Repeat complete tests under recorded package concurrency	2026-09-07T10:58:57.7354760Z             runtime.gcBgMarkStartWorkers.gowrap1()
contention_diagnostic (candidate, 4)	Repeat complete tests under recorded package concurrency	2026-09-07T10:58:57.7356960Z             	/Users/runner/hostedtoolcache/go/1.27.1/x64/src/runtime/mgc.go:1711 +0x17 fp=0x21122f202fe0 sp=0x21122f202fc8 pc=0xaba2437
contention_diagnostic (candidate, 4)	Repeat complete tests under recorded package concurrency	2026-09-07T10:58:57.7358870Z             runtime.goexit({})
contention_diagnostic (candidate, 4)	Repeat complete tests under recorded package concurrency	2026-09-07T10:58:57.7360890Z             	/Users/runner/hostedtoolcache/go/1.27.1/x64/src/runtime/asm_amd64.s:1264 +0x1 fp=0x21122f202fe8 sp=0x21122f202fe0 pc=0xabb33a1
contention_diagnostic (candidate, 4)	Repeat complete tests under recorded package concurrency	2026-09-07T10:58:57.7362670Z             created by runtime.gcBgMarkStartWorkers in goroutine 5
contention_diagnostic (candidate, 4)	Repeat complete tests under recorded package concurrency	2026-09-07T10:58:57.7364340Z             	/Users/runner/hostedtoolcache/go/1.27.1/x64/src/runtime/mgc.go:1711 +0xfc
contention_diagnostic (candidate, 4)	Repeat complete tests under recorded package concurrency	2026-09-07T10:58:57.7365400Z             
contention_diagnostic (candidate, 4)	Repeat complete tests under recorded package concurrency	2026-09-07T10:58:57.7366320Z             goroutine 13 gp=0x21122f0de5a0 m=nil [GC worker (idle)]:
contention_diagnostic (candidate, 4)	Repeat complete tests under recorded package concurrency	2026-09-07T10:58:57.7367670Z             runtime.gopark(0x41d244cdfb?, 0x21122f0e0600?, 0x1c?, 0xa?, 0x0?)
contention_diagnostic (candidate, 4)	Repeat complete tests under recorded package concurrency	2026-09-07T10:58:57.7370150Z             	/Users/runner/hostedtoolcache/go/1.27.1/x64/src/runtime/proc.go:474 +0xca fp=0x21122f203740 sp=0x21122f203720 pc=0xabac34a
contention_diagnostic (candidate, 4)	Repeat complete tests under recorded package concurrency	2026-09-07T10:58:57.7371520Z             runtime.gcBgMarkWorker(0x21122f052700)
contention_diagnostic (candidate, 4)	Repeat complete tests under recorded package concurrency	2026-09-07T10:58:57.7373560Z             	/Users/runner/hostedtoolcache/go/1.27.1/x64/src/runtime/mgc.go:1807 +0xeb fp=0x21122f2037c8 sp=0x21122f203740 pc=0xab503ab
contention_diagnostic (candidate, 4)	Repeat complete tests under recorded package concurrency	2026-09-07T10:58:57.7375200Z             runtime.gcBgMarkStartWorkers.gowrap1()
contention_diagnostic (candidate, 4)	Repeat complete tests under recorded package concurrency	2026-09-07T10:58:57.7377210Z             	/Users/runner/hostedtoolcache/go/1.27.1/x64/src/runtime/mgc.go:1711 +0x17 fp=0x21122f2037e0 sp=0x21122f2037c8 pc=0xaba2437
contention_diagnostic (candidate, 4)	Repeat complete tests under recorded package concurrency	2026-09-07T10:58:57.7378500Z             runtime.goexit({})
contention_diagnostic (candidate, 4)	Repeat complete tests under recorded package concurrency	2026-09-07T10:58:57.7380700Z             	/Users/runner/hostedtoolcache/go/1.27.1/x64/src/runtime/asm_amd64.s:1264 +0x1 fp=0x21122f2037e8 sp=0x21122f2037e0 pc=0xabb33a1
contention_diagnostic (candidate, 4)	Repeat complete tests under recorded package concurrency	2026-09-07T10:58:57.7382390Z             created by runtime.gcBgMarkStartWorkers in goroutine 5
contention_diagnostic (candidate, 4)	Repeat complete tests under recorded package concurrency	2026-09-07T10:58:57.7384630Z             	/Users/runner/hostedtoolcache/go/1.27.1/x64/src/runtime/mgc.go:1711 +0xfc
contention_diagnostic (candidate, 4)	Repeat complete tests under recorded package concurrency	2026-09-07T10:58:57.7385410Z             
contention_diagnostic (candidate, 4)	Repeat complete tests under recorded package concurrency	2026-09-07T10:58:57.7385860Z             rax    0x104
contention_diagnostic (candidate, 4)	Repeat complete tests under recorded package concurrency	2026-09-07T10:58:57.7386440Z             rbx    0x7ff85a2b4180
contention_diagnostic (candidate, 4)	Repeat complete tests under recorded package concurrency	2026-09-07T10:58:57.7387050Z             rcx    0x7ff7b63da098
contention_diagnostic (candidate, 4)	Repeat complete tests under recorded package concurrency	2026-09-07T10:58:57.7387600Z             rdx    0x400
contention_diagnostic (candidate, 4)	Repeat complete tests under recorded package concurrency	2026-09-07T10:58:57.7388130Z             rdi    0xb2aca68
contention_diagnostic (candidate, 4)	Repeat complete tests under recorded package concurrency	2026-09-07T10:58:57.7388710Z             rsi    0x40100000500
contention_diagnostic (candidate, 4)	Repeat complete tests under recorded package concurrency	2026-09-07T10:58:57.7389310Z             rbp    0x7ff7b63da130
contention_diagnostic (candidate, 4)	Repeat complete tests under recorded package concurrency	2026-09-07T10:58:57.7389920Z             rsp    0x7ff7b63da098
contention_diagnostic (candidate, 4)	Repeat complete tests under recorded package concurrency	2026-09-07T10:58:57.7390450Z             r8     0x0
contention_diagnostic (candidate, 4)	Repeat complete tests under recorded package concurrency	2026-09-07T10:58:57.7390920Z             r9     0xa0
contention_diagnostic (candidate, 4)	Repeat complete tests under recorded package concurrency	2026-09-07T10:58:57.7391390Z             r10    0x0
contention_diagnostic (candidate, 4)	Repeat complete tests under recorded package concurrency	2026-09-07T10:58:57.7391870Z             r11    0x246
contention_diagnostic (candidate, 4)	Repeat complete tests under recorded package concurrency	2026-09-07T10:58:57.7392430Z             r12    0x7ff7b63da0b0
contention_diagnostic (candidate, 4)	Repeat complete tests under recorded package concurrency	2026-09-07T10:58:57.7393020Z             r13    0x40100000500
contention_diagnostic (candidate, 4)	Repeat complete tests under recorded package concurrency	2026-09-07T10:58:57.7393580Z             r14    0xb2aca68
contention_diagnostic (candidate, 4)	Repeat complete tests under recorded package concurrency	2026-09-07T10:58:57.7394090Z             r15    0x400
contention_diagnostic (candidate, 4)	Repeat complete tests under recorded package concurrency	2026-09-07T10:58:57.7394720Z             rip    0x7ff81887a6f6
contention_diagnostic (candidate, 4)	Repeat complete tests under recorded package concurrency	2026-09-07T10:58:57.7395340Z             rflags 0x247
contention_diagnostic (candidate, 4)	Repeat complete tests under recorded package concurrency	2026-09-07T10:58:57.7395830Z             cs     0x7
contention_diagnostic (candidate, 4)	Repeat complete tests under recorded package concurrency	2026-09-07T10:58:57.7396480Z             fs     0x0
contention_diagnostic (candidate, 4)	Repeat complete tests under recorded package concurrency	2026-09-07T10:58:57.7397290Z             gs     0x0
contention_diagnostic (candidate, 4)	Repeat complete tests under recorded package concurrency	2026-09-07T10:58:57.7397710Z FAIL
contention_diagnostic (candidate, 4)	Repeat complete tests under recorded package concurrency	2026-09-07T10:58:57.7398190Z FAIL	github.com/brandopakel/keel/cmd/keel	34.903s
contention_diagnostic (candidate, 4)	Repeat complete tests under recorded package concurrency	2026-09-07T10:58:57.7399040Z ?   	github.com/brandopakel/keel/internal/config	[no test files]
contention_diagnostic (candidate, 4)	Repeat complete tests under recorded package concurrency	2026-09-07T10:58:57.7399850Z ?   	github.com/brandopakel/keel/internal/constant	[no test files]
contention_diagnostic (candidate, 4)	Repeat complete tests under recorded package concurrency	2026-09-07T10:59:15.3798060Z ok  	github.com/brandopakel/keel/internal/core	48.099s
contention_diagnostic (candidate, 4)	Repeat complete tests under recorded package concurrency	2026-09-07T10:59:15.4158380Z ok  	github.com/brandopakel/keel/internal/core/io_multiplexing	0.098s
contention_diagnostic (candidate, 4)	Repeat complete tests under recorded package concurrency	2026-09-07T10:59:21.7655800Z ok  	github.com/brandopakel/keel/internal/data_structure	54.510s
contention_diagnostic (candidate, 4)	Repeat complete tests under recorded package concurrency	2026-09-07T10:59:21.8662290Z ok  	github.com/brandopakel/keel/internal/server	1.545s
contention_diagnostic (candidate, 4)	Repeat complete tests under recorded package concurrency	2026-09-07T10:59:21.8867850Z FAIL
contention_diagnostic (candidate, 4)	Repeat complete tests under recorded package concurrency	2026-09-07T10:59:21.9410760Z ##[error]Process completed with exit code 1.
