artifact_id,run_id,time,branch,pr,host,suite,workload,repetitions,ratio_median,ratio_min,ratio_max,baseline_ops,candidate_ops,baseline_p99_ms,candidate_p99_ms,baseline_p999_ms,candidate_p999_ms,baseline_rss_mib,candidate_rss_mib,client_cpu_warnings
10008956880,34095159507,2026-09-07T07:22:34Z,fix/engineering-review-closeout,27,EPYC 9V74,memory,keys-0-value-64-clients-1,3,,,,,,,,,,7.42,7.55,0
10008956880,34095159507,2026-09-07T07:22:34Z,fix/engineering-review-closeout,27,EPYC 9V74,memory,keys-0-value-64-clients-256,3,,,,,,,,,,9.45,9.63,0
10008956880,34095159507,2026-09-07T07:22:34Z,fix/engineering-review-closeout,27,EPYC 9V74,memory,keys-2500-value-64-clients-1,3,,,,,,,,,,9.69,9.88,0
10008956880,34095159507,2026-09-07T07:22:34Z,fix/engineering-review-closeout,27,EPYC 9V74,memory,keys-2500-value-64-clients-256,3,,,,,,,,,,9.71,9.89,0
10008956880,34095159507,2026-09-07T07:22:34Z,fix/engineering-review-closeout,27,EPYC 9V74,memory,keys-25000-value-64-clients-1,3,,,,,,,,,,14.76,14.82,0
10008956880,34095159507,2026-09-07T07:22:34Z,fix/engineering-review-closeout,27,EPYC 9V74,memory,keys-100000-value-64-clients-1,3,,,,,,,,,,29.24,29.24,0
10008956880,34095159507,2026-09-07T07:22:34Z,fix/engineering-review-closeout,27,EPYC 9V74,memory,keys-1000000-value-64-clients-1,3,,,,,,,,,,213.82,215.82,0
10008956880,34095159507,2026-09-07T07:22:34Z,fix/engineering-review-closeout,27,EPYC 9V74,memory,keys-2500-value-1024-clients-1,3,,,,,,,,,,12.31,12.27,0
10008956880,34095159507,2026-09-07T07:22:34Z,fix/engineering-review-closeout,27,EPYC 9V74,memory,keys-25000-value-1024-clients-1,3,,,,,,,,,,39.43,37.49,0
10008956880,34095159507,2026-09-07T07:22:34Z,fix/engineering-review-closeout,27,EPYC 9V74,standard,cache-read-64,3,1.0218,0.9752,1.0255,74019,73751,0.415,0.423,0.711,1.231,13.0,13.12,0
10008956880,34095159507,2026-09-07T07:22:34Z,fix/engineering-review-closeout,27,EPYC 9V74,standard,cache-balanced-64,3,1.0417,0.9982,1.0678,72347,76762,0.431,0.415,0.799,0.863,13.12,15.02,0
10008956880,34095159507,2026-09-07T07:22:34Z,fix/engineering-review-closeout,27,EPYC 9V74,standard,cache-write-64,3,0.996,0.9702,0.9968,74220,73777,0.415,0.423,0.687,0.735,13.13,15.12,0
10008956880,34095159507,2026-09-07T07:22:34Z,fix/engineering-review-closeout,27,EPYC 9V74,standard,cache-read-1k,3,1.04,0.999,1.0671,68260,71214,0.463,0.471,0.935,0.887,16.31,15.75,0
10008956880,34095159507,2026-09-07T07:22:34Z,fix/engineering-review-closeout,27,EPYC 9V74,standard,cache-read-16k,3,1.0004,0.9949,1.0165,7506,7505,40.959,40.959,41.983,41.983,43.48,44.73,0
10008956880,34095159507,2026-09-07T07:22:34Z,fix/engineering-review-closeout,27,EPYC 9V74,standard,cache-read-1m,3,0.9727,0.9437,1.039,1549,1507,6.111,41.215,43.007,43.007,84.41,82.14,0
10008956880,34095159507,2026-09-07T07:22:34Z,fix/engineering-review-closeout,27,EPYC 9V74,standard,cache-miss,3,1.0195,1.0099,1.0199,74995,76455,0.391,0.399,0.775,0.655,13.01,12.95,0
10008956880,34095159507,2026-09-07T07:22:34Z,fix/engineering-review-closeout,27,EPYC 9V74,standard,cache-hot,3,1.0188,0.9876,1.027,74711,76118,0.407,0.399,0.639,0.559,14.95,13.13,0
10008956880,34095159507,2026-09-07T07:22:34Z,fix/engineering-review-closeout,27,EPYC 9V74,standard,cache-ttl,3,0.9762,0.9358,0.9835,71045,68956,0.439,0.439,0.783,0.703,15.09,13.2,0
10008956880,34095159507,2026-09-07T07:22:34Z,fix/engineering-review-closeout,27,EPYC 9V74,standard,one-client,3,0.9975,0.9008,1.061,22564,21829,0.071,0.071,0.127,0.103,15.07,15.0,0
10008956880,34095159507,2026-09-07T07:22:34Z,fix/engineering-review-closeout,27,EPYC 9V74,standard,many-clients,3,1.0173,0.972,1.0233,76519,77667,4.607,4.479,11.199,11.007,13.18,13.16,0
10008956880,34095159507,2026-09-07T07:22:34Z,fix/engineering-review-closeout,27,EPYC 9V74,standard,pipeline-16,3,0.9501,0.9345,1.0263,706409,675664,0.679,0.703,0.959,0.959,13.18,13.2,0
10008956880,34095159507,2026-09-07T07:22:34Z,fix/engineering-review-closeout,27,EPYC 9V74,standard,pipeline-64,3,0.9799,0.9537,0.998,844466,826385,1.727,1.631,2.543,1.871,13.11,13.15,0
10008956880,34095159507,2026-09-07T07:22:34Z,fix/engineering-review-closeout,27,EPYC 9V74,standard,working-set-100k,3,0.9499,0.9326,0.961,73801,70659,0.407,0.423,0.631,0.615,37.92,38.18,0
10008956880,34095159507,2026-09-07T07:22:34Z,fix/engineering-review-closeout,27,EPYC 9V74,standard,hash,3,0.9859,0.9515,1.0106,72372,71350,0.423,0.431,0.951,0.919,15.05,13.13,0
10008956880,34095159507,2026-09-07T07:22:34Z,fix/engineering-review-closeout,27,EPYC 9V74,standard,set,3,1.0106,0.9495,1.0213,73060,73832,0.415,0.415,0.871,0.903,15.02,15.02,0
10008956880,34095159507,2026-09-07T07:22:34Z,fix/engineering-review-closeout,27,EPYC 9V74,standard,sorted-set,3,0.9854,0.9455,1.0138,71909,70861,0.439,0.439,1.215,1.143,16.75,16.8,0
10008956880,34095159507,2026-09-07T07:22:34Z,fix/engineering-review-closeout,27,EPYC 9V74,standard,queue,3,0.9694,0.9679,1.0413,76041,75372,0.399,0.407,0.647,0.647,13.13,13.17,0
10008956880,34095159507,2026-09-07T07:22:34Z,fix/engineering-review-closeout,27,EPYC 9V74,standard,counter,3,1.0053,0.9093,1.0308,74776,73962,0.407,0.407,0.799,0.655,14.94,13.07,0
10008956880,34095159507,2026-09-07T07:22:34Z,fix/engineering-review-closeout,27,EPYC 9V74,standard,hll,3,0.9668,0.953,1.0127,76064,74208,0.399,0.407,0.679,0.687,14.83,13.04,0
10008956880,34095159507,2026-09-07T07:22:34Z,fix/engineering-review-closeout,27,EPYC 9V74,standard,hll-dense,3,0.9922,0.9758,0.9997,75321,74112,0.391,0.415,0.575,0.607,13.24,15.18,0
10008956880,34095159507,2026-09-07T07:22:34Z,fix/engineering-review-closeout,27,EPYC 9V74,standard,hll-union,3,0.9727,0.9535,0.9943,55664,54144,0.535,0.559,0.751,0.727,13.06,13.16,0
10008956880,34095159507,2026-09-07T07:22:34Z,fix/engineering-review-closeout,27,EPYC 9V74,standard,large-list-read,3,1.0279,0.9692,1.0339,6150,6272,4.543,3.983,5.823,5.759,15.42,14.71,4
10008956880,34095159507,2026-09-07T07:22:34Z,fix/engineering-review-closeout,27,EPYC 9V74,standard,reconnect,3,0.9993,0.9863,1.0621,72742,72788,0.463,0.455,0.775,0.687,13.12,13.14,0
10009566970,34096759453,2026-09-07T07:42:08Z,fix/engineering-review-closeout,27,EPYC 9V74,memory,keys-0-value-64-clients-1,3,,,,,,,,,,7.37,9.43,0
10009566970,34096759453,2026-09-07T07:42:08Z,fix/engineering-review-closeout,27,EPYC 9V74,memory,keys-0-value-64-clients-256,3,,,,,,,,,,7.39,7.45,0
10009566970,34096759453,2026-09-07T07:42:08Z,fix/engineering-review-closeout,27,EPYC 9V74,memory,keys-2500-value-64-clients-1,3,,,,,,,,,,9.62,9.75,0
10009566970,34096759453,2026-09-07T07:42:08Z,fix/engineering-review-closeout,27,EPYC 9V74,memory,keys-2500-value-64-clients-256,3,,,,,,,,,,9.64,9.77,0
10009566970,34096759453,2026-09-07T07:42:08Z,fix/engineering-review-closeout,27,EPYC 9V74,memory,keys-25000-value-64-clients-1,3,,,,,,,,,,14.77,14.76,0
10009566970,34096759453,2026-09-07T07:42:08Z,fix/engineering-review-closeout,27,EPYC 9V74,memory,keys-100000-value-64-clients-1,3,,,,,,,,,,29.29,29.2,0
10009566970,34096759453,2026-09-07T07:42:08Z,fix/engineering-review-closeout,27,EPYC 9V74,memory,keys-1000000-value-64-clients-1,3,,,,,,,,,,219.96,217.65,0
10009566970,34096759453,2026-09-07T07:42:08Z,fix/engineering-review-closeout,27,EPYC 9V74,memory,keys-2500-value-1024-clients-1,3,,,,,,,,,,12.21,12.27,0
10009566970,34096759453,2026-09-07T07:42:08Z,fix/engineering-review-closeout,27,EPYC 9V74,memory,keys-25000-value-1024-clients-1,3,,,,,,,,,,39.42,37.35,0
10009566970,34096759453,2026-09-07T07:42:08Z,fix/engineering-review-closeout,27,EPYC 9V74,standard,cache-read-64,3,0.9972,0.9776,1.0204,75244,74829,0.415,0.407,0.711,0.615,12.98,13.02,0
10009566970,34096759453,2026-09-07T07:42:08Z,fix/engineering-review-closeout,27,EPYC 9V74,standard,cache-balanced-64,3,0.9811,0.9616,0.9851,76267,74829,0.407,0.415,0.719,0.631,12.99,15.0,0
10009566970,34096759453,2026-09-07T07:42:08Z,fix/engineering-review-closeout,27,EPYC 9V74,standard,cache-write-64,3,1.0349,1.0345,1.0662,70712,74743,0.423,0.415,0.815,0.671,13.0,12.88,0
10009566970,34096759453,2026-09-07T07:42:08Z,fix/engineering-review-closeout,27,EPYC 9V74,standard,cache-read-1k,3,1.0118,0.9676,1.0317,71199,69906,0.455,0.455,1.015,0.847,17.52,16.16,0
10009566970,34096759453,2026-09-07T07:42:08Z,fix/engineering-review-closeout,27,EPYC 9V74,standard,cache-read-16k,3,0.9982,0.99,0.9992,7468,7463,40.959,40.959,41.983,41.983,45.18,43.33,0
10009566970,34096759453,2026-09-07T07:42:08Z,fix/engineering-review-closeout,27,EPYC 9V74,standard,cache-read-1m,3,1.0132,0.9967,1.0507,1541,1578,7.839,5.503,43.007,43.007,83.48,83.96,0
10009566970,34096759453,2026-09-07T07:42:08Z,fix/engineering-review-closeout,27,EPYC 9V74,standard,cache-miss,3,1.0044,0.9918,1.0572,75081,76315,0.399,0.399,0.615,0.663,12.84,12.77,0
10009566970,34096759453,2026-09-07T07:42:08Z,fix/engineering-review-closeout,27,EPYC 9V74,standard,cache-hot,3,1.0317,0.9542,1.0396,74325,74229,0.415,0.415,0.711,0.759,12.98,12.92,0
10009566970,34096759453,2026-09-07T07:42:08Z,fix/engineering-review-closeout,27,EPYC 9V74,standard,cache-ttl,3,0.9774,0.9761,0.9798,70912,69214,0.439,0.439,0.831,0.703,13.07,14.75,0
10009566970,34096759453,2026-09-07T07:42:08Z,fix/engineering-review-closeout,27,EPYC 9V74,standard,one-client,3,0.9746,0.9299,1.0759,21272,21479,0.071,0.071,0.103,0.087,12.98,12.96,0
10009566970,34096759453,2026-09-07T07:42:08Z,fix/engineering-review-closeout,27,EPYC 9V74,standard,many-clients,3,1.0277,1.0153,1.0715,75048,76660,4.383,4.671,10.303,10.431,13.0,13.02,0
10009566970,34096759453,2026-09-07T07:42:08Z,fix/engineering-review-closeout,27,EPYC 9V74,standard,pipeline-16,3,1.0375,1.0162,1.0466,648179,678384,0.735,0.687,1.103,0.951,12.9,12.96,0
10009566970,34096759453,2026-09-07T07:42:08Z,fix/engineering-review-closeout,27,EPYC 9V74,standard,pipeline-64,3,1.0186,1.0133,1.0223,820642,835876,1.711,1.647,1.959,1.887,14.64,13.09,0
10009566970,34096759453,2026-09-07T07:42:08Z,fix/engineering-review-closeout,27,EPYC 9V74,standard,working-set-100k,3,0.9964,0.9751,1.0088,71631,69856,0.423,0.423,1.167,0.567,37.94,38.04,0
10009566970,34096759453,2026-09-07T07:42:08Z,fix/engineering-review-closeout,27,EPYC 9V74,standard,hash,3,1.0332,0.9673,1.0457,70224,72552,0.431,0.423,1.079,0.839,12.98,13.02,0
10009566970,34096759453,2026-09-07T07:42:08Z,fix/engineering-review-closeout,27,EPYC 9V74,standard,set,3,0.9973,0.972,1.0337,74471,72935,0.407,0.415,0.831,0.863,12.89,12.86,0
10009566970,34096759453,2026-09-07T07:42:08Z,fix/engineering-review-closeout,27,EPYC 9V74,standard,sorted-set,3,0.9743,0.945,1.0032,70946,68126,0.431,0.439,1.367,1.207,17.07,16.9,0
10009566970,34096759453,2026-09-07T07:42:08Z,fix/engineering-review-closeout,27,EPYC 9V74,standard,queue,3,0.983,0.963,1.0228,74082,72823,0.407,0.415,0.623,0.639,13.03,13.04,0
10009566970,34096759453,2026-09-07T07:42:08Z,fix/engineering-review-closeout,27,EPYC 9V74,standard,counter,3,1.0107,0.9748,1.0573,76237,77052,0.399,0.407,0.615,0.687,12.95,12.88,0
10009566970,34096759453,2026-09-07T07:42:08Z,fix/engineering-review-closeout,27,EPYC 9V74,standard,hll,3,1.0298,0.9969,1.0533,71770,74474,0.423,0.407,0.743,0.623,12.95,14.96,0
10009566970,34096759453,2026-09-07T07:42:08Z,fix/engineering-review-closeout,27,EPYC 9V74,standard,hll-dense,3,0.988,0.9527,1.0413,76400,74138,0.399,0.399,0.599,0.615,13.7,14.68,0
10009566970,34096759453,2026-09-07T07:42:08Z,fix/engineering-review-closeout,27,EPYC 9V74,standard,hll-union,3,1.0036,1.0032,1.0133,53729,54443,0.559,0.551,0.799,0.703,12.74,14.61,0
10009566970,34096759453,2026-09-07T07:42:08Z,fix/engineering-review-closeout,27,EPYC 9V74,standard,large-list-read,3,1.0181,0.9695,1.0348,6197,6230,4.735,4.735,5.823,5.663,15.22,14.21,2
10009566970,34096759453,2026-09-07T07:42:08Z,fix/engineering-review-closeout,27,EPYC 9V74,standard,reconnect,3,1.0311,0.9739,1.0317,69962,71654,0.463,0.463,0.791,0.759,14.8,14.77,0
10009968868,34097519300,2026-09-07T07:51:06Z,fix/engineering-review-closeout,27,EPYC 7763,standard,cache-read-1m,7,1.0009,0.9877,1.0152,1743,1747,5.471,5.439,43.007,42.751,86.12,86.36,0
10009968868,34097519300,2026-09-07T07:51:06Z,fix/engineering-review-closeout,27,EPYC 7763,standard,pipeline-16,7,1.0116,1.0098,1.024,835095,844183,0.751,0.687,3.055,3.071,14.3,14.29,0
10009968868,34097519300,2026-09-07T07:51:06Z,fix/engineering-review-closeout,27,EPYC 7763,standard,working-set-100k,7,1.0092,0.974,1.0382,92334,93091,0.375,0.367,1.175,0.759,39.95,40.13,0
10011190184,34100933346,2026-09-07T08:30:19Z,perf/readiness-registration,30,EPYC 7763,memory,keys-0-value-64-clients-1,3,,,,,,,,,,9.45,9.43,0
10011190184,34100933346,2026-09-07T08:30:19Z,perf/readiness-registration,30,EPYC 7763,memory,keys-0-value-64-clients-256,3,,,,,,,,,,7.54,7.46,0
10011190184,34100933346,2026-09-07T08:30:19Z,perf/readiness-registration,30,EPYC 7763,memory,keys-2500-value-64-clients-1,3,,,,,,,,,,9.78,9.52,0
10011190184,34100933346,2026-09-07T08:30:19Z,perf/readiness-registration,30,EPYC 7763,memory,keys-2500-value-64-clients-256,3,,,,,,,,,,9.66,9.79,0
10011190184,34100933346,2026-09-07T08:30:19Z,perf/readiness-registration,30,EPYC 7763,memory,keys-25000-value-64-clients-1,3,,,,,,,,,,14.8,14.8,0
10011190184,34100933346,2026-09-07T08:30:19Z,perf/readiness-registration,30,EPYC 7763,memory,keys-100000-value-64-clients-1,3,,,,,,,,,,29.2,31.22,0
10011190184,34100933346,2026-09-07T08:30:19Z,perf/readiness-registration,30,EPYC 7763,memory,keys-1000000-value-64-clients-1,3,,,,,,,,,,215.57,215.64,0
10011190184,34100933346,2026-09-07T08:30:19Z,perf/readiness-registration,30,EPYC 7763,memory,keys-2500-value-1024-clients-1,3,,,,,,,,,,14.32,12.45,0
10011190184,34100933346,2026-09-07T08:30:19Z,perf/readiness-registration,30,EPYC 7763,memory,keys-25000-value-1024-clients-1,3,,,,,,,,,,39.44,39.45,0
10011190184,34100933346,2026-09-07T08:30:19Z,perf/readiness-registration,30,EPYC 7763,standard,cache-read-64,3,1.1273,1.1012,1.169,95565,107623,0.383,0.335,0.663,0.543,12.88,14.48,0
10011190184,34100933346,2026-09-07T08:30:19Z,perf/readiness-registration,30,EPYC 7763,standard,cache-balanced-64,3,1.1047,1.0842,1.1106,96147,106325,0.383,0.335,0.591,0.559,14.7,14.4,0
10011190184,34100933346,2026-09-07T08:30:19Z,perf/readiness-registration,30,EPYC 7763,standard,cache-write-64,3,1.1121,1.0969,1.1264,95920,106672,0.383,0.343,0.567,0.503,14.57,14.8,0
10011190184,34100933346,2026-09-07T08:30:19Z,perf/readiness-registration,30,EPYC 7763,standard,cache-read-1k,3,1.107,1.101,1.1186,92657,102242,0.423,0.375,0.815,0.663,16.09,15.99,0
10011190184,34100933346,2026-09-07T08:30:19Z,perf/readiness-registration,30,EPYC 7763,standard,cache-read-16k,3,1.0031,1.0025,1.0063,7473,7500,41.215,41.215,41.983,41.983,45.1,45.07,0
10011190184,34100933346,2026-09-07T08:30:19Z,perf/readiness-registration,30,EPYC 7763,standard,cache-read-1m,3,1.0028,0.972,1.0157,1677,1675,5.343,5.823,42.751,43.007,82.89,84.22,0
10011190184,34100933346,2026-09-07T08:30:19Z,perf/readiness-registration,30,EPYC 7763,standard,cache-miss,3,1.1095,1.1024,1.115,97906,109166,0.367,0.327,0.767,0.463,14.21,14.44,0
10011190184,34100933346,2026-09-07T08:30:19Z,perf/readiness-registration,30,EPYC 7763,standard,cache-hot,3,1.104,1.0847,1.1166,98373,109427,0.367,0.327,0.559,0.487,14.52,12.93,0
10011190184,34100933346,2026-09-07T08:30:19Z,perf/readiness-registration,30,EPYC 7763,standard,cache-ttl,3,1.0982,1.0955,1.1155,92074,101119,0.375,0.351,1.703,0.591,14.76,14.44,0
10011190184,34100933346,2026-09-07T08:30:19Z,perf/readiness-registration,30,EPYC 7763,standard,one-client,3,0.9908,0.9867,1.0063,17818,17745,0.079,0.087,0.103,0.151,14.62,12.88,0
10011190184,34100933346,2026-09-07T08:30:19Z,perf/readiness-registration,30,EPYC 7763,standard,many-clients,3,1.0905,1.0866,1.1061,99884,110323,4.799,3.663,14.463,14.015,14.34,14.5,0
10011190184,34100933346,2026-09-07T08:30:19Z,perf/readiness-registration,30,EPYC 7763,standard,pipeline-16,3,1.0466,1.037,1.0626,838847,886593,0.703,0.663,2.687,2.751,14.42,14.07,0
10011190184,34100933346,2026-09-07T08:30:19Z,perf/readiness-registration,30,EPYC 7763,standard,pipeline-64,3,1.0352,1.02,1.0368,1007038,1038912,2.239,2.239,3.935,3.983,13.95,14.41,0
10011190184,34100933346,2026-09-07T08:30:19Z,perf/readiness-registration,30,EPYC 7763,standard,working-set-100k,3,1.0871,1.0805,1.0989,92867,100653,0.391,0.359,0.639,0.671,40.08,40.05,0
10011190184,34100933346,2026-09-07T08:30:19Z,perf/readiness-registration,30,EPYC 7763,standard,hash,3,1.108,1.1072,1.1098,94557,104694,0.391,0.351,1.247,0.551,14.45,14.72,0
10011190184,34100933346,2026-09-07T08:30:19Z,perf/readiness-registration,30,EPYC 7763,standard,set,3,1.0945,1.0907,1.1081,97769,107004,0.367,0.327,0.903,0.519,14.55,14.45,0
10011190184,34100933346,2026-09-07T08:30:19Z,perf/readiness-registration,30,EPYC 7763,standard,sorted-set,3,1.1222,1.094,1.1309,90812,102201,0.399,0.351,1.039,0.647,15.21,16.78,0
10011190184,34100933346,2026-09-07T08:30:19Z,perf/readiness-registration,30,EPYC 7763,standard,queue,3,1.1022,1.1014,1.1089,95966,105696,0.367,0.343,0.823,0.495,12.67,14.78,0
10011190184,34100933346,2026-09-07T08:30:19Z,perf/readiness-registration,30,EPYC 7763,standard,counter,3,1.1076,1.1009,1.1111,97865,108398,0.359,0.335,0.551,0.479,12.7,14.58,0
10011190184,34100933346,2026-09-07T08:30:19Z,perf/readiness-registration,30,EPYC 7763,standard,hll,3,1.107,1.0975,1.11,96954,107011,0.367,0.335,1.127,0.495,12.78,14.49,0
10011190184,34100933346,2026-09-07T08:30:19Z,perf/readiness-registration,30,EPYC 7763,standard,hll-dense,3,1.0962,1.0849,1.1024,97500,106901,0.359,0.335,0.623,0.455,12.96,14.56,0
10011190184,34100933346,2026-09-07T08:30:19Z,perf/readiness-registration,30,EPYC 7763,standard,hll-union,3,1.059,1.0553,1.0723,65162,69426,0.551,0.543,2.831,2.975,12.7,14.61,0
10011190184,34100933346,2026-09-07T08:30:19Z,perf/readiness-registration,30,EPYC 7763,standard,large-list-read,3,1.0187,0.9692,1.0289,6233,6240,6.111,5.919,9.279,9.343,19.67,17.38,0
10011190184,34100933346,2026-09-07T08:30:19Z,perf/readiness-registration,30,EPYC 7763,standard,reconnect,3,1.1093,1.1033,1.1341,91947,102777,0.383,0.343,0.695,0.527,14.48,14.54,0
10011740296,34103190849,2026-09-07T08:55:33Z,perf/readiness-registration,30,EPYC 9V74,standard,cache-read-64,5,1.1369,1.1254,1.1538,88519,100707,0.367,0.319,0.631,0.631,14.41,14.48,0
10011740296,34103190849,2026-09-07T08:55:33Z,perf/readiness-registration,30,EPYC 9V74,standard,cache-read-1m,5,1.0165,0.9311,1.0356,1479,1497,41.471,41.471,43.007,43.007,86.41,85.23,0
10011740296,34103190849,2026-09-07T08:55:33Z,perf/readiness-registration,30,EPYC 9V74,standard,one-client,5,0.9907,0.9747,1.0057,23362,23174,0.063,0.063,0.079,0.087,12.93,14.57,0
10011740296,34103190849,2026-09-07T08:55:33Z,perf/readiness-registration,30,EPYC 9V74,standard,large-list-read,5,0.9961,0.9706,1.0381,5938,5939,6.015,6.143,9.343,9.087,20.18,20.5,0
10013979742,34108762206,2026-09-07T09:56:14Z,fix/collection-reply-admission,35,EPYC 7763,standard,cache-read-64,3,1.0102,1.0089,1.0202,95166,96012,0.375,0.375,1.311,0.751,14.73,14.57,0
10013979742,34108762206,2026-09-07T09:56:14Z,fix/collection-reply-admission,35,EPYC 7763,standard,pipeline-16,3,0.9784,0.9396,0.987,854319,835890,0.687,0.703,2.959,3.263,14.49,14.07,0
10013979742,34108762206,2026-09-07T09:56:14Z,fix/collection-reply-admission,35,EPYC 7763,standard,hash,3,1.0021,0.9979,1.0379,93341,93533,0.383,0.383,1.175,1.055,14.51,14.69,0
10013979742,34108762206,2026-09-07T09:56:14Z,fix/collection-reply-admission,35,EPYC 7763,standard,set,3,1.0051,1.0019,1.0051,94912,95392,0.367,0.375,1.359,0.759,14.51,14.43,0
10013979742,34108762206,2026-09-07T09:56:14Z,fix/collection-reply-admission,35,EPYC 7763,standard,sorted-set,3,0.9973,0.9929,1.0292,90610,90495,0.399,0.399,1.231,1.327,17.04,16.89,0
10013979742,34108762206,2026-09-07T09:56:14Z,fix/collection-reply-admission,35,EPYC 7763,standard,queue,3,0.9859,0.9843,0.9912,94269,92943,0.359,0.367,1.447,1.559,14.65,14.46,0
10013979742,34108762206,2026-09-07T09:56:14Z,fix/collection-reply-admission,35,EPYC 7763,standard,large-list-read,3,0.9644,0.9552,1.0117,6156,5937,6.143,6.111,8.767,9.407,20.48,19.19,0
10013979742,34108762206,2026-09-07T09:56:14Z,fix/collection-reply-admission,35,EPYC 7763,standard,large-hash-read,3,0.9969,0.9954,1.0201,1198,1206,21.375,20.735,24.191,23.295,17.17,16.11,5
10013979742,34108762206,2026-09-07T09:56:14Z,fix/collection-reply-admission,35,EPYC 7763,standard,large-set-read,3,0.9963,0.9954,1.0041,2092,2083,13.759,12.351,16.639,14.719,17.3,17.61,6
10013979742,34108762206,2026-09-07T09:56:14Z,fix/collection-reply-admission,35,EPYC 7763,standard,large-zset-read,3,1.003,0.9992,1.0666,1186,1196,21.887,22.655,25.471,25.087,17.62,17.54,0
10014623731,34110805600,2026-09-07T10:19:00Z,fix/collection-reply-admission,35,EPYC 7763,standard,pipeline-16,5,0.992,0.9788,1.0058,847998,843129,0.695,0.703,2.911,3.039,14.16,14.12,0
10014623731,34110805600,2026-09-07T10:19:00Z,fix/collection-reply-admission,35,EPYC 7763,standard,queue,5,0.9933,0.951,1.0001,95414,94600,0.367,0.375,0.615,0.671,14.78,12.98,0
10014623731,34110805600,2026-09-07T10:19:00Z,fix/collection-reply-admission,35,EPYC 7763,standard,large-list-read,5,0.9956,0.9132,1.0436,6107,5996,6.271,6.175,8.959,9.023,20.66,20.03,0
10015524702,34113254376,2026-09-07T10:47:13Z,fix/client-run-fairness,37,EPYC 7763,memory,keys-0-value-64-clients-1,3,,,,,,,,,,7.5,7.51,0
10015524702,34113254376,2026-09-07T10:47:13Z,fix/client-run-fairness,37,EPYC 7763,memory,keys-0-value-64-clients-256,3,,,,,,,,,,7.52,9.53,0
10015524702,34113254376,2026-09-07T10:47:13Z,fix/client-run-fairness,37,EPYC 7763,memory,keys-2500-value-64-clients-1,3,,,,,,,,,,9.77,9.77,0
10015524702,34113254376,2026-09-07T10:47:13Z,fix/client-run-fairness,37,EPYC 7763,memory,keys-2500-value-64-clients-256,3,,,,,,,,,,11.76,9.78,0
10015524702,34113254376,2026-09-07T10:47:13Z,fix/client-run-fairness,37,EPYC 7763,memory,keys-25000-value-64-clients-1,3,,,,,,,,,,14.76,14.78,0
10015524702,34113254376,2026-09-07T10:47:13Z,fix/client-run-fairness,37,EPYC 7763,memory,keys-100000-value-64-clients-1,3,,,,,,,,,,29.2,29.23,0
10015524702,34113254376,2026-09-07T10:47:13Z,fix/client-run-fairness,37,EPYC 7763,memory,keys-1000000-value-64-clients-1,3,,,,,,,,,,217.73,219.93,0
10015524702,34113254376,2026-09-07T10:47:13Z,fix/client-run-fairness,37,EPYC 7763,memory,keys-2500-value-1024-clients-1,3,,,,,,,,,,12.29,12.28,0
10015524702,34113254376,2026-09-07T10:47:13Z,fix/client-run-fairness,37,EPYC 7763,memory,keys-25000-value-1024-clients-1,3,,,,,,,,,,39.41,39.45,0
10015524702,34113254376,2026-09-07T10:47:13Z,fix/client-run-fairness,37,EPYC 7763,standard,cache-read-64,3,1.0085,0.9928,1.015,103907,104266,0.351,0.351,0.527,0.495,13.04,14.5,0
10015524702,34113254376,2026-09-07T10:47:13Z,fix/client-run-fairness,37,EPYC 7763,standard,cache-read-1m,3,1.0149,0.96,1.0152,1688,1710,5.471,5.503,43.007,42.751,85.8,85.66,0
10015524702,34113254376,2026-09-07T10:47:13Z,fix/client-run-fairness,37,EPYC 7763,standard,many-clients,3,0.9834,0.9825,0.9979,106677,106455,4.159,4.127,14.271,14.143,14.59,12.76,0
10015524702,34113254376,2026-09-07T10:47:13Z,fix/client-run-fairness,37,EPYC 7763,standard,pipeline-16,3,0.9678,0.966,0.9954,873309,847856,0.687,0.703,2.495,2.863,14.64,14.55,0
10015524702,34113254376,2026-09-07T10:47:13Z,fix/client-run-fairness,37,EPYC 7763,standard,pipeline-64,3,0.9684,0.9636,0.9811,1040598,1007717,2.207,2.415,4.015,4.031,14.25,12.54,0
10015524702,34113254376,2026-09-07T10:47:13Z,fix/client-run-fairness,37,EPYC 7763,standard,large-list-read,3,1.0201,1.0059,1.0504,5757,5874,6.495,6.175,9.599,9.023,20.62,19.77,0
10015788699,34114141204,2026-09-07T10:57:46Z,fix/incremental-lookup-compaction,38,EPYC 9V74,memory,keys-0-value-64-clients-1,3,,,,,,,,,,7.49,7.52,0
10015788699,34114141204,2026-09-07T10:57:46Z,fix/incremental-lookup-compaction,38,EPYC 9V74,memory,keys-0-value-64-clients-256,3,,,,,,,,,,9.44,9.52,0
10015788699,34114141204,2026-09-07T10:57:46Z,fix/incremental-lookup-compaction,38,EPYC 9V74,memory,keys-2500-value-64-clients-1,3,,,,,,,,,,9.73,9.84,0
10015788699,34114141204,2026-09-07T10:57:46Z,fix/incremental-lookup-compaction,38,EPYC 9V74,memory,keys-2500-value-64-clients-256,3,,,,,,,,,,9.62,9.84,0
10015788699,34114141204,2026-09-07T10:57:46Z,fix/incremental-lookup-compaction,38,EPYC 9V74,memory,keys-25000-value-64-clients-1,3,,,,,,,,,,14.75,16.85,0
10015788699,34114141204,2026-09-07T10:57:46Z,fix/incremental-lookup-compaction,38,EPYC 9V74,memory,keys-100000-value-64-clients-1,3,,,,,,,,,,29.18,29.31,0
10015788699,34114141204,2026-09-07T10:57:46Z,fix/incremental-lookup-compaction,38,EPYC 9V74,memory,keys-1000000-value-64-clients-1,3,,,,,,,,,,215.56,217.78,0
10015788699,34114141204,2026-09-07T10:57:46Z,fix/incremental-lookup-compaction,38,EPYC 9V74,memory,keys-2500-value-1024-clients-1,3,,,,,,,,,,12.33,12.41,0
10015788699,34114141204,2026-09-07T10:57:46Z,fix/incremental-lookup-compaction,38,EPYC 9V74,memory,keys-25000-value-1024-clients-1,3,,,,,,,,,,39.39,39.51,0
10015788699,34114141204,2026-09-07T10:57:46Z,fix/incremental-lookup-compaction,38,EPYC 9V74,standard,cache-read-64,3,0.9978,0.9912,1.0,88361,88164,0.367,0.367,0.727,1.151,14.37,12.91,0
10015788699,34114141204,2026-09-07T10:57:46Z,fix/incremental-lookup-compaction,38,EPYC 9V74,standard,cache-write-64,3,1.0117,0.9958,1.0195,86506,87518,0.391,0.375,1.047,0.631,12.68,14.93,0
10015788699,34114141204,2026-09-07T10:57:46Z,fix/incremental-lookup-compaction,38,EPYC 9V74,standard,cache-ttl,3,1.0,0.9881,1.0136,83249,83247,0.399,0.399,1.039,0.727,14.68,12.75,0
10015788699,34114141204,2026-09-07T10:57:46Z,fix/incremental-lookup-compaction,38,EPYC 9V74,standard,working-set-100k,3,1.0031,0.9538,1.0079,84693,85223,0.375,0.375,0.647,0.567,38.03,38.17,0
10020082443,34124535770,2026-09-07T12:55:35Z,fix/client-run-fairness,37,EPYC 9V74,standard,cache-read-64,5,0.9925,0.9791,0.9977,100328,100075,0.319,0.319,0.767,1.383,14.93,13.04,0
10020082443,34124535770,2026-09-07T12:55:35Z,fix/client-run-fairness,37,EPYC 9V74,standard,many-clients,5,0.9947,0.9863,1.0105,99898,99795,4.575,4.543,11.967,11.775,14.75,13.0,0
10020082443,34124535770,2026-09-07T12:55:35Z,fix/client-run-fairness,37,EPYC 9V74,standard,pipeline-16,5,0.99,0.9762,1.0034,884122,875316,0.663,0.655,2.543,2.351,14.42,14.51,0
10020082443,34124535770,2026-09-07T12:55:35Z,fix/client-run-fairness,37,EPYC 9V74,standard,pipeline-64,5,0.9803,0.9746,0.9907,1080500,1055834,1.903,2.039,3.839,3.855,14.39,14.53,0
10020082443,34124535770,2026-09-07T12:55:35Z,fix/client-run-fairness,37,EPYC 9V74,standard,large-list-read,5,0.9966,0.9776,1.0218,5851,5831,6.207,6.207,8.895,8.511,20.62,21.61,0
10020852119,34127226459,2026-09-07T13:24:31Z,perf/collection-churn-compaction,45,EPYC 7763,standard,cache-read-64,3,0.9983,0.9954,1.0054,106299,106117,0.343,0.343,0.487,0.487,14.88,14.81,0
10020852119,34127226459,2026-09-07T13:24:31Z,perf/collection-churn-compaction,45,EPYC 7763,standard,cache-ttl,3,0.9934,0.9876,0.9954,97322,96513,0.375,0.367,0.583,0.607,15.06,15.05,0
10020852119,34127226459,2026-09-07T13:24:31Z,perf/collection-churn-compaction,45,EPYC 7763,standard,many-clients,3,1.0048,0.9978,1.0063,107704,108216,3.759,3.903,13.951,14.207,13.23,14.75,0
10020852119,34127226459,2026-09-07T13:24:31Z,perf/collection-churn-compaction,45,EPYC 7763,standard,set,3,1.001,0.9861,1.0023,105360,105553,0.343,0.343,0.527,0.511,12.91,12.93,0
10020852119,34127226459,2026-09-07T13:24:31Z,perf/collection-churn-compaction,45,EPYC 7763,standard,large-set-read,3,0.9979,0.9935,0.9985,2082,2079,12.415,12.415,14.655,15.231,17.49,16.28,6
10021361979,34128657503,2026-09-07T13:39:57Z,fix/asynchronous-rewrite-sync,43,EPYC 7763,standard,cache-read-64,3,1.0029,0.9585,1.0116,102709,102828,0.359,0.351,0.551,0.583,13.11,14.92,0
10021361979,34128657503,2026-09-07T13:39:57Z,fix/asynchronous-rewrite-sync,43,EPYC 7763,standard,many-clients,3,1.01,1.0047,1.0306,103291,104322,4.671,4.079,14.783,14.527,15.03,14.73,0
10021361979,34128657503,2026-09-07T13:39:57Z,fix/asynchronous-rewrite-sync,43,EPYC 7763,standard,pipeline-16,3,1.017,0.9989,1.0308,837330,849137,0.727,0.727,3.103,2.943,14.38,14.81,0
10021361979,34128657503,2026-09-07T13:39:57Z,fix/asynchronous-rewrite-sync,43,EPYC 7763,standard,pipeline-64,3,1.0202,1.0142,1.0219,992492,1012505,2.479,2.383,3.999,3.999,14.32,12.8,0
10023154278,34132681515,2026-09-07T14:23:25Z,fix/asynchronous-rewrite-sync,43,Xeon 8370C,standard,cache-read-64,5,1.0062,1.0037,1.0213,162180,163096,0.223,0.223,0.391,0.383,14.59,14.8,0
10023154278,34132681515,2026-09-07T14:23:25Z,fix/asynchronous-rewrite-sync,43,Xeon 8370C,standard,many-clients,5,1.0074,0.9787,1.026,169374,170413,2.447,2.399,11.903,11.903,14.74,14.88,10
10023154278,34132681515,2026-09-07T14:23:25Z,fix/asynchronous-rewrite-sync,43,Xeon 8370C,standard,pipeline-16,5,0.9942,0.9753,1.014,1097115,1085635,0.623,0.631,1.423,1.751,14.43,14.54,0
10023154278,34132681515,2026-09-07T14:23:25Z,fix/asynchronous-rewrite-sync,43,Xeon 8370C,standard,pipeline-64,5,1.0054,0.9804,1.0285,1357760,1368893,1.511,1.487,3.679,3.599,14.41,14.33,0
10029399313,34150340348,2026-09-07T18:07:06Z,fix/zset-index-compaction,48,Xeon 8573C,standard,cache-read-64,5,0.9983,0.9961,1.0084,147990,147735,0.215,0.215,0.519,0.575,13.05,14.82,0
10029399313,34150340348,2026-09-07T18:07:06Z,fix/zset-index-compaction,48,Xeon 8573C,standard,many-clients,5,0.997,0.9735,1.0038,161653,161161,2.543,2.527,9.087,9.023,13.01,14.82,0
10029399313,34150340348,2026-09-07T18:07:06Z,fix/zset-index-compaction,48,Xeon 8573C,standard,pipeline-64,5,1.008,1.0007,1.0144,1482259,1484106,1.255,1.263,3.439,3.471,14.52,14.04,0
10029399313,34150340348,2026-09-07T18:07:06Z,fix/zset-index-compaction,48,Xeon 8573C,standard,sorted-set,5,1.0043,0.994,1.008,136855,136490,0.231,0.239,0.791,0.719,17.08,17.02,0
10030779361,34153539090,2026-09-07T18:55:03Z,perf/bounded-hash-storage,50,EPYC 7763,standard,cache-read-64,5,0.9994,0.9808,1.0079,104872,104806,0.343,0.351,0.519,0.503,14.77,14.84,0
10030779361,34153539090,2026-09-07T18:55:03Z,perf/bounded-hash-storage,50,EPYC 7763,standard,many-clients,5,1.0023,0.9778,1.0034,107100,106716,3.903,4.047,14.207,14.015,14.72,14.83,0
10030779361,34153539090,2026-09-07T18:55:03Z,perf/bounded-hash-storage,50,EPYC 7763,standard,pipeline-64,5,1.0055,1.0006,1.0125,1039547,1044552,2.399,2.335,4.031,4.015,14.46,14.5,0
10030779361,34153539090,2026-09-07T18:55:03Z,perf/bounded-hash-storage,50,EPYC 7763,standard,hash,5,0.9953,0.9866,1.0247,101934,101455,0.351,0.359,0.543,0.583,14.93,14.96,0
10030779361,34153539090,2026-09-07T18:55:03Z,perf/bounded-hash-storage,50,EPYC 7763,standard,large-hash-read,5,0.9982,0.9898,1.0074,1214,1209,20.991,20.991,23.167,23.167,16.53,16.0,10
10030779361,34153539090,2026-09-07T18:55:03Z,perf/bounded-hash-storage,50,EPYC 7763,standard,hash-field-read,5,0.9748,0.9592,0.9888,99376,97496,0.359,0.367,0.583,0.575,36.16,40.36,0
10030779361,34153539090,2026-09-07T18:55:03Z,perf/bounded-hash-storage,50,EPYC 7763,standard,hash-field-mixed,5,0.9708,0.9328,0.9772,98468,95597,0.359,0.367,0.575,0.663,36.18,40.3,0
10030779361,34153539090,2026-09-07T18:55:03Z,perf/bounded-hash-storage,50,EPYC 7763,standard,hash-field-write,5,0.9815,0.9718,1.0038,98381,95986,0.359,0.367,0.599,0.575,38.07,40.32,0
10030779361,34153539090,2026-09-07T18:55:03Z,perf/bounded-hash-storage,50,EPYC 7763,standard,hash-field-churn,5,0.9769,0.9689,0.9863,99434,96874,0.359,0.367,0.551,0.623,30.96,32.46,0
10031058932,34155075225,2026-09-07T19:18:26Z,perf/bounded-hash-storage,50,Xeon 6973P-C,standard,cache-read-64,5,0.9914,0.9891,1.0049,188131,186686,0.159,0.159,0.263,0.271,14.74,14.78,0
10031058932,34155075225,2026-09-07T19:18:26Z,perf/bounded-hash-storage,50,Xeon 6973P-C,standard,hash,5,1.0054,0.9953,1.0066,181463,182476,0.167,0.159,0.287,0.287,14.71,13.04,0
10031058932,34155075225,2026-09-07T19:18:26Z,perf/bounded-hash-storage,50,Xeon 6973P-C,standard,hash-field-read,5,0.9784,0.964,0.9862,179814,174366,0.159,0.167,0.311,0.319,38.01,40.26,0
10031058932,34155075225,2026-09-07T19:18:26Z,perf/bounded-hash-storage,50,Xeon 6973P-C,standard,hash-field-mixed,5,0.9721,0.9469,0.9869,176193,169182,0.167,0.175,0.303,0.335,38.03,40.26,0
10031058932,34155075225,2026-09-07T19:18:26Z,perf/bounded-hash-storage,50,Xeon 6973P-C,standard,hash-field-write,5,0.9829,0.9672,1.0138,175045,171722,0.167,0.175,0.295,0.351,36.12,40.28,0
10031058932,34155075225,2026-09-07T19:18:26Z,perf/bounded-hash-storage,50,Xeon 6973P-C,standard,hash-field-churn,5,0.9683,0.9634,0.9973,178288,173286,0.159,0.167,0.271,0.327,30.02,30.55,0
10031649211,34157080059,2026-09-07T19:50:01Z,fix/geo-response-admission,53,EPYC 9V74,standard,cache-read-64,5,1.0015,0.9907,1.0301,99335,99405,0.327,0.327,1.527,1.183,14.91,14.6,0
10031649211,34157080059,2026-09-07T19:50:01Z,fix/geo-response-admission,53,EPYC 9V74,standard,pipeline-64,5,1.0106,0.9985,1.0165,1023079,1035223,2.039,2.191,3.887,3.871,14.47,14.43,0
10031649211,34157080059,2026-09-07T19:50:01Z,fix/geo-response-admission,53,EPYC 9V74,standard,geo-nearest,5,2.2458,2.2302,2.2643,61,137,327.679,131.071,333.823,133.119,39.89,19.36,0
10031649211,34157080059,2026-09-07T19:50:01Z,fix/geo-response-admission,53,EPYC 9V74,standard,geo-nearest-100,5,2.2335,2.2064,2.271,61,136,301.055,124.415,315.391,133.119,39.25,21.37,0
10031649211,34157080059,2026-09-07T19:50:01Z,fix/geo-response-admission,53,EPYC 9V74,standard,geo-any,5,0.9849,0.9728,0.993,86464,85404,0.383,0.391,2.511,2.223,26.42,25.7,0
10032811198,34160763394,2026-09-07T20:47:59Z,perf/rewrite-write-worker,54,EPYC 7763,standard,cache-read-64,5,1.0057,0.9792,1.0097,104207,104076,0.351,0.351,0.503,0.519,12.89,14.71,0
10032811198,34160763394,2026-09-07T20:47:59Z,perf/rewrite-write-worker,54,EPYC 7763,standard,many-clients,5,0.9997,0.9938,1.0068,105867,105749,4.255,4.063,14.143,14.143,14.97,13.04,0
10032811198,34160763394,2026-09-07T20:47:59Z,perf/rewrite-write-worker,54,EPYC 7763,standard,pipeline-64,5,0.9935,0.9841,0.997,1020142,1015609,2.319,2.319,4.031,4.015,14.4,14.33,0
10032811198,34160763394,2026-09-07T20:47:59Z,perf/rewrite-write-worker,54,EPYC 7763,standard,hash,5,0.9998,0.9848,1.0125,100458,100832,0.359,0.359,0.567,0.631,13.14,13.12,0
10032811198,34160763394,2026-09-07T20:47:59Z,perf/rewrite-write-worker,54,EPYC 7763,standard,sorted-set,5,0.9958,0.9798,1.0088,97485,97485,0.367,0.367,0.727,0.815,16.86,16.95,0
10033346793,34161677678,2026-09-07T21:02:59Z,fix/command-transient-reservations,55,EPYC 7763,standard,cache-read-64,5,1.0087,1.0041,1.0139,107060,107857,0.335,0.335,0.487,0.495,14.59,13.06,0
10033346793,34161677678,2026-09-07T21:02:59Z,fix/command-transient-reservations,55,EPYC 7763,standard,many-clients,5,0.9993,0.9737,1.0096,109719,109776,3.759,3.839,13.887,13.887,14.73,14.67,1
10033346793,34161677678,2026-09-07T21:02:59Z,fix/command-transient-reservations,55,EPYC 7763,standard,pipeline-64,5,1.0245,1.0199,1.0381,1027577,1059169,2.175,2.127,4.015,4.015,14.23,14.46,0
10033346793,34161677678,2026-09-07T21:02:59Z,fix/command-transient-reservations,55,EPYC 7763,standard,working-set-100k,5,1.0055,0.98,1.0146,102547,103305,0.343,0.343,0.495,0.503,40.25,40.11,0
10033346793,34161677678,2026-09-07T21:02:59Z,fix/command-transient-reservations,55,EPYC 7763,standard,hash,5,1.013,0.9997,1.0145,103889,105155,0.343,0.343,0.567,0.535,13.03,14.76,0
10033346793,34161677678,2026-09-07T21:02:59Z,fix/command-transient-reservations,55,EPYC 7763,standard,sorted-set,5,0.9973,0.9958,1.0125,101074,100857,0.351,0.359,0.607,0.663,16.95,16.9,0
10033346793,34161677678,2026-09-07T21:02:59Z,fix/command-transient-reservations,55,EPYC 7763,standard,geo-nearest,5,1.0005,0.9992,1.0035,148,148,117.247,115.199,123.391,121.855,21.23,21.32,0
10033346793,34161677678,2026-09-07T21:02:59Z,fix/command-transient-reservations,55,EPYC 7763,standard,geo-nearest-100,5,0.9988,0.9985,1.0001,148,148,115.199,112.127,116.223,118.783,21.35,23.39,0
10033346793,34161677678,2026-09-07T21:02:59Z,fix/command-transient-reservations,55,EPYC 7763,standard,geo-any,5,1.0032,0.9991,1.0042,87165,87373,0.415,0.415,2.191,2.271,25.42,25.64,0
10033932310,34163765235,2026-09-07T21:36:43Z,fix/command-transient-reservations,55,EPYC 7763,standard,cache-read-64,5,1.0009,0.9935,1.0179,102204,102377,0.359,0.351,0.599,0.567,14.51,14.64,0
10033932310,34163765235,2026-09-07T21:36:43Z,fix/command-transient-reservations,55,EPYC 7763,standard,cache-read-1m,5,0.9834,0.8902,1.0127,1672,1650,5.631,6.111,42.751,43.007,86.36,84.92,0
10033932310,34163765235,2026-09-07T21:36:43Z,fix/command-transient-reservations,55,EPYC 7763,standard,many-clients,5,1.0023,0.9941,1.0138,104320,104836,4.415,4.191,14.399,14.271,12.96,14.68,0
10033932310,34163765235,2026-09-07T21:36:43Z,fix/command-transient-reservations,55,EPYC 7763,standard,pipeline-64,5,1.0103,0.9983,1.0222,1009112,1019807,2.335,2.255,3.999,4.031,14.51,14.34,0
10033932310,34163765235,2026-09-07T21:36:43Z,fix/command-transient-reservations,55,EPYC 7763,standard,large-list-read,5,0.981,0.9677,1.0102,5906,5770,6.239,6.303,8.831,8.767,20.96,21.37,0
10033932310,34163765235,2026-09-07T21:36:43Z,fix/command-transient-reservations,55,EPYC 7763,standard,large-hash-read,5,1.0023,0.996,1.0062,1206,1206,20.991,21.119,23.295,23.551,17.15,16.16,10
10033932310,34163765235,2026-09-07T21:36:43Z,fix/command-transient-reservations,55,EPYC 7763,standard,large-set-read,5,0.9989,0.9814,1.0061,2082,2088,12.223,12.543,15.039,15.103,16.86,17.64,10
10033932310,34163765235,2026-09-07T21:36:43Z,fix/command-transient-reservations,55,EPYC 7763,standard,large-zset-read,5,0.9949,0.9661,1.0096,1191,1187,22.527,21.247,25.727,24.703,16.02,16.64,0
10038289475,34177666365,2026-09-08T01:44:40Z,feat/request-allocation-admission,66,EPYC 7763,standard,cache-read-64,5,0.9946,0.9798,0.9962,107002,106017,0.335,0.343,0.471,0.495,13.14,14.87,0
10038289475,34177666365,2026-09-08T01:44:40Z,feat/request-allocation-admission,66,EPYC 7763,standard,cache-balanced-64,5,0.9838,0.9777,0.9932,105630,103995,0.343,0.343,0.511,0.511,13.12,14.98,0
10038289475,34177666365,2026-09-08T01:44:40Z,feat/request-allocation-admission,66,EPYC 7763,standard,cache-write-64,5,0.9889,0.9806,0.9971,105192,103978,0.343,0.351,0.479,0.503,14.71,14.78,0
10038289475,34177666365,2026-09-08T01:44:40Z,feat/request-allocation-admission,66,EPYC 7763,standard,cache-read-1k,5,0.9891,0.9712,0.9973,100230,99137,0.383,0.383,0.687,0.687,16.41,16.18,0
10038289475,34177666365,2026-09-08T01:44:40Z,feat/request-allocation-admission,66,EPYC 7763,standard,cache-read-1m,5,1.0115,0.9861,1.0437,1677,1697,6.239,5.247,42.751,42.751,85.07,86.13,0
10038289475,34177666365,2026-09-08T01:44:40Z,feat/request-allocation-admission,66,EPYC 7763,standard,cache-write-1m,5,0.9851,0.904,1.1571,1261,1215,41.983,41.983,43.519,43.519,93.48,94.11,0
10038289475,34177666365,2026-09-08T01:44:40Z,feat/request-allocation-admission,66,EPYC 7763,standard,cache-write-pipeline-64,5,0.9664,0.9606,0.9724,1276409,1232826,1.631,1.735,3.807,3.839,14.55,14.84,0
10038289475,34177666365,2026-09-08T01:44:40Z,feat/request-allocation-admission,66,EPYC 7763,standard,cache-ttl,5,0.9978,0.986,1.0154,97862,97782,0.367,0.367,0.735,0.623,13.16,15.14,0
10038289475,34177666365,2026-09-08T01:44:40Z,feat/request-allocation-admission,66,EPYC 7763,standard,many-clients,5,0.9856,0.9586,0.9862,108922,107358,3.775,4.015,14.015,14.015,14.85,14.82,1
10038289475,34177666365,2026-09-08T01:44:40Z,feat/request-allocation-admission,66,EPYC 7763,standard,hash,5,0.9915,0.9808,1.0056,103547,102970,0.351,0.351,0.527,0.567,14.91,14.98,0
10038289475,34177666365,2026-09-08T01:44:40Z,feat/request-allocation-admission,66,EPYC 7763,standard,sorted-set,5,0.9885,0.9677,0.998,100683,99420,0.359,0.367,0.631,0.727,17.11,17.04,0
10038289475,34177666365,2026-09-08T01:44:40Z,feat/request-allocation-admission,66,EPYC 7763,standard,queue,5,0.9897,0.9843,0.9988,103120,101977,0.351,0.359,0.599,0.599,13.17,14.86,0
10038593031,34178562831,2026-09-08T02:00:35Z,feat/request-allocation-admission,66,Xeon 6973P-C,standard,cache-read-64,5,1.0006,0.9848,1.0116,188915,188865,0.159,0.151,0.287,0.279,14.63,14.68,0
10038593031,34178562831,2026-09-08T02:00:35Z,feat/request-allocation-admission,66,Xeon 6973P-C,standard,cache-balanced-64,5,0.9958,0.9889,1.0187,187306,189141,0.159,0.151,0.287,0.263,14.73,14.7,0
10038593031,34178562831,2026-09-08T02:00:35Z,feat/request-allocation-admission,66,Xeon 6973P-C,standard,cache-write-64,5,0.9977,0.9885,1.0107,187267,186746,0.159,0.159,0.287,0.279,14.84,14.45,0
10038593031,34178562831,2026-09-08T02:00:35Z,feat/request-allocation-admission,66,Xeon 6973P-C,standard,cache-read-1k,5,1.003,0.9835,1.0166,178316,178795,0.191,0.191,0.359,0.335,17.12,17.04,0
10038593031,34178562831,2026-09-08T02:00:35Z,feat/request-allocation-admission,66,Xeon 6973P-C,standard,cache-read-1m,5,1.012,0.9913,1.0209,1829,1837,5.183,5.087,6.143,5.983,86.39,86.09,0
10038593031,34178562831,2026-09-08T02:00:35Z,feat/request-allocation-admission,66,Xeon 6973P-C,standard,cache-write-1m,5,1.0025,0.9905,1.0335,1980,2025,3.535,3.519,5.119,4.671,88.39,87.96,0
10038593031,34178562831,2026-09-08T02:00:35Z,feat/request-allocation-admission,66,Xeon 6973P-C,standard,cache-write-pipeline-64,5,0.9563,0.947,0.9694,2238554,2136637,0.775,0.791,1.967,2.207,14.18,14.42,0
10038593031,34178562831,2026-09-08T02:00:35Z,feat/request-allocation-admission,66,Xeon 6973P-C,standard,cache-ttl,5,0.9892,0.9839,1.0144,177554,176885,0.159,0.159,0.303,0.295,14.82,12.85,0
10038593031,34178562831,2026-09-08T02:00:35Z,feat/request-allocation-admission,66,Xeon 6973P-C,standard,many-clients,5,0.9888,0.9802,1.0017,219518,217307,1.679,1.679,5.727,5.823,13.12,14.84,0
10038593031,34178562831,2026-09-08T02:00:35Z,feat/request-allocation-admission,66,Xeon 6973P-C,standard,hash,5,0.9927,0.9876,1.0049,185036,183711,0.159,0.159,0.279,0.295,14.79,14.78,0
10038593031,34178562831,2026-09-08T02:00:35Z,feat/request-allocation-admission,66,Xeon 6973P-C,standard,sorted-set,5,0.9906,0.982,0.9987,177825,177208,0.167,0.167,0.335,0.335,17.02,16.87,0
10038593031,34178562831,2026-09-08T02:00:35Z,feat/request-allocation-admission,66,Xeon 6973P-C,standard,queue,5,0.994,0.9867,1.0027,185806,184683,0.151,0.159,0.255,0.263,13.16,14.7,0
10038967476,34179665418,2026-09-08T02:19:37Z,perf/coallocated-request-commands,,EPYC 7763,standard,cache-read-64,5,0.9957,0.968,1.0063,105091,104198,0.343,0.351,0.503,0.519,14.7,14.82,0
10038967476,34179665418,2026-09-08T02:19:37Z,perf/coallocated-request-commands,,EPYC 7763,standard,cache-balanced-64,5,0.9945,0.9909,1.0009,103808,103212,0.351,0.351,0.511,0.527,12.96,13.2,0
10038967476,34179665418,2026-09-08T02:19:37Z,perf/coallocated-request-commands,,EPYC 7763,standard,cache-write-64,5,0.9974,0.9679,1.0018,103261,103005,0.351,0.351,0.535,0.519,13.13,15.03,0
10038967476,34179665418,2026-09-08T02:19:37Z,perf/coallocated-request-commands,,EPYC 7763,standard,cache-read-1k,5,0.999,0.9912,1.003,97682,97978,0.391,0.391,0.727,0.695,16.27,16.38,0
10038967476,34179665418,2026-09-08T02:19:37Z,perf/coallocated-request-commands,,EPYC 7763,standard,cache-read-1m,5,0.9944,0.9659,1.009,1664,1663,5.439,5.983,43.007,42.751,85.87,85.12,0
10038967476,34179665418,2026-09-08T02:19:37Z,perf/coallocated-request-commands,,EPYC 7763,standard,cache-write-1m,5,0.9437,0.8277,1.0122,1369,1274,42.239,42.239,43.775,43.519,93.52,93.09,0
10038967476,34179665418,2026-09-08T02:19:37Z,perf/coallocated-request-commands,,EPYC 7763,standard,cache-write-pipeline-64,5,0.9908,0.9829,0.9927,1270393,1253419,1.695,1.639,3.823,3.791,14.56,14.41,0
10038967476,34179665418,2026-09-08T02:19:37Z,perf/coallocated-request-commands,,EPYC 7763,standard,cache-ttl,5,0.9899,0.9818,1.0154,96343,95795,0.367,0.375,0.575,0.591,13.4,13.25,0
10038967476,34179665418,2026-09-08T02:19:37Z,perf/coallocated-request-commands,,EPYC 7763,standard,many-clients,5,1.0004,0.9721,1.014,107754,107158,4.063,4.095,14.143,14.335,14.78,14.9,0
10038967476,34179665418,2026-09-08T02:19:37Z,perf/coallocated-request-commands,,EPYC 7763,standard,hash,5,0.9902,0.9536,0.9962,102700,101705,0.351,0.351,0.559,0.599,15.21,15.0,0
10038967476,34179665418,2026-09-08T02:19:37Z,perf/coallocated-request-commands,,EPYC 7763,standard,sorted-set,5,0.9892,0.9856,0.993,97079,96332,0.375,0.375,0.687,0.703,17.38,17.0,0
10038967476,34179665418,2026-09-08T02:19:37Z,perf/coallocated-request-commands,,EPYC 7763,standard,queue,5,0.9932,0.9924,0.9938,101274,100521,0.359,0.359,0.535,0.551,13.21,13.21,0
10039556033,34181951552,2026-09-08T02:59:41Z,feat/request-allocation-admission,66,EPYC 9V74,standard,cache-read-1m,5,1.0067,0.9659,1.0174,1899,1858,41.215,41.215,42.751,42.495,86.83,87.12,0
10039556033,34181951552,2026-09-08T02:59:41Z,feat/request-allocation-admission,66,EPYC 9V74,standard,cache-write-1m,5,0.8298,0.7305,1.2386,402,354,42.239,42.239,43.007,43.007,93.59,93.82,0
10039556033,34181951552,2026-09-08T02:59:41Z,feat/request-allocation-admission,66,EPYC 9V74,standard,cache-write-pipeline-64,5,0.9787,0.9648,0.9923,1729223,1699438,1.055,1.071,3.375,3.359,14.55,14.48,0
10040232555,34184079387,2026-09-08T03:36:06Z,feat/request-allocation-admission,66,EPYC 7763,standard,cache-read-1m,5,0.9982,0.9923,1.0176,1860,1866,4.383,4.479,6.271,6.335,84.38,85.73,0
10040232555,34184079387,2026-09-08T03:36:06Z,feat/request-allocation-admission,66,EPYC 7763,standard,cache-write-1m,5,1.0077,0.9758,1.0155,1506,1515,5.663,5.631,7.455,7.487,95.03,93.88,0
10040232555,34184079387,2026-09-08T03:36:06Z,feat/request-allocation-admission,66,EPYC 7763,standard,cache-write-pipeline-64,5,0.9986,0.9929,1.0007,1284130,1279558,1.671,1.639,3.775,3.743,14.53,14.45,0
10040206848,34184081130,2026-09-08T03:36:08Z,feat/request-allocation-admission,66,EPYC 9V74,standard,cache-read-64,3,1.0066,0.9952,1.0277,99069,100593,0.327,0.319,0.991,0.687,14.88,14.75,0
10040206848,34184081130,2026-09-08T03:36:08Z,feat/request-allocation-admission,66,EPYC 9V74,standard,cache-balanced-64,3,0.9996,0.9903,1.0017,99061,98380,0.327,0.327,0.855,1.015,14.96,14.94,0
10040206848,34184081130,2026-09-08T03:36:08Z,feat/request-allocation-admission,66,EPYC 9V74,standard,cache-write-64,3,0.9995,0.9972,1.0086,99097,99422,0.327,0.327,0.559,1.207,13.11,15.12,0
10040206848,34184081130,2026-09-08T03:36:08Z,feat/request-allocation-admission,66,EPYC 9V74,standard,cache-read-1k,3,1.0105,0.9987,1.0223,92790,94340,0.375,0.367,1.255,1.207,16.48,16.23,0
10040206848,34184081130,2026-09-08T03:36:08Z,feat/request-allocation-admission,66,EPYC 9V74,standard,cache-ttl,3,0.9906,0.9895,1.0048,93398,92736,0.343,0.351,1.159,1.231,12.93,14.94,0
10040206848,34184081130,2026-09-08T03:36:08Z,feat/request-allocation-admission,66,EPYC 9V74,standard,many-clients,3,0.9826,0.9458,1.013,101638,100376,4.159,4.351,11.647,11.775,12.81,14.95,0
10040206848,34184081130,2026-09-08T03:36:08Z,feat/request-allocation-admission,66,EPYC 9V74,standard,hash,3,0.9944,0.9924,1.0117,95103,96219,0.343,0.343,0.951,1.159,14.73,14.98,0
10040206848,34184081130,2026-09-08T03:36:08Z,feat/request-allocation-admission,66,EPYC 9V74,standard,sorted-set,3,0.9917,0.991,0.9998,92632,92616,0.351,0.343,1.143,1.247,17.02,16.94,0
10040206848,34184081130,2026-09-08T03:36:08Z,feat/request-allocation-admission,66,EPYC 9V74,standard,queue,3,0.9939,0.956,1.0131,98378,97775,0.335,0.335,1.287,0.711,13.32,13.23,0
11451903090,37548660544,2026-10-06T23:49:32Z,refactor/remove-default-engine-3,,EPYC 7763,memory,keys-0-value-64-clients-1,5,,,,,,,,,,9.77,9.73,0
11451903090,37548660544,2026-10-06T23:49:32Z,refactor/remove-default-engine-3,,EPYC 7763,memory,keys-0-value-64-clients-256,5,,,,,,,,,,9.79,9.75,0
11451903090,37548660544,2026-10-06T23:49:32Z,refactor/remove-default-engine-3,,EPYC 7763,memory,keys-2500-value-64-clients-1,5,,,,,,,,,,12.15,10.11,0
11451903090,37548660544,2026-10-06T23:49:32Z,refactor/remove-default-engine-3,,EPYC 7763,memory,keys-2500-value-64-clients-256,5,,,,,,,,,,10.21,10.19,0
11451903090,37548660544,2026-10-06T23:49:32Z,refactor/remove-default-engine-3,,EPYC 7763,memory,keys-25000-value-64-clients-1,5,,,,,,,,,,15.17,15.2,0
11451903090,37548660544,2026-10-06T23:49:32Z,refactor/remove-default-engine-3,,EPYC 7763,memory,keys-100000-value-64-clients-1,5,,,,,,,,,,29.62,29.62,0
11451903090,37548660544,2026-10-06T23:49:32Z,refactor/remove-default-engine-3,,EPYC 7763,memory,keys-1000000-value-64-clients-1,5,,,,,,,,,,217.98,215.96,0
11451903090,37548660544,2026-10-06T23:49:32Z,refactor/remove-default-engine-3,,EPYC 7763,memory,keys-2500-value-1024-clients-1,5,,,,,,,,,,12.72,12.66,0
11451903090,37548660544,2026-10-06T23:49:32Z,refactor/remove-default-engine-3,,EPYC 7763,memory,keys-25000-value-1024-clients-1,5,,,,,,,,,,39.84,39.84,0
11451903090,37548660544,2026-10-06T23:49:32Z,refactor/remove-default-engine-3,,EPYC 7763,standard,cache-read-64,5,1.0044,0.9772,1.0155,102751,102725,0.351,0.351,0.543,0.511,13.5,13.37,0
11451903090,37548660544,2026-10-06T23:49:32Z,refactor/remove-default-engine-3,,EPYC 7763,standard,cache-balanced-64,5,0.9999,0.9942,1.0299,102122,102159,0.351,0.351,0.535,0.535,15.17,15.06,0
11451903090,37548660544,2026-10-06T23:49:32Z,refactor/remove-default-engine-3,,EPYC 7763,standard,cache-write-64,5,1.0036,0.9803,1.0061,102504,102007,0.351,0.351,0.543,0.519,15.0,15.22,0
11451903090,37548660544,2026-10-06T23:49:32Z,refactor/remove-default-engine-3,,EPYC 7763,standard,cache-write-pipeline-64,5,0.9867,0.9803,0.9957,1319083,1303821,1.647,1.735,3.791,3.839,14.84,14.88,0
11451903090,37548660544,2026-10-06T23:49:32Z,refactor/remove-default-engine-3,,EPYC 7763,standard,one-client,5,1.0023,0.9982,1.0245,17036,17079,0.087,0.087,0.111,0.111,13.44,15.32,0
11451903090,37548660544,2026-10-06T23:49:32Z,refactor/remove-default-engine-3,,EPYC 7763,standard,many-clients,5,0.9984,0.9679,1.0008,106634,105814,3.711,4.127,14.335,14.207,15.15,15.03,0
11451903090,37548660544,2026-10-06T23:49:32Z,refactor/remove-default-engine-3,,EPYC 7763,standard,pipeline-16,5,0.9727,0.9696,0.9893,878689,859759,0.655,0.687,2.527,3.071,14.76,15.0,0
11451903090,37548660544,2026-10-06T23:49:32Z,refactor/remove-default-engine-3,,EPYC 7763,standard,pipeline-64,5,0.9821,0.9713,0.9891,1255877,1236273,1.671,1.759,3.791,3.791,14.66,15.05,0
11451903090,37548660544,2026-10-06T23:49:32Z,refactor/remove-default-engine-3,,EPYC 7763,standard,set,5,1.0072,0.998,1.0161,103228,103595,0.343,0.343,0.551,0.519,12.98,14.75,0
11451903090,37548660544,2026-10-06T23:49:32Z,refactor/remove-default-engine-3,,EPYC 7763,standard,sorted-set,5,1.0037,0.9899,1.0303,96621,96978,0.375,0.367,0.695,0.703,17.31,17.39,0
11451903090,37548660544,2026-10-06T23:49:32Z,refactor/remove-default-engine-3,,EPYC 7763,standard,counter,5,0.9971,0.9906,1.0041,104094,104190,0.343,0.343,0.511,0.511,13.25,13.33,0
11451903090,37548660544,2026-10-06T23:49:32Z,refactor/remove-default-engine-3,,EPYC 7763,standard,hash-field-read,5,1.0032,0.9986,1.0177,95490,96760,0.367,0.359,0.663,0.599,40.51,40.44,0
11451903090,37548660544,2026-10-06T23:49:32Z,refactor/remove-default-engine-3,,EPYC 7763,standard,reconnect,5,0.9971,0.9947,1.0087,99367,99799,0.359,0.359,0.535,0.535,15.09,13.39,0
11452998940,37551070376,2026-10-07T00:16:15Z,refactor/remove-default-engine-3,,EPYC 7763,standard,cache-read-64,7,0.9978,0.9898,1.0314,101536,101310,0.359,0.359,0.535,0.575,15.18,15.1,0
11452998940,37551070376,2026-10-07T00:16:15Z,refactor/remove-default-engine-3,,EPYC 7763,standard,cache-write-pipeline-64,7,0.9864,0.9443,1.0017,1299889,1272998,1.799,1.807,3.855,3.855,15.01,14.88,0
11452998940,37551070376,2026-10-07T00:16:15Z,refactor/remove-default-engine-3,,EPYC 7763,standard,one-client,7,0.9998,0.995,1.0128,16798,16827,0.087,0.087,0.119,0.119,15.27,15.18,0
11452998940,37551070376,2026-10-07T00:16:15Z,refactor/remove-default-engine-3,,EPYC 7763,standard,many-clients,7,1.0013,0.9823,1.0107,104316,104097,3.983,4.383,14.655,14.527,14.89,15.1,0
11452998940,37551070376,2026-10-07T00:16:15Z,refactor/remove-default-engine-3,,EPYC 7763,standard,pipeline-16,7,0.9704,0.9427,0.9908,863511,838209,0.695,0.727,2.431,3.071,14.77,14.93,0
11452998940,37551070376,2026-10-07T00:16:15Z,refactor/remove-default-engine-3,,EPYC 7763,standard,pipeline-64,7,0.9683,0.9609,1.0102,1247812,1209960,1.775,1.911,3.903,3.967,14.98,14.72,0
11452998940,37551070376,2026-10-07T00:16:15Z,refactor/remove-default-engine-3,,EPYC 7763,standard,counter,7,0.9949,0.9828,1.0162,102210,101704,0.359,0.359,0.543,0.559,15.13,13.34,0
11453049129,37551072856,2026-10-07T00:16:16Z,refactor/remove-default-engine-3,,EPYC 7763,standard,cache-read-64,7,0.9954,0.9813,1.0056,103429,103341,0.351,0.351,0.527,0.543,14.94,13.33,0
11453049129,37551072856,2026-10-07T00:16:16Z,refactor/remove-default-engine-3,,EPYC 7763,standard,cache-write-pipeline-64,7,0.9804,0.9649,0.9893,1321559,1288125,1.631,1.727,3.775,3.759,14.91,14.88,0
11453049129,37551072856,2026-10-07T00:16:16Z,refactor/remove-default-engine-3,,EPYC 7763,standard,one-client,7,1.0053,0.9808,1.0112,17071,17113,0.087,0.087,0.111,0.111,15.16,15.19,0
11453049129,37551072856,2026-10-07T00:16:16Z,refactor/remove-default-engine-3,,EPYC 7763,standard,many-clients,7,0.9936,0.9907,1.0111,105251,105316,4.095,4.127,14.399,14.399,13.25,15.26,0
11453049129,37551072856,2026-10-07T00:16:16Z,refactor/remove-default-engine-3,,EPYC 7763,standard,pipeline-16,7,0.9761,0.9719,0.9932,869076,845994,0.679,0.711,2.383,2.655,14.73,14.93,0
11453049129,37551072856,2026-10-07T00:16:16Z,refactor/remove-default-engine-3,,EPYC 7763,standard,pipeline-64,7,0.9888,0.9768,0.9943,1254078,1232935,1.759,1.799,3.919,3.903,14.61,14.75,0
11453049129,37551072856,2026-10-07T00:16:16Z,refactor/remove-default-engine-3,,EPYC 7763,standard,counter,7,0.9949,0.9671,1.007,103968,103442,0.351,0.351,0.519,0.519,15.01,14.88,0
11454015159,37551295422,2026-10-07T00:18:47Z,test/remove-default-engine-3-server-layout-control,,EPYC 9V45,standard,cache-read-64,7,0.9981,0.9718,1.0446,141842,140047,0.223,0.215,0.351,0.447,14.99,13.41,0
11454015159,37551295422,2026-10-07T00:18:47Z,test/remove-default-engine-3-server-layout-control,,EPYC 9V45,standard,cache-write-pipeline-64,7,1.0199,1.0052,1.0315,2300970,2369040,0.807,0.807,2.943,2.863,14.48,14.61,0
11454015159,37551295422,2026-10-07T00:18:47Z,test/remove-default-engine-3-server-layout-control,,EPYC 9V45,standard,one-client,7,1.0062,0.983,1.0277,34130,34473,0.039,0.039,0.175,0.055,15.1,15.11,0
11454015159,37551295422,2026-10-07T00:18:47Z,test/remove-default-engine-3-server-layout-control,,EPYC 9V45,standard,many-clients,7,1.0036,0.9943,1.0754,144615,146931,2.623,2.751,5.695,5.535,14.81,15.02,0
11454015159,37551295422,2026-10-07T00:18:47Z,test/remove-default-engine-3-server-layout-control,,EPYC 9V45,standard,pipeline-16,7,0.9907,0.9461,1.0252,1433843,1362554,0.383,0.415,1.207,0.911,14.33,14.45,0
11454015159,37551295422,2026-10-07T00:18:47Z,test/remove-default-engine-3-server-layout-control,,EPYC 9V45,standard,pipeline-64,7,1.0042,0.9851,1.0408,2233973,2302284,0.879,0.887,2.879,2.927,14.46,14.44,0
11454015159,37551295422,2026-10-07T00:18:47Z,test/remove-default-engine-3-server-layout-control,,EPYC 9V45,standard,counter,7,1.0085,0.9811,1.0179,141183,143617,0.223,0.223,0.623,0.519,14.83,14.88,0
11453222842,37551298674,2026-10-07T00:18:49Z,test/remove-default-engine-3-server-layout-control,,EPYC 7763,standard,cache-read-64,7,0.9978,0.9904,1.0111,102425,102037,0.351,0.351,0.527,0.551,14.85,14.96,0
11453222842,37551298674,2026-10-07T00:18:49Z,test/remove-default-engine-3-server-layout-control,,EPYC 7763,standard,cache-write-pipeline-64,7,0.9917,0.9803,1.0494,1315232,1302409,1.703,1.703,3.775,3.743,14.91,14.79,0
11453222842,37551298674,2026-10-07T00:18:49Z,test/remove-default-engine-3-server-layout-control,,EPYC 7763,standard,one-client,7,1.005,0.9957,1.0167,16804,16933,0.087,0.087,0.111,0.111,15.05,15.0,0
11453222842,37551298674,2026-10-07T00:18:49Z,test/remove-default-engine-3-server-layout-control,,EPYC 7763,standard,many-clients,7,0.9977,0.975,1.0017,105693,105552,4.223,4.319,14.271,14.335,15.09,15.23,0
11453222842,37551298674,2026-10-07T00:18:49Z,test/remove-default-engine-3-server-layout-control,,EPYC 7763,standard,pipeline-16,7,0.9814,0.9625,0.9899,867964,853626,0.679,0.711,2.479,3.007,14.75,14.91,0
11453222842,37551298674,2026-10-07T00:18:49Z,test/remove-default-engine-3-server-layout-control,,EPYC 7763,standard,pipeline-64,7,0.9867,0.9741,0.9947,1255548,1238282,1.727,1.767,3.759,3.919,14.46,14.82,0
11453222842,37551298674,2026-10-07T00:18:49Z,test/remove-default-engine-3-server-layout-control,,EPYC 7763,standard,counter,7,1.0021,0.9929,1.0169,102708,102794,0.351,0.351,0.543,0.559,14.83,14.89,0
11454227498,37553142192,2026-10-07T00:39:50Z,test/remove-default-engine-3-layout-only,,Xeon 6973P-C,standard,cache-read-64,7,1.0046,0.9569,1.0151,170983,172075,0.175,0.183,0.407,0.407,14.92,14.97,0
11454227498,37553142192,2026-10-07T00:39:50Z,test/remove-default-engine-3-layout-only,,Xeon 6973P-C,standard,cache-write-pipeline-64,7,0.9819,0.925,1.0184,2078425,2029650,0.895,0.911,2.687,2.703,14.57,14.56,0
11454227498,37553142192,2026-10-07T00:39:50Z,test/remove-default-engine-3-layout-only,,Xeon 6973P-C,standard,one-client,7,1.0004,0.9506,1.1502,22382,22529,0.071,0.071,0.095,0.095,14.97,15.19,0
11454227498,37553142192,2026-10-07T00:39:50Z,test/remove-default-engine-3-layout-only,,Xeon 6973P-C,standard,many-clients,7,0.9986,0.9791,1.0133,188537,187850,2.143,2.143,6.943,6.975,15.2,15.0,0
11454227498,37553142192,2026-10-07T00:39:50Z,test/remove-default-engine-3-layout-only,,Xeon 6973P-C,standard,pipeline-16,7,0.9912,0.9524,1.0063,1400152,1388582,0.415,0.423,0.623,0.735,14.65,14.38,0
11454227498,37553142192,2026-10-07T00:39:50Z,test/remove-default-engine-3-layout-only,,Xeon 6973P-C,standard,pipeline-64,7,1.0022,0.9647,1.0203,2135782,2124258,0.927,0.927,2.975,2.943,14.6,14.59,0
11454227498,37553142192,2026-10-07T00:39:50Z,test/remove-default-engine-3-layout-only,,Xeon 6973P-C,standard,counter,7,0.9976,0.9898,1.0123,172746,172195,0.167,0.175,0.391,0.359,15.04,14.92,0
11454351480,37553144288,2026-10-07T00:39:52Z,test/remove-default-engine-3-layout-only,,EPYC 9V74,standard,cache-read-64,7,1.0035,0.9866,1.0386,128724,129175,0.247,0.247,0.487,0.487,14.85,13.25,0
11454351480,37553144288,2026-10-07T00:39:52Z,test/remove-default-engine-3-layout-only,,EPYC 9V74,standard,cache-write-pipeline-64,7,0.994,0.9758,1.0063,1793495,1796018,1.047,1.071,3.471,3.407,15.08,14.54,0
11454351480,37553144288,2026-10-07T00:39:52Z,test/remove-default-engine-3-layout-only,,EPYC 9V74,standard,one-client,7,1.0,0.9954,1.0174,29219,29249,0.055,0.055,0.071,0.071,15.21,15.1,0
11454351480,37553144288,2026-10-07T00:39:52Z,test/remove-default-engine-3-layout-only,,EPYC 9V74,standard,many-clients,7,0.9979,0.9903,1.0502,126481,126937,3.167,3.215,8.575,8.767,15.16,14.9,0
11454351480,37553144288,2026-10-07T00:39:52Z,test/remove-default-engine-3-layout-only,,EPYC 9V74,standard,pipeline-16,7,0.9927,0.9536,1.0117,1138304,1119869,0.511,0.535,1.079,1.255,14.58,14.56,0
11454351480,37553144288,2026-10-07T00:39:52Z,test/remove-default-engine-3-layout-only,,EPYC 9V74,standard,pipeline-64,7,1.0049,0.9808,1.0178,1764108,1778908,1.143,1.135,3.535,3.487,14.51,14.5,0
11454351480,37553144288,2026-10-07T00:39:52Z,test/remove-default-engine-3-layout-only,,EPYC 9V74,standard,counter,7,0.997,0.9705,1.0115,129825,128183,0.239,0.247,0.567,0.559,14.94,14.92,0
11455186105,37555416078,2026-10-07T01:06:16Z,refactor/remove-default-engine-3,,EPYC 7763,standard,cache-read-64,7,1.0021,0.969,1.0606,103699,103514,0.351,0.351,0.535,0.519,14.99,13.39,0
11455186105,37555416078,2026-10-07T01:06:16Z,refactor/remove-default-engine-3,,EPYC 7763,standard,cache-write-pipeline-64,7,0.9883,0.9779,1.0021,1316621,1303703,1.671,1.607,3.823,3.759,14.77,14.81,0
11455186105,37555416078,2026-10-07T01:06:16Z,refactor/remove-default-engine-3,,EPYC 7763,standard,one-client,7,1.0015,0.8873,1.0076,17101,17000,0.087,0.087,0.111,0.111,15.02,15.23,0
11455186105,37555416078,2026-10-07T01:06:16Z,refactor/remove-default-engine-3,,EPYC 7763,standard,many-clients,7,0.9967,0.9773,1.0224,106373,105696,3.855,4.255,14.335,14.271,14.96,15.17,0
11455186105,37555416078,2026-10-07T01:06:16Z,refactor/remove-default-engine-3,,EPYC 7763,standard,pipeline-16,7,0.9795,0.9702,0.9892,872120,855202,0.679,0.687,2.863,2.911,13.08,14.5,0
11455186105,37555416078,2026-10-07T01:06:16Z,refactor/remove-default-engine-3,,EPYC 7763,standard,pipeline-64,7,0.9871,0.9684,0.9936,1255001,1240286,1.711,1.751,3.775,3.791,14.68,14.93,0
11455186105,37555416078,2026-10-07T01:06:16Z,refactor/remove-default-engine-3,,EPYC 7763,standard,counter,7,0.996,0.9838,1.0472,103955,103514,0.351,0.351,0.511,0.511,15.21,13.27,0
11455062373,37555418648,2026-10-07T01:06:18Z,refactor/remove-default-engine-3,,EPYC 9V74,standard,cache-read-64,7,0.9976,0.9577,1.0064,130461,130208,0.247,0.247,0.479,0.415,14.95,13.5,0
11455062373,37555418648,2026-10-07T01:06:18Z,refactor/remove-default-engine-3,,EPYC 9V74,standard,cache-write-pipeline-64,7,0.9826,0.9743,1.0342,1839126,1807244,1.031,1.039,3.407,3.455,14.63,14.67,0
11455062373,37555418648,2026-10-07T01:06:18Z,refactor/remove-default-engine-3,,EPYC 9V74,standard,one-client,7,1.0041,0.9935,1.0108,29953,30130,0.047,0.047,0.063,0.063,14.97,15.31,0
11455062373,37555418648,2026-10-07T01:06:18Z,refactor/remove-default-engine-3,,EPYC 9V74,standard,many-clients,7,0.9965,0.9816,1.0107,132476,131868,2.991,3.071,8.255,8.127,14.9,15.21,0
11455062373,37555418648,2026-10-07T01:06:18Z,refactor/remove-default-engine-3,,EPYC 9V74,standard,pipeline-16,7,0.9959,0.9886,1.0081,1169861,1161248,0.479,0.479,1.239,0.871,14.73,14.56,0
11455062373,37555418648,2026-10-07T01:06:18Z,refactor/remove-default-engine-3,,EPYC 9V74,standard,pipeline-64,7,0.9932,0.9728,1.0062,1778800,1764384,1.151,1.159,3.503,3.519,14.69,14.63,0
11455062373,37555418648,2026-10-07T01:06:18Z,refactor/remove-default-engine-3,,EPYC 9V74,standard,counter,7,0.9982,0.9907,1.0215,129655,129425,0.247,0.247,0.479,0.455,14.84,14.72,0
11455421065,37555421338,2026-10-07T01:06:20Z,test/remove-default-engine-3-server-layout-control,,EPYC 9V74,standard,cache-read-64,7,1.0027,0.9617,1.0478,97940,98550,0.335,0.327,0.959,1.263,15.06,15.05,0
11455421065,37555421338,2026-10-07T01:06:20Z,test/remove-default-engine-3-server-layout-control,,EPYC 9V74,standard,cache-write-pipeline-64,7,0.9907,0.9588,1.0295,1369150,1350288,1.511,1.623,3.647,3.711,14.77,14.61,0
11455421065,37555421338,2026-10-07T01:06:20Z,test/remove-default-engine-3-server-layout-control,,EPYC 9V74,standard,one-client,7,1.017,1.0059,1.0319,22866,23257,0.071,0.063,0.215,0.087,13.29,15.09,0
11455421065,37555421338,2026-10-07T01:06:20Z,test/remove-default-engine-3-server-layout-control,,EPYC 9V74,standard,many-clients,7,0.9913,0.9777,1.0539,98809,98709,4.479,4.607,12.095,11.839,14.82,14.95,0
11455421065,37555421338,2026-10-07T01:06:20Z,test/remove-default-engine-3-server-layout-control,,EPYC 9V74,standard,pipeline-16,7,0.9806,0.9642,0.9995,869840,857547,0.671,0.703,1.655,2.527,14.66,14.72,0
11455421065,37555421338,2026-10-07T01:06:20Z,test/remove-default-engine-3-server-layout-control,,EPYC 9V74,standard,pipeline-64,7,1.0034,0.9811,1.0095,1346085,1345352,1.639,1.591,3.743,3.695,14.73,14.36,0
11455421065,37555421338,2026-10-07T01:06:20Z,test/remove-default-engine-3-server-layout-control,,EPYC 9V74,standard,counter,7,0.994,0.9681,1.0148,98605,98204,0.327,0.327,1.463,1.231,14.88,14.96,0
11454727560,37555423998,2026-10-07T01:06:22Z,test/remove-default-engine-3-server-layout-control,,EPYC 9V74,standard,cache-read-64,7,0.9964,0.9675,1.0329,130888,130135,0.239,0.239,0.439,0.423,15.0,14.87,0
11454727560,37555423998,2026-10-07T01:06:22Z,test/remove-default-engine-3-server-layout-control,,EPYC 9V74,standard,cache-write-pipeline-64,7,0.983,0.9736,0.9903,1833093,1798979,1.023,1.055,3.423,3.311,14.87,14.71,0
11454727560,37555423998,2026-10-07T01:06:22Z,test/remove-default-engine-3-server-layout-control,,EPYC 9V74,standard,one-client,7,1.005,0.9901,1.0403,30085,30116,0.047,0.047,0.071,0.063,15.09,15.11,0
11454727560,37555423998,2026-10-07T01:06:22Z,test/remove-default-engine-3-server-layout-control,,EPYC 9V74,standard,many-clients,7,1.0007,0.9886,1.0129,131975,131962,2.911,2.927,8.191,8.255,14.95,15.16,0
11454727560,37555423998,2026-10-07T01:06:22Z,test/remove-default-engine-3-server-layout-control,,EPYC 9V74,standard,pipeline-16,7,0.9867,0.9821,0.9915,1165703,1150680,0.479,0.479,0.839,1.447,14.6,14.62,0
11454727560,37555423998,2026-10-07T01:06:22Z,test/remove-default-engine-3-server-layout-control,,EPYC 9V74,standard,pipeline-64,7,1.0005,0.9785,1.0159,1774963,1774958,1.151,1.095,3.535,3.471,14.58,14.84,0
11454727560,37555423998,2026-10-07T01:06:22Z,test/remove-default-engine-3-server-layout-control,,EPYC 9V74,standard,counter,7,0.9967,0.9923,1.0069,129638,129311,0.247,0.247,0.503,0.431,14.95,14.84,0
11455971879,37557611856,2026-10-07T01:32:28Z,test/remove-default-engine-3-baseline-field,,Xeon 8573C,standard,cache-read-64,7,1.0022,0.9908,1.0542,168187,168642,0.183,0.191,0.367,0.383,14.87,14.88,0
11455971879,37557611856,2026-10-07T01:32:28Z,test/remove-default-engine-3-baseline-field,,Xeon 8573C,standard,cache-write-pipeline-64,7,0.9954,0.9665,1.0029,1726104,1722509,1.135,1.135,3.087,3.087,14.37,14.57,0
11455971879,37557611856,2026-10-07T01:32:28Z,test/remove-default-engine-3-baseline-field,,Xeon 8573C,standard,one-client,7,1.005,0.9973,1.0197,29549,29616,0.055,0.055,0.071,0.071,13.39,13.4,0
11455971879,37557611856,2026-10-07T01:32:28Z,test/remove-default-engine-3-baseline-field,,Xeon 8573C,standard,many-clients,7,0.9968,0.9696,1.0048,189551,189500,2.079,2.111,7.231,7.263,14.93,15.15,0
11455971879,37557611856,2026-10-07T01:32:28Z,test/remove-default-engine-3-baseline-field,,Xeon 8573C,standard,pipeline-16,7,0.9911,0.9795,0.9936,1385471,1365997,0.455,0.455,0.703,0.711,14.6,14.38,0
11455971879,37557611856,2026-10-07T01:32:28Z,test/remove-default-engine-3-baseline-field,,Xeon 8573C,standard,pipeline-64,7,0.998,0.9893,1.0029,1816865,1809464,1.159,1.183,3.359,3.439,14.53,14.6,0
11455971879,37557611856,2026-10-07T01:32:28Z,test/remove-default-engine-3-baseline-field,,Xeon 8573C,standard,counter,7,1.0023,0.9991,1.0071,167763,168156,0.191,0.191,0.383,0.335,14.77,14.89,0
11456225532,37557614069,2026-10-07T01:32:29Z,refactor/remove-default-engine-3,,EPYC 9V74,standard,cache-read-64,7,1.0071,1.0009,1.0271,128467,130178,0.247,0.247,0.447,0.447,15.05,13.05,0
11456225532,37557614069,2026-10-07T01:32:29Z,refactor/remove-default-engine-3,,EPYC 9V74,standard,cache-write-pipeline-64,7,0.9852,0.9409,1.0075,1815455,1779086,1.055,1.087,3.391,3.471,14.4,14.63,0
11456225532,37557614069,2026-10-07T01:32:29Z,refactor/remove-default-engine-3,,EPYC 9V74,standard,one-client,7,1.0073,0.9993,1.0139,29520,29827,0.047,0.047,0.071,0.063,13.33,15.12,0
11456225532,37557614069,2026-10-07T01:32:29Z,refactor/remove-default-engine-3,,EPYC 9V74,standard,many-clients,7,0.9958,0.9691,1.0109,131415,131115,3.183,3.167,8.255,8.191,14.96,15.01,0
11456225532,37557614069,2026-10-07T01:32:29Z,refactor/remove-default-engine-3,,EPYC 9V74,standard,pipeline-16,7,1.0085,0.9964,1.0327,1148536,1159527,0.503,0.495,1.167,0.959,14.6,14.65,0
11456225532,37557614069,2026-10-07T01:32:29Z,refactor/remove-default-engine-3,,EPYC 9V74,standard,pipeline-64,7,0.9919,0.986,0.9985,1776346,1764883,1.143,1.151,3.503,3.503,14.61,14.65,0
11456225532,37557614069,2026-10-07T01:32:29Z,refactor/remove-default-engine-3,,EPYC 9V74,standard,counter,7,1.0007,0.9918,1.0231,128908,129029,0.247,0.247,0.551,0.479,14.94,14.82,0
11454759735,37557616371,2026-10-07T01:32:31Z,test/remove-default-engine-3-baseline-field,,EPYC 7763,standard,cache-read-64,7,0.9916,0.9717,1.004,103029,102415,0.351,0.351,0.503,0.527,15.13,14.95,0
11454759735,37557616371,2026-10-07T01:32:31Z,test/remove-default-engine-3-baseline-field,,EPYC 7763,standard,cache-write-pipeline-64,7,0.9877,0.9811,0.9983,1322461,1307661,1.663,1.647,3.727,3.727,14.83,14.93,0
11454759735,37557616371,2026-10-07T01:32:31Z,test/remove-default-engine-3-baseline-field,,EPYC 7763,standard,one-client,7,0.9966,0.9906,1.0082,16724,16638,0.087,0.087,0.111,0.111,15.12,13.36,0
11454759735,37557616371,2026-10-07T01:32:31Z,test/remove-default-engine-3-baseline-field,,EPYC 7763,standard,many-clients,7,0.9913,0.9735,1.0138,106150,105653,4.127,4.319,14.207,14.591,15.05,13.27,0
11454759735,37557616371,2026-10-07T01:32:31Z,test/remove-default-engine-3-baseline-field,,EPYC 7763,standard,pipeline-16,7,0.9878,0.973,1.0,868019,856032,0.671,0.679,2.623,2.879,14.71,14.86,0
11454759735,37557616371,2026-10-07T01:32:31Z,test/remove-default-engine-3-baseline-field,,EPYC 7763,standard,pipeline-64,7,0.9964,0.979,1.0085,1249346,1244392,1.735,1.751,3.823,3.903,14.66,14.65,0
11454759735,37557616371,2026-10-07T01:32:31Z,test/remove-default-engine-3-baseline-field,,EPYC 7763,standard,counter,7,0.9956,0.9814,1.0194,103462,102610,0.351,0.351,0.495,0.519,15.07,14.93,0
11455838017,37557618628,2026-10-07T01:32:33Z,refactor/remove-default-engine-3,,EPYC 7763,standard,cache-read-64,7,1.001,0.9867,1.0163,102724,102682,0.351,0.351,0.503,0.543,14.95,15.3,0
11455838017,37557618628,2026-10-07T01:32:33Z,refactor/remove-default-engine-3,,EPYC 7763,standard,cache-write-pipeline-64,7,0.9884,0.9775,0.9965,1304948,1289857,1.687,1.719,3.791,3.791,14.77,14.84,0
11455838017,37557618628,2026-10-07T01:32:33Z,refactor/remove-default-engine-3,,EPYC 7763,standard,one-client,7,1.0071,1.0024,1.0145,17136,17181,0.087,0.087,0.111,0.111,15.13,15.23,0
11455838017,37557618628,2026-10-07T01:32:33Z,refactor/remove-default-engine-3,,EPYC 7763,standard,many-clients,7,0.9983,0.967,1.0091,105925,103962,4.191,4.575,14.335,14.399,15.09,15.28,0
11455838017,37557618628,2026-10-07T01:32:33Z,refactor/remove-default-engine-3,,EPYC 7763,standard,pipeline-16,7,0.9863,0.9725,0.9869,861468,849770,0.687,0.711,2.783,2.719,14.74,14.62,0
11455838017,37557618628,2026-10-07T01:32:33Z,refactor/remove-default-engine-3,,EPYC 7763,standard,pipeline-64,7,0.9925,0.9827,1.0012,1247520,1232349,1.759,1.831,3.807,3.855,14.61,14.57,0
11455838017,37557618628,2026-10-07T01:32:33Z,refactor/remove-default-engine-3,,EPYC 7763,standard,counter,7,0.998,0.985,1.0178,103655,103035,0.351,0.351,0.495,0.607,14.8,14.95,0
11455194947,37557621245,2026-10-07T01:32:35Z,test/remove-default-engine-3-baseline-field,,EPYC 9V74,standard,cache-read-64,7,0.998,0.99,1.0296,129330,129384,0.247,0.247,0.495,0.471,14.83,15.0,0
11455194947,37557621245,2026-10-07T01:32:35Z,test/remove-default-engine-3-baseline-field,,EPYC 9V74,standard,cache-write-pipeline-64,7,0.9929,0.9726,1.0089,1815049,1805460,1.055,1.063,3.391,3.439,14.78,14.39,0
11455194947,37557621245,2026-10-07T01:32:35Z,test/remove-default-engine-3-baseline-field,,EPYC 9V74,standard,one-client,7,1.0011,0.9845,1.0156,30054,30008,0.047,0.047,0.063,0.071,13.28,15.17,0
11455194947,37557621245,2026-10-07T01:32:35Z,test/remove-default-engine-3-baseline-field,,EPYC 9V74,standard,many-clients,7,0.9961,0.9785,1.016,130679,130078,3.055,3.103,8.319,8.383,15.02,14.99,0
11455194947,37557621245,2026-10-07T01:32:35Z,test/remove-default-engine-3-baseline-field,,EPYC 9V74,standard,pipeline-16,7,0.9978,0.9501,1.0088,1146321,1152699,0.503,0.495,0.935,1.215,14.52,14.65,0
11455194947,37557621245,2026-10-07T01:32:35Z,test/remove-default-engine-3-baseline-field,,EPYC 9V74,standard,pipeline-64,7,0.9998,0.9792,1.0074,1778075,1775127,1.127,1.143,3.519,3.519,14.54,14.7,0
11455194947,37557621245,2026-10-07T01:32:35Z,test/remove-default-engine-3-baseline-field,,EPYC 9V74,standard,counter,7,0.9957,0.9903,1.0202,128812,129251,0.247,0.247,0.527,0.575,15.06,14.97,0
11456087883,37557623705,2026-10-07T01:32:37Z,refactor/remove-default-engine-3,,EPYC 9V74,standard,cache-read-64,7,0.996,0.9732,1.0062,130642,130159,0.247,0.239,0.439,1.079,14.88,14.96,0
11456087883,37557623705,2026-10-07T01:32:37Z,refactor/remove-default-engine-3,,EPYC 9V74,standard,cache-write-pipeline-64,7,0.9936,0.9805,1.0132,1823801,1803172,1.031,1.047,3.407,3.439,14.3,14.62,0
11456087883,37557623705,2026-10-07T01:32:37Z,refactor/remove-default-engine-3,,EPYC 9V74,standard,one-client,7,0.9979,0.9892,1.0056,30104,29997,0.047,0.047,0.063,0.063,14.86,14.83,0
11456087883,37557623705,2026-10-07T01:32:37Z,refactor/remove-default-engine-3,,EPYC 9V74,standard,many-clients,7,1.0001,0.9778,1.0076,131106,131439,3.215,3.343,8.191,8.319,14.9,14.97,0
11456087883,37557623705,2026-10-07T01:32:37Z,refactor/remove-default-engine-3,,EPYC 9V74,standard,pipeline-16,7,0.9919,0.9641,1.0011,1164992,1153973,0.479,0.487,1.143,0.919,14.73,14.65,0
11456087883,37557623705,2026-10-07T01:32:37Z,refactor/remove-default-engine-3,,EPYC 9V74,standard,pipeline-64,7,0.9966,0.9808,1.0024,1777578,1770474,1.135,1.167,3.487,3.519,14.63,14.41,0
11456087883,37557623705,2026-10-07T01:32:37Z,refactor/remove-default-engine-3,,EPYC 9V74,standard,counter,7,1.0049,0.9988,1.0108,129308,129586,0.247,0.247,0.535,0.471,13.18,14.82,0
11455718862,37557625962,2026-10-07T01:32:38Z,test/remove-default-engine-3-baseline-field,,EPYC 7763,standard,cache-read-64,7,1.0032,0.991,1.053,104258,104072,0.343,0.343,0.487,0.503,13.48,14.96,0
11455718862,37557625962,2026-10-07T01:32:38Z,test/remove-default-engine-3-baseline-field,,EPYC 7763,standard,cache-write-pipeline-64,7,0.9952,0.988,1.0056,1315155,1304880,1.599,1.671,3.759,3.839,14.72,14.73,0
11455718862,37557625962,2026-10-07T01:32:38Z,test/remove-default-engine-3-baseline-field,,EPYC 7763,standard,one-client,7,1.003,0.9937,1.0146,16839,16835,0.087,0.087,0.111,0.111,13.27,13.34,0
11455718862,37557625962,2026-10-07T01:32:38Z,test/remove-default-engine-3-baseline-field,,EPYC 7763,standard,many-clients,7,0.9958,0.9821,1.0032,107104,106658,3.839,3.999,14.079,14.271,13.45,15.09,0
11455718862,37557625962,2026-10-07T01:32:38Z,test/remove-default-engine-3-baseline-field,,EPYC 7763,standard,pipeline-16,7,0.9789,0.9409,0.9836,878449,861227,0.663,0.687,3.023,3.151,14.62,13.04,0
11455718862,37557625962,2026-10-07T01:32:38Z,test/remove-default-engine-3-baseline-field,,EPYC 7763,standard,pipeline-64,7,0.9913,0.9876,1.0011,1252698,1244060,1.687,1.719,3.711,3.759,14.85,14.67,0
11455718862,37557625962,2026-10-07T01:32:38Z,test/remove-default-engine-3-baseline-field,,EPYC 7763,standard,counter,7,1.0,0.9939,1.0042,104182,104187,0.343,0.343,0.519,0.519,14.87,14.9,0
11456204310,37557628060,2026-10-07T01:32:40Z,refactor/remove-default-engine-3,,EPYC 7763,standard,cache-read-64,7,1.0011,0.9896,1.0153,101880,102560,0.359,0.359,0.519,0.559,15.11,14.88,0
11456204310,37557628060,2026-10-07T01:32:40Z,refactor/remove-default-engine-3,,EPYC 7763,standard,cache-write-pipeline-64,7,0.9883,0.978,1.0087,1296570,1283365,1.767,1.695,3.807,3.791,14.77,14.84,0
11456204310,37557628060,2026-10-07T01:32:40Z,refactor/remove-default-engine-3,,EPYC 7763,standard,one-client,7,1.0022,0.9828,1.0076,17132,17094,0.087,0.087,0.111,0.111,15.13,13.43,0
11456204310,37557628060,2026-10-07T01:32:40Z,refactor/remove-default-engine-3,,EPYC 7763,standard,many-clients,7,0.9972,0.9808,1.0124,104906,104612,4.255,4.415,14.399,14.399,15.08,13.41,0
11456204310,37557628060,2026-10-07T01:32:40Z,refactor/remove-default-engine-3,,EPYC 7763,standard,pipeline-16,7,0.996,0.9851,1.011,850177,845444,0.695,0.711,2.527,2.879,14.84,14.94,0
11456204310,37557628060,2026-10-07T01:32:40Z,refactor/remove-default-engine-3,,EPYC 7763,standard,pipeline-64,7,1.0007,0.9885,1.0086,1224299,1225428,1.807,1.879,3.871,3.983,14.63,14.78,0
11456204310,37557628060,2026-10-07T01:32:40Z,refactor/remove-default-engine-3,,EPYC 7763,standard,counter,7,1.0,0.9845,1.0114,102822,102884,0.351,0.351,0.543,0.575,15.16,14.97,0
11455947332,37557841259,2026-10-07T01:35:13Z,refactor/remove-default-engine-4,,EPYC 9V74,standard,cache-read-64,7,0.9975,0.9698,1.0191,128992,129003,0.247,0.247,0.487,0.455,15.09,14.95,0
11455947332,37557841259,2026-10-07T01:35:13Z,refactor/remove-default-engine-4,,EPYC 9V74,standard,cache-write-pipeline-64,7,1.014,0.9988,1.0217,1786798,1810718,1.071,1.063,3.407,3.375,14.53,14.72,0
11455947332,37557841259,2026-10-07T01:35:13Z,refactor/remove-default-engine-4,,EPYC 9V74,standard,one-client,7,0.9998,0.9866,1.0225,29667,29704,0.047,0.047,0.071,0.063,15.09,13.31,0
11455947332,37557841259,2026-10-07T01:35:13Z,refactor/remove-default-engine-4,,EPYC 9V74,standard,many-clients,7,1.0013,0.9886,1.0073,129964,129966,3.215,3.135,8.255,8.191,15.09,14.96,0
11455947332,37557841259,2026-10-07T01:35:13Z,refactor/remove-default-engine-4,,EPYC 9V74,standard,pipeline-16,7,1.0043,0.9856,1.0178,1143445,1149268,0.503,0.495,1.207,0.935,14.62,14.51,0
11455947332,37557841259,2026-10-07T01:35:13Z,refactor/remove-default-engine-4,,EPYC 9V74,standard,pipeline-64,7,0.9962,0.9805,1.013,1767290,1764225,1.143,1.159,3.519,3.519,14.65,14.65,0
11455947332,37557841259,2026-10-07T01:35:13Z,refactor/remove-default-engine-4,,EPYC 9V74,standard,counter,7,1.0013,0.9683,1.0087,128882,128276,0.247,0.247,0.503,0.479,14.95,14.92,0
11456505532,37557844033,2026-10-07T01:35:14Z,refactor/remove-default-engine-4,,EPYC 9V74,standard,cache-read-64,7,1.0022,0.9836,1.0278,129913,129779,0.239,0.247,0.487,0.455,14.89,14.9,0
11456505532,37557844033,2026-10-07T01:35:14Z,refactor/remove-default-engine-4,,EPYC 9V74,standard,cache-write-pipeline-64,7,1.0056,0.9757,1.0178,1809201,1786967,1.103,1.103,3.391,3.407,14.58,14.74,0
11456505532,37557844033,2026-10-07T01:35:14Z,refactor/remove-default-engine-4,,EPYC 9V74,standard,one-client,7,1.001,0.994,1.0064,29646,29655,0.047,0.047,0.071,0.071,15.02,14.91,0
11456505532,37557844033,2026-10-07T01:35:14Z,refactor/remove-default-engine-4,,EPYC 9V74,standard,many-clients,7,0.9999,0.9834,1.0194,130896,131516,3.087,3.023,8.383,8.319,14.93,14.89,0
11456505532,37557844033,2026-10-07T01:35:14Z,refactor/remove-default-engine-4,,EPYC 9V74,standard,pipeline-16,7,1.0084,0.9917,1.0158,1148885,1145574,0.503,0.487,1.199,1.007,14.62,14.62,0
11456505532,37557844033,2026-10-07T01:35:14Z,refactor/remove-default-engine-4,,EPYC 9V74,standard,pipeline-64,7,1.001,0.9838,1.0159,1759384,1759101,1.159,1.159,3.503,3.567,14.58,14.17,0
11456505532,37557844033,2026-10-07T01:35:14Z,refactor/remove-default-engine-4,,EPYC 9V74,standard,counter,7,1.0048,0.9992,1.0253,128682,129605,0.247,0.247,0.671,0.503,14.95,14.82,0
11457015949,37557846520,2026-10-07T01:35:16Z,refactor/remove-default-engine-4,,EPYC 7763,standard,cache-read-64,7,0.9884,0.9762,1.0187,104886,103900,0.343,0.351,0.495,0.551,15.01,13.2,0
11457015949,37557846520,2026-10-07T01:35:16Z,refactor/remove-default-engine-4,,EPYC 7763,standard,cache-write-pipeline-64,7,1.0047,0.9983,1.4132,1309234,1313442,1.703,1.679,3.887,3.743,14.77,14.46,0
11457015949,37557846520,2026-10-07T01:35:16Z,refactor/remove-default-engine-4,,EPYC 7763,standard,one-client,7,0.9949,0.9869,1.0054,17369,17229,0.087,0.087,0.103,0.103,15.26,13.27,0
11457015949,37557846520,2026-10-07T01:35:16Z,refactor/remove-default-engine-4,,EPYC 7763,standard,many-clients,7,1.0013,0.9864,1.0098,106761,106901,4.095,4.191,14.271,14.015,15.0,14.98,0
11457015949,37557846520,2026-10-07T01:35:16Z,refactor/remove-default-engine-4,,EPYC 7763,standard,pipeline-16,7,0.9966,0.9915,1.0097,874634,871095,0.671,0.671,2.607,2.831,14.86,14.88,0
11457015949,37557846520,2026-10-07T01:35:16Z,refactor/remove-default-engine-4,,EPYC 7763,standard,pipeline-64,7,1.0006,0.9895,1.0076,1252755,1253507,1.711,1.711,3.759,3.807,14.78,14.81,0
11457015949,37557846520,2026-10-07T01:35:16Z,refactor/remove-default-engine-4,,EPYC 7763,standard,counter,7,0.9982,0.9962,1.0267,104281,104203,0.343,0.351,0.503,0.511,15.09,14.96,0
11457521482,37561228970,2026-10-07T02:16:54Z,refactor/remove-default-engine-3,,EPYC 7763,standard,cache-read-64,7,1.0063,0.994,1.0198,103766,103966,0.351,0.351,0.495,0.503,15.03,13.5,0
11457521482,37561228970,2026-10-07T02:16:54Z,refactor/remove-default-engine-3,,EPYC 7763,standard,cache-write-pipeline-64,7,0.9947,0.9535,0.9978,1316322,1311524,1.607,1.591,3.807,3.679,14.08,14.84,0
11457521482,37561228970,2026-10-07T02:16:54Z,refactor/remove-default-engine-3,,EPYC 7763,standard,one-client,7,0.9991,0.9905,1.0047,17199,17148,0.087,0.087,0.103,0.103,15.21,13.37,0
11457521482,37561228970,2026-10-07T02:16:54Z,refactor/remove-default-engine-3,,EPYC 7763,standard,many-clients,7,1.0057,1.0027,1.0101,106274,106686,4.159,3.951,14.207,14.079,15.08,13.54,0
11457521482,37561228970,2026-10-07T02:16:54Z,refactor/remove-default-engine-3,,EPYC 7763,standard,pipeline-16,7,0.9949,0.9753,1.0024,863247,855510,0.655,0.679,2.799,3.039,14.96,14.71,0
11457521482,37561228970,2026-10-07T02:16:54Z,refactor/remove-default-engine-3,,EPYC 7763,standard,pipeline-64,7,0.9962,0.9843,1.0082,1249699,1242307,1.743,1.743,3.823,3.823,14.8,14.87,0
11457521482,37561228970,2026-10-07T02:16:54Z,refactor/remove-default-engine-3,,EPYC 7763,standard,counter,7,1.007,0.9745,1.0276,103381,103746,0.351,0.351,0.511,0.503,13.19,14.85,0
11457073574,37561231524,2026-10-07T02:16:56Z,refactor/remove-default-engine-3,,EPYC 7763,standard,cache-read-64,7,1.0021,0.9819,1.0052,104030,104570,0.351,0.343,0.511,0.519,14.98,15.0,0
11457073574,37561231524,2026-10-07T02:16:56Z,refactor/remove-default-engine-3,,EPYC 7763,standard,cache-write-pipeline-64,7,0.9801,0.9688,1.0002,1309854,1291688,1.679,1.783,3.855,3.839,14.7,14.89,0
11457073574,37561231524,2026-10-07T02:16:56Z,refactor/remove-default-engine-3,,EPYC 7763,standard,one-client,7,1.0012,0.9921,1.012,17111,17163,0.087,0.087,0.103,0.103,13.33,15.22,0
11457073574,37561231524,2026-10-07T02:16:56Z,refactor/remove-default-engine-3,,EPYC 7763,standard,many-clients,7,1.0024,0.996,1.0221,106790,107048,3.967,3.903,14.399,14.207,15.14,15.0,0
11457073574,37561231524,2026-10-07T02:16:56Z,refactor/remove-default-engine-3,,EPYC 7763,standard,pipeline-16,7,0.9965,0.9791,1.0006,870040,867219,0.671,0.671,3.087,3.087,14.77,14.68,0
11457073574,37561231524,2026-10-07T02:16:56Z,refactor/remove-default-engine-3,,EPYC 7763,standard,pipeline-64,7,0.992,0.9828,1.0011,1252530,1249508,1.695,1.695,3.823,3.791,14.75,14.44,0
11457073574,37561231524,2026-10-07T02:16:56Z,refactor/remove-default-engine-3,,EPYC 7763,standard,counter,7,0.9957,0.9891,1.012,104925,104400,0.343,0.343,0.503,0.519,13.32,15.15,0
11457058588,37561233704,2026-10-07T02:16:58Z,refactor/remove-default-engine-3,,EPYC 9V45,standard,cache-read-64,7,0.9853,0.9752,1.0264,140642,139109,0.215,0.223,0.375,0.519,14.9,14.86,0
11457058588,37561233704,2026-10-07T02:16:58Z,refactor/remove-default-engine-3,,EPYC 9V45,standard,cache-write-pipeline-64,7,1.0025,0.9924,1.0556,2332325,2366189,0.863,0.783,2.831,2.895,14.48,14.21,0
11457058588,37561233704,2026-10-07T02:16:58Z,refactor/remove-default-engine-3,,EPYC 9V45,standard,one-client,7,1.0019,0.9827,1.0185,33576,33834,0.047,0.039,0.063,0.063,13.19,14.83,0
11457058588,37561233704,2026-10-07T02:16:58Z,refactor/remove-default-engine-3,,EPYC 9V45,standard,many-clients,7,1.0097,0.988,1.0169,140515,141091,3.023,2.895,5.599,5.663,13.36,13.2,0
11457058588,37561233704,2026-10-07T02:16:58Z,refactor/remove-default-engine-3,,EPYC 9V45,standard,pipeline-16,7,1.0055,0.9804,1.014,1370016,1372463,0.391,0.391,1.143,1.183,14.57,14.6,0
11457058588,37561233704,2026-10-07T02:16:58Z,refactor/remove-default-engine-3,,EPYC 9V45,standard,pipeline-64,7,1.0165,0.9894,1.0329,2303510,2316143,0.815,0.807,2.943,2.671,14.21,14.23,0
11457058588,37561233704,2026-10-07T02:16:58Z,refactor/remove-default-engine-3,,EPYC 9V45,standard,counter,7,0.997,0.9783,1.02,139858,139437,0.215,0.215,0.415,0.511,14.69,14.7,0
11457118659,37561235759,2026-10-07T02:16:59Z,refactor/remove-default-engine-3,,EPYC 7763,standard,cache-read-64,7,0.9939,0.9744,1.0065,106179,105563,0.343,0.343,0.487,0.527,15.11,14.95,0
11457118659,37561235759,2026-10-07T02:16:59Z,refactor/remove-default-engine-3,,EPYC 7763,standard,cache-write-pipeline-64,7,1.0023,0.9835,1.0434,1316185,1311930,1.663,1.615,3.775,3.743,14.84,14.78,0
11457118659,37561235759,2026-10-07T02:16:59Z,refactor/remove-default-engine-3,,EPYC 7763,standard,one-client,7,0.9992,0.9976,1.0123,17384,17436,0.079,0.079,0.111,0.103,15.16,15.04,0
11457118659,37561235759,2026-10-07T02:16:59Z,refactor/remove-default-engine-3,,EPYC 7763,standard,many-clients,7,1.0003,0.9748,1.002,109177,108506,3.855,3.999,14.015,14.079,15.09,13.24,0
11457118659,37561235759,2026-10-07T02:16:59Z,refactor/remove-default-engine-3,,EPYC 7763,standard,pipeline-16,7,0.9915,0.9811,1.012,877275,866567,0.655,0.663,3.023,3.135,14.63,14.9,0
11457118659,37561235759,2026-10-07T02:16:59Z,refactor/remove-default-engine-3,,EPYC 7763,standard,pipeline-64,7,0.9853,0.9816,1.0001,1262075,1250291,1.719,1.735,3.871,3.855,14.8,14.82,0
11457118659,37561235759,2026-10-07T02:16:59Z,refactor/remove-default-engine-3,,EPYC 7763,standard,counter,7,1.0001,0.9784,1.0091,105616,105766,0.335,0.343,0.511,0.503,13.19,15.0,0
11461694131,37572767654,2026-10-07T04:42:46Z,refactor/remove-default-engine-3,,EPYC 7763,standard,cache-read-64,7,1.0115,0.9813,1.0232,98248,99351,0.367,0.359,0.567,0.583,13.21,15.0,0
11461694131,37572767654,2026-10-07T04:42:46Z,refactor/remove-default-engine-3,,EPYC 7763,standard,cache-write-pipeline-64,7,0.9767,0.9607,1.0248,1280709,1250314,1.767,1.823,3.823,3.855,14.78,14.81,0
11461694131,37572767654,2026-10-07T04:42:46Z,refactor/remove-default-engine-3,,EPYC 7763,standard,one-client,7,0.9985,0.9933,1.0241,16884,16807,0.087,0.087,0.135,0.143,13.25,13.24,0
11461694131,37572767654,2026-10-07T04:42:46Z,refactor/remove-default-engine-3,,EPYC 7763,standard,many-clients,7,0.999,0.9694,1.0191,101629,100999,4.159,4.511,14.975,14.911,15.09,13.46,0
11461694131,37572767654,2026-10-07T04:42:46Z,refactor/remove-default-engine-3,,EPYC 7763,standard,pipeline-16,7,0.9792,0.9482,1.0078,841387,818875,0.727,0.743,2.895,3.071,14.87,14.63,0
11461694131,37572767654,2026-10-07T04:42:46Z,refactor/remove-default-engine-3,,EPYC 7763,standard,pipeline-64,7,0.9995,0.9791,1.0645,1219500,1211372,1.959,1.895,3.967,3.855,14.35,14.95,0
11461694131,37572767654,2026-10-07T04:42:46Z,refactor/remove-default-engine-3,,EPYC 7763,standard,counter,7,1.0187,0.9959,1.0447,98501,100472,0.359,0.359,0.711,0.631,14.94,15.07,0
11461639357,37572770232,2026-10-07T04:42:48Z,refactor/remove-default-engine-3,,EPYC 7763,standard,cache-read-64,7,0.9978,0.9896,1.0144,103852,104145,0.351,0.351,0.511,0.511,15.09,14.88,0
11461639357,37572770232,2026-10-07T04:42:48Z,refactor/remove-default-engine-3,,EPYC 7763,standard,cache-write-pipeline-64,7,0.9865,0.9785,1.0026,1319688,1301931,1.711,1.639,3.791,3.775,14.75,14.77,0
11461639357,37572770232,2026-10-07T04:42:48Z,refactor/remove-default-engine-3,,EPYC 7763,standard,one-client,7,1.0104,0.9955,1.0249,17020,17192,0.087,0.087,0.111,0.103,13.18,15.2,0
11461639357,37572770232,2026-10-07T04:42:48Z,refactor/remove-default-engine-3,,EPYC 7763,standard,many-clients,7,1.0007,0.9974,1.0076,106168,106128,4.095,4.015,14.207,14.271,15.13,14.93,0
11461639357,37572770232,2026-10-07T04:42:48Z,refactor/remove-default-engine-3,,EPYC 7763,standard,pipeline-16,7,0.9839,0.9624,1.005,877430,860167,0.671,0.687,2.767,2.847,14.95,14.85,0
11461639357,37572770232,2026-10-07T04:42:48Z,refactor/remove-default-engine-3,,EPYC 7763,standard,pipeline-64,7,0.9788,0.9709,0.9903,1254252,1228771,1.735,1.799,3.871,3.887,14.85,14.72,0
11461639357,37572770232,2026-10-07T04:42:48Z,refactor/remove-default-engine-3,,EPYC 7763,standard,counter,7,1.0056,0.9825,1.023,103623,103602,0.351,0.351,0.519,0.511,14.77,13.21,0
11460774938,37572772401,2026-10-07T04:42:50Z,refactor/remove-default-engine-3,,EPYC 7763,standard,cache-read-64,7,0.9959,0.9861,1.0138,103401,103090,0.351,0.351,0.535,0.535,14.9,15.07,0
11460774938,37572772401,2026-10-07T04:42:50Z,refactor/remove-default-engine-3,,EPYC 7763,standard,cache-write-pipeline-64,7,0.9875,0.9742,0.9933,1312737,1294730,1.735,1.711,3.855,3.807,14.8,14.79,0
11460774938,37572772401,2026-10-07T04:42:50Z,refactor/remove-default-engine-3,,EPYC 7763,standard,one-client,7,1.0016,0.9887,1.0082,17062,17059,0.087,0.087,0.111,0.111,13.17,15.31,0
11460774938,37572772401,2026-10-07T04:42:50Z,refactor/remove-default-engine-3,,EPYC 7763,standard,many-clients,7,0.9946,0.9818,1.0013,105296,104649,4.319,4.223,14.271,14.463,15.1,15.09,0
11460774938,37572772401,2026-10-07T04:42:50Z,refactor/remove-default-engine-3,,EPYC 7763,standard,pipeline-16,7,0.976,0.9644,0.9821,870844,847503,0.687,0.703,2.783,2.847,15.0,14.87,0
11460774938,37572772401,2026-10-07T04:42:50Z,refactor/remove-default-engine-3,,EPYC 7763,standard,pipeline-64,7,0.9853,0.9782,0.9982,1251205,1234728,1.759,1.831,3.887,3.839,14.67,14.82,0
11460774938,37572772401,2026-10-07T04:42:50Z,refactor/remove-default-engine-3,,EPYC 7763,standard,counter,7,0.9906,0.968,1.0047,103668,103432,0.343,0.351,0.599,0.511,14.85,14.89,0
11465424982,37584018600,2026-10-07T06:53:17Z,refactor/remove-default-engine-4,135,EPYC 7763,standard,cache-read-64,7,0.9948,0.9633,1.0271,105257,104590,0.343,0.343,0.471,0.503,15.07,15.1,0
11465424982,37584018600,2026-10-07T06:53:17Z,refactor/remove-default-engine-4,135,EPYC 7763,standard,cache-write-pipeline-64,7,0.9999,0.9569,1.006,1317056,1314644,1.703,1.631,3.807,3.711,14.81,14.77,0
11465424982,37584018600,2026-10-07T06:53:17Z,refactor/remove-default-engine-4,135,EPYC 7763,standard,one-client,7,0.9883,0.9869,0.9929,17283,17063,0.087,0.087,0.103,0.103,15.18,15.16,0
11465424982,37584018600,2026-10-07T06:53:17Z,refactor/remove-default-engine-4,135,EPYC 7763,standard,many-clients,7,0.9962,0.9854,1.002,107563,107074,3.791,3.967,14.271,14.079,13.44,15.07,0
11465424982,37584018600,2026-10-07T06:53:17Z,refactor/remove-default-engine-4,135,EPYC 7763,standard,pipeline-16,7,1.0001,0.9874,1.0067,872911,872949,0.671,0.671,2.975,3.167,14.98,14.77,0
11465424982,37584018600,2026-10-07T06:53:17Z,refactor/remove-default-engine-4,135,EPYC 7763,standard,pipeline-64,7,0.9991,0.9626,1.0027,1254175,1255069,1.687,1.719,3.679,3.823,14.75,14.82,0
11465424982,37584018600,2026-10-07T06:53:17Z,refactor/remove-default-engine-4,135,EPYC 7763,standard,counter,7,1.0014,0.9974,1.0142,104422,104749,0.343,0.343,0.495,0.503,15.05,14.96,0
11467305492,37584026507,2026-10-07T06:53:22Z,refactor/remove-default-engine-4,135,EPYC 7763,standard,cache-read-64,7,1.0012,0.9532,1.0057,103152,103085,0.351,0.351,0.527,0.511,15.11,15.02,0
11467305492,37584026507,2026-10-07T06:53:22Z,refactor/remove-default-engine-4,135,EPYC 7763,standard,cache-write-pipeline-64,7,1.0081,1.0001,1.0175,1293234,1306270,1.775,1.719,3.791,3.759,14.6,14.76,0
11467305492,37584026507,2026-10-07T06:53:22Z,refactor/remove-default-engine-4,135,EPYC 7763,standard,one-client,7,0.9913,0.9829,1.0088,17045,16896,0.087,0.087,0.103,0.111,14.91,15.12,0
11467305492,37584026507,2026-10-07T06:53:22Z,refactor/remove-default-engine-4,135,EPYC 7763,standard,many-clients,7,0.9971,0.9802,1.0096,105797,105659,4.223,4.287,14.207,14.399,15.05,15.16,0
11467305492,37584026507,2026-10-07T06:53:22Z,refactor/remove-default-engine-4,135,EPYC 7763,standard,pipeline-16,7,1.0052,0.9965,1.0146,859552,859026,0.687,0.687,2.559,2.815,14.6,14.81,0
11467305492,37584026507,2026-10-07T06:53:22Z,refactor/remove-default-engine-4,135,EPYC 7763,standard,pipeline-64,7,1.001,0.9891,1.0169,1242430,1243898,1.799,1.719,3.839,3.855,14.84,14.78,0
11467305492,37584026507,2026-10-07T06:53:22Z,refactor/remove-default-engine-4,135,EPYC 7763,standard,counter,7,1.0033,0.9898,1.013,103263,103429,0.351,0.351,0.511,0.487,14.98,14.96,0
11466832154,37584034258,2026-10-07T06:53:27Z,refactor/remove-default-engine-4,135,EPYC 7763,standard,cache-read-64,7,1.0076,1.0016,1.0499,99941,100917,0.359,0.359,0.583,0.543,13.32,15.16,0
11466832154,37584034258,2026-10-07T06:53:27Z,refactor/remove-default-engine-4,135,EPYC 7763,standard,cache-write-pipeline-64,7,1.0031,0.9395,1.0956,1277580,1268263,1.751,1.791,3.903,3.839,14.63,14.7,0
11466832154,37584034258,2026-10-07T06:53:27Z,refactor/remove-default-engine-4,135,EPYC 7763,standard,one-client,7,0.9959,0.9788,1.0086,16747,16750,0.095,0.087,0.175,0.135,13.28,15.01,0
11466832154,37584034258,2026-10-07T06:53:27Z,refactor/remove-default-engine-4,135,EPYC 7763,standard,many-clients,7,1.0028,0.9733,1.0736,102068,102952,4.287,4.447,14.719,14.335,14.85,15.16,1
11466832154,37584034258,2026-10-07T06:53:27Z,refactor/remove-default-engine-4,135,EPYC 7763,standard,pipeline-16,7,0.9986,0.9962,1.0386,840922,842340,0.727,0.727,2.543,2.959,14.79,14.67,0
11466832154,37584034258,2026-10-07T06:53:27Z,refactor/remove-default-engine-4,135,EPYC 7763,standard,pipeline-64,7,1.0015,0.9684,1.0142,1217460,1214070,1.951,1.903,4.015,4.015,14.73,14.76,0
11466832154,37584034258,2026-10-07T06:53:27Z,refactor/remove-default-engine-4,135,EPYC 7763,standard,counter,7,1.0064,0.985,1.058,100140,100885,0.359,0.359,0.607,0.599,15.08,14.88,0
11503509776,37665561223,2026-10-07T18:16:30Z,refactor/instance-contract-1,,Xeon 8573C,memory,keys-0-value-64-clients-1,7,,,,,,,,,,9.72,7.91,0
11503509776,37665561223,2026-10-07T18:16:30Z,refactor/instance-contract-1,,Xeon 8573C,memory,keys-0-value-64-clients-256,7,,,,,,,,,,9.73,9.73,0
11503509776,37665561223,2026-10-07T18:16:30Z,refactor/instance-contract-1,,Xeon 8573C,memory,keys-2500-value-64-clients-1,7,,,,,,,,,,10.17,10.11,0
11503509776,37665561223,2026-10-07T18:16:30Z,refactor/instance-contract-1,,Xeon 8573C,memory,keys-2500-value-64-clients-256,7,,,,,,,,,,10.18,10.12,0
11503509776,37665561223,2026-10-07T18:16:30Z,refactor/instance-contract-1,,Xeon 8573C,memory,keys-25000-value-64-clients-1,7,,,,,,,,,,15.22,15.21,0
11503509776,37665561223,2026-10-07T18:16:30Z,refactor/instance-contract-1,,Xeon 8573C,memory,keys-100000-value-64-clients-1,7,,,,,,,,,,31.61,29.66,0
11503509776,37665561223,2026-10-07T18:16:30Z,refactor/instance-contract-1,,Xeon 8573C,memory,keys-1000000-value-64-clients-1,7,,,,,,,,,,220.02,215.95,0
11503509776,37665561223,2026-10-07T18:16:30Z,refactor/instance-contract-1,,Xeon 8573C,memory,keys-2500-value-1024-clients-1,7,,,,,,,,,,14.66,12.69,0
11503509776,37665561223,2026-10-07T18:16:30Z,refactor/instance-contract-1,,Xeon 8573C,memory,keys-25000-value-1024-clients-1,7,,,,,,,,,,39.86,39.85,0
11503509776,37665561223,2026-10-07T18:16:30Z,refactor/instance-contract-1,,Xeon 8573C,standard,cache-read-64,7,0.9995,0.9962,1.0299,147288,148502,0.215,0.215,0.711,0.487,14.87,15.0,0
11503509776,37665561223,2026-10-07T18:16:30Z,refactor/instance-contract-1,,Xeon 8573C,standard,cache-balanced-64,7,0.9985,0.9911,1.0071,145848,145780,0.215,0.215,0.511,0.591,13.25,15.01,0
11503509776,37665561223,2026-10-07T18:16:30Z,refactor/instance-contract-1,,Xeon 8573C,standard,cache-write-64,7,0.9978,0.9873,1.0056,145588,145323,0.215,0.215,0.495,0.543,15.12,13.12,0
11503509776,37665561223,2026-10-07T18:16:30Z,refactor/instance-contract-1,,Xeon 8573C,standard,cache-write-pipeline-64,7,0.9995,0.9841,1.0028,1449736,1450573,1.391,1.375,3.599,3.487,14.5,14.64,0
11503509776,37665561223,2026-10-07T18:16:30Z,refactor/instance-contract-1,,Xeon 8573C,standard,one-client,7,1.0056,0.9956,1.0095,26290,26373,0.055,0.055,0.079,0.079,15.09,13.33,0
11503509776,37665561223,2026-10-07T18:16:30Z,refactor/instance-contract-1,,Xeon 8573C,standard,many-clients,7,1.0017,0.9698,1.0199,166178,166107,2.367,2.415,8.895,8.895,15.05,15.03,0
11503509776,37665561223,2026-10-07T18:16:30Z,refactor/instance-contract-1,,Xeon 8573C,standard,pipeline-16,7,0.998,0.993,1.002,1174746,1176705,0.535,0.543,1.199,1.135,14.66,14.53,0
11503509776,37665561223,2026-10-07T18:16:30Z,refactor/instance-contract-1,,Xeon 8573C,standard,pipeline-64,7,0.9935,0.9884,0.9985,1528977,1525908,1.407,1.431,3.599,3.583,15.02,14.66,0
11503509776,37665561223,2026-10-07T18:16:30Z,refactor/instance-contract-1,,Xeon 8573C,standard,set,7,1.0018,0.9949,1.0163,146850,146956,0.215,0.215,0.727,0.487,14.87,14.98,0
11503509776,37665561223,2026-10-07T18:16:30Z,refactor/instance-contract-1,,Xeon 8573C,standard,sorted-set,7,1.0022,0.9957,1.0102,137743,137799,0.231,0.231,0.751,0.695,17.16,17.32,0
11503509776,37665561223,2026-10-07T18:16:30Z,refactor/instance-contract-1,,Xeon 8573C,standard,counter,7,0.9973,0.9874,1.0071,148439,148421,0.215,0.207,0.511,0.527,14.96,13.34,0
11503509776,37665561223,2026-10-07T18:16:30Z,refactor/instance-contract-1,,Xeon 8573C,standard,hash-field-read,7,0.9995,0.9862,1.0041,137489,137425,0.231,0.231,0.751,0.847,40.39,40.37,0
11503509776,37665561223,2026-10-07T18:16:30Z,refactor/instance-contract-1,,Xeon 8573C,standard,reconnect,7,1.0004,0.9984,1.0086,145252,145522,0.215,0.215,0.455,0.487,15.09,14.88,0
11504135965,37665570601,2026-10-07T18:16:34Z,refactor/instance-contract-1,,Xeon 8573C,memory,keys-0-value-64-clients-1,7,,,,,,,,,,7.92,9.73,0
11504135965,37665570601,2026-10-07T18:16:34Z,refactor/instance-contract-1,,Xeon 8573C,memory,keys-0-value-64-clients-256,7,,,,,,,,,,9.73,9.75,0
11504135965,37665570601,2026-10-07T18:16:34Z,refactor/instance-contract-1,,Xeon 8573C,memory,keys-2500-value-64-clients-1,7,,,,,,,,,,10.07,12.05,0
11504135965,37665570601,2026-10-07T18:16:34Z,refactor/instance-contract-1,,Xeon 8573C,memory,keys-2500-value-64-clients-256,7,,,,,,,,,,10.12,10.18,0
11504135965,37665570601,2026-10-07T18:16:34Z,refactor/instance-contract-1,,Xeon 8573C,memory,keys-25000-value-64-clients-1,7,,,,,,,,,,15.19,15.2,0
11504135965,37665570601,2026-10-07T18:16:34Z,refactor/instance-contract-1,,Xeon 8573C,memory,keys-100000-value-64-clients-1,7,,,,,,,,,,29.65,29.63,0
11504135965,37665570601,2026-10-07T18:16:34Z,refactor/instance-contract-1,,Xeon 8573C,memory,keys-1000000-value-64-clients-1,7,,,,,,,,,,210.12,218.07,0
11504135965,37665570601,2026-10-07T18:16:34Z,refactor/instance-contract-1,,Xeon 8573C,memory,keys-2500-value-1024-clients-1,7,,,,,,,,,,12.87,12.74,0
11504135965,37665570601,2026-10-07T18:16:34Z,refactor/instance-contract-1,,Xeon 8573C,memory,keys-25000-value-1024-clients-1,7,,,,,,,,,,39.86,39.88,0
11504135965,37665570601,2026-10-07T18:16:34Z,refactor/instance-contract-1,,Xeon 8573C,standard,cache-read-64,7,0.999,0.9966,1.0308,166657,166098,0.191,0.191,0.351,0.343,14.96,14.97,0
11504135965,37665570601,2026-10-07T18:16:34Z,refactor/instance-contract-1,,Xeon 8573C,standard,cache-balanced-64,7,1.0027,0.9608,1.0081,163024,164351,0.191,0.191,0.343,0.351,15.06,14.95,0
11504135965,37665570601,2026-10-07T18:16:34Z,refactor/instance-contract-1,,Xeon 8573C,standard,cache-write-64,7,1.0053,0.9919,1.0211,161978,163194,0.199,0.199,0.335,0.359,15.04,13.21,0
11504135965,37665570601,2026-10-07T18:16:34Z,refactor/instance-contract-1,,Xeon 8573C,standard,cache-write-pipeline-64,7,1.0004,0.9996,1.0182,1707570,1709003,1.167,1.159,3.119,2.895,14.5,14.74,0
11504135965,37665570601,2026-10-07T18:16:34Z,refactor/instance-contract-1,,Xeon 8573C,standard,one-client,7,0.9978,0.993,1.0096,28440,28535,0.055,0.055,0.071,0.071,13.25,14.85,0
11504135965,37665570601,2026-10-07T18:16:34Z,refactor/instance-contract-1,,Xeon 8573C,standard,many-clients,7,1.0055,0.9818,1.019,188764,190466,2.079,2.015,7.007,7.199,15.05,14.98,0
11504135965,37665570601,2026-10-07T18:16:34Z,refactor/instance-contract-1,,Xeon 8573C,standard,pipeline-16,7,1.0017,0.9894,1.0262,1349579,1351939,0.463,0.463,0.807,0.711,14.67,14.59,0
11504135965,37665570601,2026-10-07T18:16:34Z,refactor/instance-contract-1,,Xeon 8573C,standard,pipeline-64,7,1.003,0.9992,1.0128,1799237,1800716,1.191,1.191,3.279,3.295,14.78,14.65,0
11504135965,37665570601,2026-10-07T18:16:34Z,refactor/instance-contract-1,,Xeon 8573C,standard,set,7,0.9952,0.9902,1.0069,162198,162828,0.199,0.191,0.343,0.359,14.91,14.95,0
11504135965,37665570601,2026-10-07T18:16:34Z,refactor/instance-contract-1,,Xeon 8573C,standard,sorted-set,7,1.0025,0.999,1.0101,153763,154005,0.215,0.215,0.415,0.399,17.05,17.12,0
11504135965,37665570601,2026-10-07T18:16:34Z,refactor/instance-contract-1,,Xeon 8573C,standard,counter,7,1.0025,0.9854,1.0158,164755,165221,0.191,0.191,0.335,0.319,14.75,14.89,0
11504135965,37665570601,2026-10-07T18:16:34Z,refactor/instance-contract-1,,Xeon 8573C,standard,hash-field-read,7,1.0034,0.9991,1.0119,152965,154648,0.207,0.207,0.375,0.375,40.39,40.38,0
11504135965,37665570601,2026-10-07T18:16:34Z,refactor/instance-contract-1,,Xeon 8573C,standard,reconnect,7,1.0005,0.985,1.011,161585,161721,0.199,0.199,0.351,0.343,13.38,15.01,0
11503923643,37665580208,2026-10-07T18:16:38Z,refactor/instance-contract-1,,EPYC 7763,memory,keys-0-value-64-clients-1,7,,,,,,,,,,9.73,9.71,0
11503923643,37665580208,2026-10-07T18:16:38Z,refactor/instance-contract-1,,EPYC 7763,memory,keys-0-value-64-clients-256,7,,,,,,,,,,9.74,9.75,0
11503923643,37665580208,2026-10-07T18:16:38Z,refactor/instance-contract-1,,EPYC 7763,memory,keys-2500-value-64-clients-1,7,,,,,,,,,,10.12,10.05,0
11503923643,37665580208,2026-10-07T18:16:38Z,refactor/instance-contract-1,,EPYC 7763,memory,keys-2500-value-64-clients-256,7,,,,,,,,,,10.2,12.06,0
11503923643,37665580208,2026-10-07T18:16:38Z,refactor/instance-contract-1,,EPYC 7763,memory,keys-25000-value-64-clients-1,7,,,,,,,,,,15.2,15.2,0
11503923643,37665580208,2026-10-07T18:16:38Z,refactor/instance-contract-1,,EPYC 7763,memory,keys-100000-value-64-clients-1,7,,,,,,,,,,29.71,29.66,0
11503923643,37665580208,2026-10-07T18:16:38Z,refactor/instance-contract-1,,EPYC 7763,memory,keys-1000000-value-64-clients-1,7,,,,,,,,,,217.94,216.04,0
11503923643,37665580208,2026-10-07T18:16:38Z,refactor/instance-contract-1,,EPYC 7763,memory,keys-2500-value-1024-clients-1,7,,,,,,,,,,12.75,12.7,0
11503923643,37665580208,2026-10-07T18:16:38Z,refactor/instance-contract-1,,EPYC 7763,memory,keys-25000-value-1024-clients-1,7,,,,,,,,,,39.88,39.87,0
11503923643,37665580208,2026-10-07T18:16:38Z,refactor/instance-contract-1,,EPYC 7763,standard,cache-read-64,7,1.0027,0.9899,1.0558,102601,103180,0.351,0.351,0.567,0.543,15.25,14.99,0
11503923643,37665580208,2026-10-07T18:16:38Z,refactor/instance-contract-1,,EPYC 7763,standard,cache-balanced-64,7,0.9955,0.982,1.003,101625,101162,0.351,0.359,0.543,0.575,15.17,15.0,0
11503923643,37665580208,2026-10-07T18:16:38Z,refactor/instance-contract-1,,EPYC 7763,standard,cache-write-64,7,0.9981,0.9892,1.0027,101183,100949,0.359,0.359,0.575,0.551,14.95,13.32,0
11503923643,37665580208,2026-10-07T18:16:38Z,refactor/instance-contract-1,,EPYC 7763,standard,cache-write-pipeline-64,7,0.995,0.9723,1.008,1296579,1291951,1.695,1.791,3.791,3.807,14.73,14.91,0
11503923643,37665580208,2026-10-07T18:16:38Z,refactor/instance-contract-1,,EPYC 7763,standard,one-client,7,0.9908,0.9778,1.0027,16843,16736,0.087,0.087,0.119,0.119,15.19,14.91,0
11503923643,37665580208,2026-10-07T18:16:38Z,refactor/instance-contract-1,,EPYC 7763,standard,many-clients,7,1.0087,0.9881,1.0263,104617,105529,4.255,4.351,14.335,14.399,14.98,15.07,0
11503923643,37665580208,2026-10-07T18:16:38Z,refactor/instance-contract-1,,EPYC 7763,standard,pipeline-16,7,1.0023,0.9881,1.0127,856782,855557,0.711,0.703,2.975,2.783,14.88,12.94,0
11503923643,37665580208,2026-10-07T18:16:38Z,refactor/instance-contract-1,,EPYC 7763,standard,pipeline-64,7,1.0009,0.9917,1.0051,1237955,1240744,1.807,1.775,3.919,3.871,14.75,14.92,0
11503923643,37665580208,2026-10-07T18:16:38Z,refactor/instance-contract-1,,EPYC 7763,standard,set,7,1.0018,0.9846,1.0096,101500,101224,0.351,0.351,0.607,0.575,14.9,14.92,0
11503923643,37665580208,2026-10-07T18:16:38Z,refactor/instance-contract-1,,EPYC 7763,standard,sorted-set,7,1.0021,0.9922,1.024,95125,95409,0.375,0.375,0.727,0.719,17.17,17.1,0
11503923643,37665580208,2026-10-07T18:16:38Z,refactor/instance-contract-1,,EPYC 7763,standard,counter,7,1.0046,0.9945,1.046,102826,103278,0.351,0.351,0.543,0.527,14.97,13.39,0
11503923643,37665580208,2026-10-07T18:16:38Z,refactor/instance-contract-1,,EPYC 7763,standard,hash-field-read,7,0.9998,0.979,1.0029,94884,94780,0.367,0.375,0.759,0.647,40.43,40.5,0
11503923643,37665580208,2026-10-07T18:16:38Z,refactor/instance-contract-1,,EPYC 7763,standard,reconnect,7,0.997,0.9817,1.0122,99013,98689,0.359,0.367,0.551,0.551,15.01,14.92,0
11514718058,37692225434,2026-10-07T21:50:45Z,fix/legacy-migration-crash-window,,EPYC 9V74,memory,keys-0-value-64-clients-1,7,,,,,,,,,,9.74,9.71,0
11514718058,37692225434,2026-10-07T21:50:45Z,fix/legacy-migration-crash-window,,EPYC 9V74,memory,keys-0-value-64-clients-256,7,,,,,,,,,,9.73,9.73,0
11514718058,37692225434,2026-10-07T21:50:45Z,fix/legacy-migration-crash-window,,EPYC 9V74,memory,keys-2500-value-64-clients-1,7,,,,,,,,,,10.05,10.04,0
11514718058,37692225434,2026-10-07T21:50:45Z,fix/legacy-migration-crash-window,,EPYC 9V74,memory,keys-2500-value-64-clients-256,7,,,,,,,,,,10.18,10.12,0
11514718058,37692225434,2026-10-07T21:50:45Z,fix/legacy-migration-crash-window,,EPYC 9V74,memory,keys-25000-value-64-clients-1,7,,,,,,,,,,15.2,15.2,0
11514718058,37692225434,2026-10-07T21:50:45Z,fix/legacy-migration-crash-window,,EPYC 9V74,memory,keys-100000-value-64-clients-1,7,,,,,,,,,,29.69,29.68,0
11514718058,37692225434,2026-10-07T21:50:45Z,fix/legacy-migration-crash-window,,EPYC 9V74,memory,keys-1000000-value-64-clients-1,7,,,,,,,,,,217.96,218.0,0
11514718058,37692225434,2026-10-07T21:50:45Z,fix/legacy-migration-crash-window,,EPYC 9V74,memory,keys-2500-value-1024-clients-1,7,,,,,,,,,,12.71,12.73,0
11514718058,37692225434,2026-10-07T21:50:45Z,fix/legacy-migration-crash-window,,EPYC 9V74,memory,keys-25000-value-1024-clients-1,7,,,,,,,,,,39.86,39.9,0
11514718058,37692225434,2026-10-07T21:50:45Z,fix/legacy-migration-crash-window,,EPYC 9V74,standard,cache-read-64,7,0.995,0.9773,1.0423,130135,128778,0.239,0.247,0.447,0.495,14.99,15.03,0
11514718058,37692225434,2026-10-07T21:50:45Z,fix/legacy-migration-crash-window,,EPYC 9V74,standard,cache-balanced-64,7,0.9995,0.9775,1.0128,128134,127969,0.247,0.247,0.511,0.511,15.12,14.91,0
11514718058,37692225434,2026-10-07T21:50:45Z,fix/legacy-migration-crash-window,,EPYC 9V74,standard,cache-write-64,7,0.9991,0.987,1.0057,128478,127591,0.247,0.247,0.447,0.463,13.38,14.9,0
11514718058,37692225434,2026-10-07T21:50:45Z,fix/legacy-migration-crash-window,,EPYC 9V74,standard,cache-write-pipeline-64,7,0.9852,0.977,1.0055,1809833,1800388,1.055,1.063,3.455,3.359,14.72,14.7,0
11514718058,37692225434,2026-10-07T21:50:45Z,fix/legacy-migration-crash-window,,EPYC 9V74,standard,one-client,7,1.0056,0.9997,1.022,29231,29413,0.055,0.055,0.071,0.071,13.42,14.98,0
11514718058,37692225434,2026-10-07T21:50:45Z,fix/legacy-migration-crash-window,,EPYC 9V74,standard,many-clients,7,1.0021,0.9955,1.0144,130970,131556,2.991,3.023,8.255,8.319,14.92,14.94,0
11514718058,37692225434,2026-10-07T21:50:45Z,fix/legacy-migration-crash-window,,EPYC 9V74,standard,pipeline-16,7,0.9888,0.9771,1.005,1158776,1145605,0.495,0.487,1.231,0.791,14.64,14.7,0
11514718058,37692225434,2026-10-07T21:50:45Z,fix/legacy-migration-crash-window,,EPYC 9V74,standard,pipeline-64,7,1.0052,0.9973,1.0094,1757693,1764800,1.167,1.135,3.503,3.471,14.39,14.47,0
11514718058,37692225434,2026-10-07T21:50:45Z,fix/legacy-migration-crash-window,,EPYC 9V74,standard,set,7,0.9947,0.9673,1.0459,127862,127690,0.247,0.247,0.471,0.463,14.94,14.54,0
11514718058,37692225434,2026-10-07T21:50:45Z,fix/legacy-migration-crash-window,,EPYC 9V74,standard,sorted-set,7,0.9997,0.9523,1.0072,121919,121100,0.263,0.263,0.703,0.703,17.07,17.1,0
11514718058,37692225434,2026-10-07T21:50:45Z,fix/legacy-migration-crash-window,,EPYC 9V74,standard,counter,7,0.9957,0.9831,1.0089,129560,129189,0.247,0.239,0.447,0.495,15.01,14.96,0
11514718058,37692225434,2026-10-07T21:50:45Z,fix/legacy-migration-crash-window,,EPYC 9V74,standard,hash-field-read,7,1.0,0.9952,1.0053,119671,119279,0.255,0.263,0.791,0.807,40.39,40.37,0
11514718058,37692225434,2026-10-07T21:50:45Z,fix/legacy-migration-crash-window,,EPYC 9V74,standard,reconnect,7,1.0001,0.9943,1.0071,125432,126001,0.247,0.247,0.431,0.439,15.21,14.97,0
11515975359,37692230934,2026-10-07T21:50:48Z,fix/legacy-migration-crash-window,,EPYC 9V74,memory,keys-0-value-64-clients-1,7,,,,,,,,,,9.71,9.73,0
11515975359,37692230934,2026-10-07T21:50:48Z,fix/legacy-migration-crash-window,,EPYC 9V74,memory,keys-0-value-64-clients-256,7,,,,,,,,,,9.75,9.75,0
11515975359,37692230934,2026-10-07T21:50:48Z,fix/legacy-migration-crash-window,,EPYC 9V74,memory,keys-2500-value-64-clients-1,7,,,,,,,,,,10.17,10.17,0
11515975359,37692230934,2026-10-07T21:50:48Z,fix/legacy-migration-crash-window,,EPYC 9V74,memory,keys-2500-value-64-clients-256,7,,,,,,,,,,12.11,10.18,0
11515975359,37692230934,2026-10-07T21:50:48Z,fix/legacy-migration-crash-window,,EPYC 9V74,memory,keys-25000-value-64-clients-1,7,,,,,,,,,,15.2,15.21,0
11515975359,37692230934,2026-10-07T21:50:48Z,fix/legacy-migration-crash-window,,EPYC 9V74,memory,keys-100000-value-64-clients-1,7,,,,,,,,,,29.61,29.65,0
11515975359,37692230934,2026-10-07T21:50:48Z,fix/legacy-migration-crash-window,,EPYC 9V74,memory,keys-1000000-value-64-clients-1,7,,,,,,,,,,215.92,217.95,0
11515975359,37692230934,2026-10-07T21:50:48Z,fix/legacy-migration-crash-window,,EPYC 9V74,memory,keys-2500-value-1024-clients-1,7,,,,,,,,,,12.68,12.69,0
11515975359,37692230934,2026-10-07T21:50:48Z,fix/legacy-migration-crash-window,,EPYC 9V74,memory,keys-25000-value-1024-clients-1,7,,,,,,,,,,39.88,39.84,0
11515975359,37692230934,2026-10-07T21:50:48Z,fix/legacy-migration-crash-window,,EPYC 9V74,standard,cache-read-64,7,0.9955,0.9724,1.0115,129529,129031,0.239,0.247,0.415,0.463,14.92,14.77,0
11515975359,37692230934,2026-10-07T21:50:48Z,fix/legacy-migration-crash-window,,EPYC 9V74,standard,cache-balanced-64,7,0.9925,0.9601,0.9996,128134,127399,0.247,0.247,0.479,0.535,13.3,14.88,0
11515975359,37692230934,2026-10-07T21:50:48Z,fix/legacy-migration-crash-window,,EPYC 9V74,standard,cache-write-64,7,0.9946,0.9879,0.9979,128051,127396,0.247,0.247,0.447,0.455,14.88,15.11,0
11515975359,37692230934,2026-10-07T21:50:48Z,fix/legacy-migration-crash-window,,EPYC 9V74,standard,cache-write-pipeline-64,7,0.9867,0.9832,1.0037,1817031,1792848,1.063,1.103,3.231,3.439,14.67,14.62,0
11515975359,37692230934,2026-10-07T21:50:48Z,fix/legacy-migration-crash-window,,EPYC 9V74,standard,one-client,7,0.9979,0.9887,1.0083,29674,29612,0.047,0.055,0.063,0.063,14.94,15.17,0
11515975359,37692230934,2026-10-07T21:50:48Z,fix/legacy-migration-crash-window,,EPYC 9V74,standard,many-clients,7,0.9993,0.9801,1.0155,130805,130788,2.959,2.959,8.191,8.191,14.86,15.0,0
11515975359,37692230934,2026-10-07T21:50:48Z,fix/legacy-migration-crash-window,,EPYC 9V74,standard,pipeline-16,7,0.9919,0.9831,1.0029,1150755,1141914,0.487,0.495,1.207,0.951,14.55,14.68,0
11515975359,37692230934,2026-10-07T21:50:48Z,fix/legacy-migration-crash-window,,EPYC 9V74,standard,pipeline-64,7,1.0059,0.9797,1.0119,1762057,1770542,1.167,1.119,3.503,3.487,14.7,14.58,0
11515975359,37692230934,2026-10-07T21:50:48Z,fix/legacy-migration-crash-window,,EPYC 9V74,standard,set,7,0.9985,0.9624,1.0149,127552,127209,0.247,0.247,0.599,0.623,14.66,14.86,0
11515975359,37692230934,2026-10-07T21:50:48Z,fix/legacy-migration-crash-window,,EPYC 9V74,standard,sorted-set,7,0.9961,0.9902,1.0053,121313,121064,0.263,0.263,0.807,0.879,17.13,16.95,0
11515975359,37692230934,2026-10-07T21:50:48Z,fix/legacy-migration-crash-window,,EPYC 9V74,standard,counter,7,0.9988,0.9982,1.0039,128944,128938,0.247,0.239,0.495,0.455,14.84,13.33,0
11515975359,37692230934,2026-10-07T21:50:48Z,fix/legacy-migration-crash-window,,EPYC 9V74,standard,hash-field-read,7,0.9966,0.992,1.0047,119079,119048,0.263,0.263,0.943,0.919,40.42,40.37,0
11515975359,37692230934,2026-10-07T21:50:48Z,fix/legacy-migration-crash-window,,EPYC 9V74,standard,reconnect,7,0.9962,0.9759,1.0175,125296,125142,0.247,0.247,0.447,0.447,15.1,13.08,0
11516516442,37695858574,2026-10-07T22:23:21Z,feat/info-redis-fields,140,EPYC 7763,memory,keys-0-value-64-clients-1,7,,,,,,,,,,9.71,10.0,0
11516516442,37695858574,2026-10-07T22:23:21Z,feat/info-redis-fields,140,EPYC 7763,memory,keys-0-value-64-clients-256,7,,,,,,,,,,9.75,10.02,0
11516516442,37695858574,2026-10-07T22:23:21Z,feat/info-redis-fields,140,EPYC 7763,memory,keys-2500-value-64-clients-1,7,,,,,,,,,,10.17,10.16,0
11516516442,37695858574,2026-10-07T22:23:21Z,feat/info-redis-fields,140,EPYC 7763,memory,keys-2500-value-64-clients-256,7,,,,,,,,,,10.12,10.21,0
11516516442,37695858574,2026-10-07T22:23:21Z,feat/info-redis-fields,140,EPYC 7763,memory,keys-25000-value-64-clients-1,7,,,,,,,,,,15.2,15.21,0
11516516442,37695858574,2026-10-07T22:23:21Z,feat/info-redis-fields,140,EPYC 7763,memory,keys-100000-value-64-clients-1,7,,,,,,,,,,29.62,29.72,0
11516516442,37695858574,2026-10-07T22:23:21Z,feat/info-redis-fields,140,EPYC 7763,memory,keys-1000000-value-64-clients-1,7,,,,,,,,,,220.09,218.13,0
11516516442,37695858574,2026-10-07T22:23:21Z,feat/info-redis-fields,140,EPYC 7763,memory,keys-2500-value-1024-clients-1,7,,,,,,,,,,12.7,12.77,0
11516516442,37695858574,2026-10-07T22:23:21Z,feat/info-redis-fields,140,EPYC 7763,memory,keys-25000-value-1024-clients-1,7,,,,,,,,,,39.85,39.96,0
11516516442,37695858574,2026-10-07T22:23:21Z,feat/info-redis-fields,140,EPYC 7763,standard,cache-read-64,7,0.9987,0.9572,1.0491,102452,102178,0.359,0.351,0.535,0.543,15.0,15.01,0
11516516442,37695858574,2026-10-07T22:23:21Z,feat/info-redis-fields,140,EPYC 7763,standard,cache-write-pipeline-64,7,1.0102,0.9991,1.0853,1291192,1312452,1.695,1.703,3.855,3.791,14.83,13.31,0
11516516442,37695858574,2026-10-07T22:23:21Z,feat/info-redis-fields,140,EPYC 7763,standard,one-client,7,0.9912,0.9827,1.0013,17161,16959,0.087,0.087,0.103,0.111,13.39,15.14,0
11516516442,37695858574,2026-10-07T22:23:21Z,feat/info-redis-fields,140,EPYC 7763,standard,many-clients,7,0.9974,0.9562,1.0184,105275,105074,4.255,4.575,14.399,14.335,13.46,15.06,0
11516516442,37695858574,2026-10-07T22:23:21Z,feat/info-redis-fields,140,EPYC 7763,standard,pipeline-16,7,1.0008,0.986,1.008,863233,858684,0.703,0.703,2.767,2.927,14.89,13.21,0
11516516442,37695858574,2026-10-07T22:23:21Z,feat/info-redis-fields,140,EPYC 7763,standard,pipeline-64,7,1.0026,0.9757,1.0321,1240613,1242231,1.823,1.735,3.919,3.951,14.87,14.73,0
11516516442,37695858574,2026-10-07T22:23:21Z,feat/info-redis-fields,140,EPYC 7763,standard,counter,7,0.9899,0.9725,0.997,103593,102427,0.351,0.351,0.535,0.511,15.03,15.02,0
11516326966,37695867549,2026-10-07T22:23:26Z,feat/info-redis-fields,140,EPYC 7763,memory,keys-0-value-64-clients-1,7,,,,,,,,,,9.73,10.0,0
11516326966,37695867549,2026-10-07T22:23:26Z,feat/info-redis-fields,140,EPYC 7763,memory,keys-0-value-64-clients-256,7,,,,,,,,,,9.74,8.03,0
11516326966,37695867549,2026-10-07T22:23:26Z,feat/info-redis-fields,140,EPYC 7763,memory,keys-2500-value-64-clients-1,7,,,,,,,,,,10.1,10.21,0
11516326966,37695867549,2026-10-07T22:23:26Z,feat/info-redis-fields,140,EPYC 7763,memory,keys-2500-value-64-clients-256,7,,,,,,,,,,10.21,10.24,0
11516326966,37695867549,2026-10-07T22:23:26Z,feat/info-redis-fields,140,EPYC 7763,memory,keys-25000-value-64-clients-1,7,,,,,,,,,,15.2,15.21,0
11516326966,37695867549,2026-10-07T22:23:26Z,feat/info-redis-fields,140,EPYC 7763,memory,keys-100000-value-64-clients-1,7,,,,,,,,,,29.61,29.76,0
11516326966,37695867549,2026-10-07T22:23:26Z,feat/info-redis-fields,140,EPYC 7763,memory,keys-1000000-value-64-clients-1,7,,,,,,,,,,218.07,216.29,0
11516326966,37695867549,2026-10-07T22:23:26Z,feat/info-redis-fields,140,EPYC 7763,memory,keys-2500-value-1024-clients-1,7,,,,,,,,,,12.7,14.78,0
11516326966,37695867549,2026-10-07T22:23:26Z,feat/info-redis-fields,140,EPYC 7763,memory,keys-25000-value-1024-clients-1,7,,,,,,,,,,39.86,39.9,0
11516326966,37695867549,2026-10-07T22:23:26Z,feat/info-redis-fields,140,EPYC 7763,standard,cache-read-64,7,0.9904,0.9861,1.0042,103841,103322,0.351,0.351,0.503,0.527,13.52,13.5,0
11516326966,37695867549,2026-10-07T22:23:26Z,feat/info-redis-fields,140,EPYC 7763,standard,cache-write-pipeline-64,7,1.0092,1.0044,1.0611,1311731,1322119,1.687,1.663,3.695,3.807,14.92,15.07,0
11516326966,37695867549,2026-10-07T22:23:26Z,feat/info-redis-fields,140,EPYC 7763,standard,one-client,7,0.9906,0.9819,1.0007,17237,17057,0.087,0.087,0.103,0.103,13.37,15.27,0
11516326966,37695867549,2026-10-07T22:23:26Z,feat/info-redis-fields,140,EPYC 7763,standard,many-clients,7,0.9956,0.9848,1.0027,106798,106353,4.127,4.351,14.143,14.079,15.25,15.18,0
11516326966,37695867549,2026-10-07T22:23:26Z,feat/info-redis-fields,140,EPYC 7763,standard,pipeline-16,7,0.992,0.987,1.0011,869069,862095,0.687,0.687,2.719,2.639,14.33,14.95,0
11516326966,37695867549,2026-10-07T22:23:26Z,feat/info-redis-fields,140,EPYC 7763,standard,pipeline-64,7,0.9954,0.9895,1.0024,1250261,1249151,1.735,1.751,3.887,3.887,14.58,14.4,0
11516326966,37695867549,2026-10-07T22:23:26Z,feat/info-redis-fields,140,EPYC 7763,standard,counter,7,0.9917,0.9679,1.0104,104176,103418,0.351,0.351,0.503,0.511,13.28,14.98,0
11516246812,37695876133,2026-10-07T22:23:31Z,feat/info-redis-fields,140,Xeon 8573C,memory,keys-0-value-64-clients-1,7,,,,,,,,,,9.73,10.0,0
11516246812,37695876133,2026-10-07T22:23:31Z,feat/info-redis-fields,140,Xeon 8573C,memory,keys-0-value-64-clients-256,7,,,,,,,,,,9.75,10.01,0
11516246812,37695876133,2026-10-07T22:23:31Z,feat/info-redis-fields,140,Xeon 8573C,memory,keys-2500-value-64-clients-1,7,,,,,,,,,,11.98,10.2,0
11516246812,37695876133,2026-10-07T22:23:31Z,feat/info-redis-fields,140,Xeon 8573C,memory,keys-2500-value-64-clients-256,7,,,,,,,,,,10.2,10.34,0
11516246812,37695876133,2026-10-07T22:23:31Z,feat/info-redis-fields,140,Xeon 8573C,memory,keys-25000-value-64-clients-1,7,,,,,,,,,,15.21,15.27,0
11516246812,37695876133,2026-10-07T22:23:31Z,feat/info-redis-fields,140,Xeon 8573C,memory,keys-100000-value-64-clients-1,7,,,,,,,,,,29.63,29.7,0
11516246812,37695876133,2026-10-07T22:23:31Z,feat/info-redis-fields,140,Xeon 8573C,memory,keys-1000000-value-64-clients-1,7,,,,,,,,,,218.0,216.05,0
11516246812,37695876133,2026-10-07T22:23:31Z,feat/info-redis-fields,140,Xeon 8573C,memory,keys-2500-value-1024-clients-1,7,,,,,,,,,,12.67,12.8,0
11516246812,37695876133,2026-10-07T22:23:31Z,feat/info-redis-fields,140,Xeon 8573C,memory,keys-25000-value-1024-clients-1,7,,,,,,,,,,39.86,39.91,0
11516246812,37695876133,2026-10-07T22:23:31Z,feat/info-redis-fields,140,Xeon 8573C,standard,cache-read-64,7,1.0025,0.9827,1.0277,152994,153260,0.207,0.207,0.383,0.383,13.28,15.02,0
11516246812,37695876133,2026-10-07T22:23:31Z,feat/info-redis-fields,140,Xeon 8573C,standard,cache-write-pipeline-64,7,1.0164,0.9627,1.0721,1531628,1554799,1.295,1.295,3.231,3.343,14.73,14.94,0
11516246812,37695876133,2026-10-07T22:23:31Z,feat/info-redis-fields,140,Xeon 8573C,standard,one-client,7,0.9987,0.9643,1.0109,26731,26628,0.055,0.063,0.079,0.079,13.35,13.5,0
11516246812,37695876133,2026-10-07T22:23:31Z,feat/info-redis-fields,140,Xeon 8573C,standard,many-clients,7,1.0062,0.9739,1.0353,169715,170814,2.335,2.223,8.703,8.447,13.46,13.23,0
11516246812,37695876133,2026-10-07T22:23:31Z,feat/info-redis-fields,140,Xeon 8573C,standard,pipeline-16,7,1.0035,0.9756,1.035,1216136,1230400,0.511,0.503,0.879,0.991,14.64,14.14,0
11516246812,37695876133,2026-10-07T22:23:31Z,feat/info-redis-fields,140,Xeon 8573C,standard,pipeline-64,7,1.0041,0.968,1.0258,1599200,1600326,1.343,1.335,3.487,3.471,14.65,14.66,0
11516246812,37695876133,2026-10-07T22:23:31Z,feat/info-redis-fields,140,Xeon 8573C,standard,counter,7,1.0019,0.9875,1.0152,151802,152671,0.207,0.207,0.383,0.391,14.95,15.04,0
11519092810,37702595485,2026-10-07T23:29:47Z,refactor/instance-contract-1,,Xeon 8573C,memory,keys-0-value-64-clients-1,7,,,,,,,,,,9.73,9.72,0
11519092810,37702595485,2026-10-07T23:29:47Z,refactor/instance-contract-1,,Xeon 8573C,memory,keys-0-value-64-clients-256,7,,,,,,,,,,9.73,9.74,0
11519092810,37702595485,2026-10-07T23:29:47Z,refactor/instance-contract-1,,Xeon 8573C,memory,keys-2500-value-64-clients-1,7,,,,,,,,,,12.04,10.1,0
11519092810,37702595485,2026-10-07T23:29:47Z,refactor/instance-contract-1,,Xeon 8573C,memory,keys-2500-value-64-clients-256,7,,,,,,,,,,10.32,10.06,0
11519092810,37702595485,2026-10-07T23:29:47Z,refactor/instance-contract-1,,Xeon 8573C,memory,keys-25000-value-64-clients-1,7,,,,,,,,,,15.21,15.2,0
11519092810,37702595485,2026-10-07T23:29:47Z,refactor/instance-contract-1,,Xeon 8573C,memory,keys-100000-value-64-clients-1,7,,,,,,,,,,29.61,31.62,0
11519092810,37702595485,2026-10-07T23:29:47Z,refactor/instance-contract-1,,Xeon 8573C,memory,keys-1000000-value-64-clients-1,7,,,,,,,,,,218.01,217.95,0
11519092810,37702595485,2026-10-07T23:29:47Z,refactor/instance-contract-1,,Xeon 8573C,memory,keys-2500-value-1024-clients-1,7,,,,,,,,,,12.76,12.68,0
11519092810,37702595485,2026-10-07T23:29:47Z,refactor/instance-contract-1,,Xeon 8573C,memory,keys-25000-value-1024-clients-1,7,,,,,,,,,,39.86,39.9,0
11519092810,37702595485,2026-10-07T23:29:47Z,refactor/instance-contract-1,,Xeon 8573C,standard,cache-read-64,7,0.9929,0.9885,1.0295,166372,165891,0.191,0.191,0.335,0.343,13.37,15.0,0
11519092810,37702595485,2026-10-07T23:29:47Z,refactor/instance-contract-1,,Xeon 8573C,standard,cache-balanced-64,7,1.0001,0.9873,1.0075,162987,164170,0.199,0.191,0.343,0.367,15.01,14.92,0
11519092810,37702595485,2026-10-07T23:29:47Z,refactor/instance-contract-1,,Xeon 8573C,standard,cache-write-64,7,1.0039,0.9924,1.0097,162844,163995,0.199,0.191,0.359,0.343,14.91,13.31,0
11519092810,37702595485,2026-10-07T23:29:47Z,refactor/instance-contract-1,,Xeon 8573C,standard,cache-write-pipeline-64,7,1.0,0.9963,1.0148,1746364,1740583,1.143,1.143,3.119,3.055,14.62,14.68,0
11519092810,37702595485,2026-10-07T23:29:47Z,refactor/instance-contract-1,,Xeon 8573C,standard,one-client,7,1.0038,0.9813,1.021,28482,28401,0.055,0.055,0.071,0.079,13.45,13.35,0
11519092810,37702595485,2026-10-07T23:29:47Z,refactor/instance-contract-1,,Xeon 8573C,standard,many-clients,7,0.9922,0.9747,1.0204,188470,186987,2.015,2.159,7.199,7.071,15.17,15.03,0
11519092810,37702595485,2026-10-07T23:29:47Z,refactor/instance-contract-1,,Xeon 8573C,standard,pipeline-16,7,0.998,0.9817,1.0057,1366016,1358159,0.455,0.455,0.751,0.911,14.6,14.64,0
11519092810,37702595485,2026-10-07T23:29:47Z,refactor/instance-contract-1,,Xeon 8573C,standard,pipeline-64,7,0.9956,0.9917,1.009,1818758,1818672,1.175,1.183,3.231,3.263,14.71,14.58,0
11519092810,37702595485,2026-10-07T23:29:47Z,refactor/instance-contract-1,,Xeon 8573C,standard,set,7,0.9995,0.9935,1.0051,164330,164613,0.199,0.191,0.359,0.367,14.93,13.17,0
11519092810,37702595485,2026-10-07T23:29:47Z,refactor/instance-contract-1,,Xeon 8573C,standard,sorted-set,7,1.0043,0.995,1.005,155124,155213,0.207,0.207,0.415,0.415,17.04,17.09,0
11519092810,37702595485,2026-10-07T23:29:47Z,refactor/instance-contract-1,,Xeon 8573C,standard,counter,7,0.9982,0.989,1.0083,165065,165660,0.191,0.191,0.335,0.311,14.81,13.14,0
11519092810,37702595485,2026-10-07T23:29:47Z,refactor/instance-contract-1,,Xeon 8573C,standard,hash-field-read,7,1.0046,0.9946,1.0162,154872,155314,0.207,0.207,0.359,0.375,40.37,40.42,0
11519092810,37702595485,2026-10-07T23:29:47Z,refactor/instance-contract-1,,Xeon 8573C,standard,reconnect,7,1.0026,0.999,1.0144,162516,163173,0.199,0.191,0.343,0.343,14.9,14.81,0
11519795415,37702599910,2026-10-07T23:29:50Z,refactor/instance-contract-1,,EPYC 7763,memory,keys-0-value-64-clients-1,7,,,,,,,,,,9.72,9.72,0
11519795415,37702599910,2026-10-07T23:29:50Z,refactor/instance-contract-1,,EPYC 7763,memory,keys-0-value-64-clients-256,7,,,,,,,,,,9.73,9.74,0
11519795415,37702599910,2026-10-07T23:29:50Z,refactor/instance-contract-1,,EPYC 7763,memory,keys-2500-value-64-clients-1,7,,,,,,,,,,10.12,10.17,0
11519795415,37702599910,2026-10-07T23:29:50Z,refactor/instance-contract-1,,EPYC 7763,memory,keys-2500-value-64-clients-256,7,,,,,,,,,,10.06,10.18,0
11519795415,37702599910,2026-10-07T23:29:50Z,refactor/instance-contract-1,,EPYC 7763,memory,keys-25000-value-64-clients-1,7,,,,,,,,,,15.25,15.21,0
11519795415,37702599910,2026-10-07T23:29:50Z,refactor/instance-contract-1,,EPYC 7763,memory,keys-100000-value-64-clients-1,7,,,,,,,,,,31.61,29.68,0
11519795415,37702599910,2026-10-07T23:29:50Z,refactor/instance-contract-1,,EPYC 7763,memory,keys-1000000-value-64-clients-1,7,,,,,,,,,,218.08,220.0,0
11519795415,37702599910,2026-10-07T23:29:50Z,refactor/instance-contract-1,,EPYC 7763,memory,keys-2500-value-1024-clients-1,7,,,,,,,,,,12.75,12.68,0
11519795415,37702599910,2026-10-07T23:29:50Z,refactor/instance-contract-1,,EPYC 7763,memory,keys-25000-value-1024-clients-1,7,,,,,,,,,,39.86,39.85,0
11519795415,37702599910,2026-10-07T23:29:50Z,refactor/instance-contract-1,,EPYC 7763,standard,cache-read-64,7,0.9973,0.9889,1.0216,103619,103321,0.351,0.351,0.527,0.607,15.04,15.05,0
11519795415,37702599910,2026-10-07T23:29:50Z,refactor/instance-contract-1,,EPYC 7763,standard,cache-balanced-64,7,1.0017,0.9852,1.0434,101765,101939,0.351,0.351,0.519,0.519,15.11,14.82,0
11519795415,37702599910,2026-10-07T23:29:50Z,refactor/instance-contract-1,,EPYC 7763,standard,cache-write-64,7,0.9995,0.9913,1.0093,101915,101975,0.351,0.351,0.543,0.519,14.93,15.19,0
11519795415,37702599910,2026-10-07T23:29:50Z,refactor/instance-contract-1,,EPYC 7763,standard,cache-write-pipeline-64,7,1.0031,0.9982,1.0058,1294402,1296649,1.615,1.687,3.727,3.759,14.87,14.79,0
11519795415,37702599910,2026-10-07T23:29:50Z,refactor/instance-contract-1,,EPYC 7763,standard,one-client,7,0.9971,0.9841,1.0087,17068,17023,0.087,0.087,0.103,0.111,13.34,15.1,0
11519795415,37702599910,2026-10-07T23:29:50Z,refactor/instance-contract-1,,EPYC 7763,standard,many-clients,7,0.9937,0.9737,1.0456,106214,105371,3.999,4.015,14.079,14.207,15.05,15.16,0
11519795415,37702599910,2026-10-07T23:29:50Z,refactor/instance-contract-1,,EPYC 7763,standard,pipeline-16,7,0.9919,0.984,1.0056,861412,855805,0.679,0.687,2.783,2.927,14.65,14.77,0
11519795415,37702599910,2026-10-07T23:29:50Z,refactor/instance-contract-1,,EPYC 7763,standard,pipeline-64,7,0.9948,0.9899,1.0021,1247180,1242037,1.735,1.751,3.887,3.887,14.7,14.68,0
11519795415,37702599910,2026-10-07T23:29:50Z,refactor/instance-contract-1,,EPYC 7763,standard,set,7,1.0012,0.9813,1.0073,102180,102257,0.351,0.351,0.575,0.543,13.2,14.87,0
11519795415,37702599910,2026-10-07T23:29:50Z,refactor/instance-contract-1,,EPYC 7763,standard,sorted-set,7,0.9989,0.9845,1.0276,96088,95851,0.375,0.375,0.735,0.711,17.34,17.2,0
11519795415,37702599910,2026-10-07T23:29:50Z,refactor/instance-contract-1,,EPYC 7763,standard,counter,7,0.9957,0.9662,1.0016,103555,102802,0.351,0.351,0.495,0.519,15.07,15.0,0
11519795415,37702599910,2026-10-07T23:29:50Z,refactor/instance-contract-1,,EPYC 7763,standard,hash-field-read,7,0.9952,0.9876,1.0046,95793,95407,0.367,0.367,0.695,0.647,40.42,40.42,0
11519795415,37702599910,2026-10-07T23:29:50Z,refactor/instance-contract-1,,EPYC 7763,standard,reconnect,7,0.9951,0.993,1.0064,99624,99216,0.359,0.359,0.527,0.527,14.95,14.89,0
