artifact_id,run_id,time,event,branch,pr,conclusion,baseline,candidate,identical,host,cpu_model,cpus,go,rounds,benchmarks,median_ratio,interval_low,interval_high,row_min,row_max,order_effect,failures,url
11255577716,37073126302,2026-10-02T22:33:30Z,pull_request,refactor/embedding-guardrails,88,success,acb547bf90a6fe6e7d788fd41169ac5eeb206a3d,1272b9656337e1ff5339536e46310be52d427522,no,Xeon 8573C,INTEL(R) XEON(R) PLATINUM 8573C,4,go1.26.8,,2,1.0184,,,1.01,1.0269,,0,https://github.com/brandopakel/keel/actions/runs/37073126302
11260803418,37087844536,2026-10-03T01:54:07Z,pull_request,refactor/embedding-guardrails,88,success,acb547bf90a6fe6e7d788fd41169ac5eeb206a3d,a7f8bd7186136443e346680b32e3f64735fda293,no,EPYC 7763,AMD EPYC 7763 64-Core Processor,4,go1.26.8,,2,0.9899,,,0.9823,0.9976,,0,https://github.com/brandopakel/keel/actions/runs/37087844536
11260749673,37088011967,2026-10-03T01:56:49Z,workflow_dispatch,refactor/data-structure-space,,success,6cb15a8b3ec2d6ed285a0ce6015a890e3a499fda,ad17496838539daa59e43797b87a4fffbd1e98b2,no,Xeon 8573C,INTEL(R) XEON(R) PLATINUM 8573C,4,go1.26.8,,20,0.9985,,,0.9435,1.0509,,0,https://github.com/brandopakel/keel/actions/runs/37088011967
11261531362,37088070206,2026-10-03T01:57:47Z,pull_request,refactor/data-structure-space,,success,e487046db18e56609992e944c0a193b77e4fdbe9,4c7e7186ad6637c6f30638030bcf5b5ea3422857,no,EPYC 7763,AMD EPYC 7763 64-Core Processor,4,go1.26.8,,2,1.023,,,1.0177,1.0284,,0,https://github.com/brandopakel/keel/actions/runs/37088070206
11262437520,37090279948,2026-10-03T02:34:34Z,pull_request,refactor/data-structure-space,,success,8380d9fc121a57788e7cd88efe805786d4f70764,82738575f02110fa5634b57f69d8faaf28731445,no,EPYC 9V74,AMD EPYC 9V74 80-Core Processor,4,go1.26.8,,20,1.0142,,,0.9608,1.0613,,0,https://github.com/brandopakel/keel/actions/runs/37090279948
11261604378,37090632879,2026-10-03T02:40:48Z,workflow_dispatch,refactor/data-structure-space,,success,8380d9fc121a57788e7cd88efe805786d4f70764,1c966dfbccb3c12d1585b3aedf43764dc6fe51d0,no,EPYC 7763,AMD EPYC 7763 64-Core Processor,4,go1.26.8,,20,1.0161,,,0.9674,1.0653,,0,https://github.com/brandopakel/keel/actions/runs/37090632879
11262474519,37091445065,2026-10-03T02:55:05Z,pull_request,refactor/data-structure-space,,success,8380d9fc121a57788e7cd88efe805786d4f70764,5b100730d59230cec2244de547612d78ab2a4945,no,EPYC 7763,AMD EPYC 7763 64-Core Processor,4,go1.26.8,,20,1.0126,,,0.9759,1.0604,,0,https://github.com/brandopakel/keel/actions/runs/37091445065
11262154579,37091457517,2026-10-03T02:55:18Z,workflow_dispatch,refactor/data-structure-space,,success,8380d9fc121a57788e7cd88efe805786d4f70764,644837bd0da06fbb36e759472a466d863ce14275,no,EPYC 7763,AMD EPYC 7763 64-Core Processor,4,go1.26.8,,20,1.02,,,0.9792,1.0942,,0,https://github.com/brandopakel/keel/actions/runs/37091457517
11262089913,37091461856,2026-10-03T02:55:22Z,workflow_dispatch,refactor/data-structure-space,,success,8380d9fc121a57788e7cd88efe805786d4f70764,644837bd0da06fbb36e759472a466d863ce14275,no,EPYC 9V74,AMD EPYC 9V74 80-Core Processor,4,go1.26.8,,20,1.0312,,,0.9652,1.1031,,0,https://github.com/brandopakel/keel/actions/runs/37091461856
11262875420,37091692108,2026-10-03T02:59:35Z,pull_request,feat/resp3,,success,8380d9fc121a57788e7cd88efe805786d4f70764,b65be01f3b4165d13ab3a25d958aca10d24b7e2b,no,EPYC 9V45,AMD EPYC 9V45 96-Core Processor,4,go1.26.8,,20,0.9887,,,0.9441,1.0478,,0,https://github.com/brandopakel/keel/actions/runs/37091692108
11263830182,37091722334,2026-10-03T03:00:07Z,workflow_dispatch,develop,88,success,8380d9fc121a57788e7cd88efe805786d4f70764,8380d9fc121a57788e7cd88efe805786d4f70764,no,EPYC 9V74,AMD EPYC 9V74 80-Core Processor,4,go1.26.8,,20,1.0982,,,1.0034,1.165,,0,https://github.com/brandopakel/keel/actions/runs/37091722334
11263100712,37091727573,2026-10-03T03:00:11Z,workflow_dispatch,refactor/data-structure-space,,success,8380d9fc121a57788e7cd88efe805786d4f70764,644837bd0da06fbb36e759472a466d863ce14275,no,EPYC 7763,AMD EPYC 7763 64-Core Processor,4,go1.26.8,,20,1.0331,,,0.9783,1.0755,,0,https://github.com/brandopakel/keel/actions/runs/37091727573
11263540872,37091833494,2026-10-03T03:01:55Z,pull_request,feat/resp3,,success,8380d9fc121a57788e7cd88efe805786d4f70764,c05a90501a59793ba1943115392c4e2372cc80ac,no,EPYC 7763,AMD EPYC 7763 64-Core Processor,4,go1.26.8,,20,1.0054,,,0.967,1.0729,,0,https://github.com/brandopakel/keel/actions/runs/37091833494
11262726685,37092042781,2026-10-03T03:05:35Z,workflow_dispatch,tmp/space-layout-control,,success,a7ff734b34b0cce6ac93ccf62b12e640bd0c19b3,d208d767d099d76cccbd54dc352b24ca3c26c5ed,no,EPYC 9V45,AMD EPYC 9V45 96-Core Processor,4,go1.26.8,,20,0.9915,,,0.9205,1.0289,,0,https://github.com/brandopakel/keel/actions/runs/37092042781
11263072499,37092047352,2026-10-03T03:05:40Z,workflow_dispatch,tmp/space-layout-control,,success,a7ff734b34b0cce6ac93ccf62b12e640bd0c19b3,d208d767d099d76cccbd54dc352b24ca3c26c5ed,no,EPYC 7763,AMD EPYC 7763 64-Core Processor,4,go1.26.8,,20,0.9974,,,0.964,1.0127,,0,https://github.com/brandopakel/keel/actions/runs/37092047352
11263321852,37092153780,2026-10-03T03:07:38Z,pull_request,feat/set-replaces-any-type,85,success,a7ff734b34b0cce6ac93ccf62b12e640bd0c19b3,b6cdd58f97c719e64d5d8cead3e07d4b52a3a24b,no,EPYC 9V74,AMD EPYC 9V74 80-Core Processor,4,go1.26.8,,20,1.0047,,,0.926,1.092,,0,https://github.com/brandopakel/keel/actions/runs/37092153780
11263452192,37092381683,2026-10-03T03:11:42Z,pull_request,feat/transactions,,success,a7ff734b34b0cce6ac93ccf62b12e640bd0c19b3,ea18f677f24233899e4dfb3338aa54d85329531e,no,EPYC 7763,AMD EPYC 7763 64-Core Processor,4,go1.26.8,,20,1.0071,,,0.9774,1.0482,,0,https://github.com/brandopakel/keel/actions/runs/37092381683
11262991257,37092486137,2026-10-03T03:13:36Z,pull_request,feat/resp3,,success,a7ff734b34b0cce6ac93ccf62b12e640bd0c19b3,47d292fdb0a7a7513781613046d90c1879601684,no,EPYC 9V45,AMD EPYC 9V45 96-Core Processor,4,go1.26.8,,20,0.9852,,,0.9398,1.0308,,0,https://github.com/brandopakel/keel/actions/runs/37092486137
11263087764,37092508826,2026-10-03T03:14:00Z,pull_request,feat/transactions,,success,a7ff734b34b0cce6ac93ccf62b12e640bd0c19b3,9a6447e8d536f745ee8a3d0757fa6bb76f69922e,no,EPYC 9V74,AMD EPYC 9V74 80-Core Processor,4,go1.26.8,,20,0.9794,,,0.9561,1.026,,0,https://github.com/brandopakel/keel/actions/runs/37092508826
11262574555,37092568216,2026-10-03T03:15:04Z,pull_request,refactor/data-structure-space,,success,a7ff734b34b0cce6ac93ccf62b12e640bd0c19b3,911d3ea250e49a80b6d4cc9bb7172a39bd760c30,no,EPYC 7763,AMD EPYC 7763 64-Core Processor,4,go1.26.8,,20,1.0024,,,0.9615,1.0221,,0,https://github.com/brandopakel/keel/actions/runs/37092568216
11263292614,37092579717,2026-10-03T03:15:14Z,workflow_dispatch,develop,84,success,cce0291c14019d5e22d4e11581f10f7acb93d299,a7ff734b34b0cce6ac93ccf62b12e640bd0c19b3,no,EPYC 7763,AMD EPYC 7763 64-Core Processor,4,go1.26.8,,20,0.9962,,,0.975,1.0576,,0,https://github.com/brandopakel/keel/actions/runs/37092579717
11262856950,37092585848,2026-10-03T03:15:20Z,workflow_dispatch,refactor/data-structure-space,,success,a7ff734b34b0cce6ac93ccf62b12e640bd0c19b3,cce0291c14019d5e22d4e11581f10f7acb93d299,no,EPYC 7763,AMD EPYC 7763 64-Core Processor,4,go1.26.8,,20,1.0015,,,0.9634,1.0232,,0,https://github.com/brandopakel/keel/actions/runs/37092585848
11263672387,37092593918,2026-10-03T03:15:29Z,workflow_dispatch,develop,84,success,cce0291c14019d5e22d4e11581f10f7acb93d299,a7ff734b34b0cce6ac93ccf62b12e640bd0c19b3,no,EPYC 9V74,AMD EPYC 9V74 80-Core Processor,4,go1.26.8,,20,1.0089,,,0.9737,1.0548,,0,https://github.com/brandopakel/keel/actions/runs/37092593918
11262702665,37092599643,2026-10-03T03:15:34Z,workflow_dispatch,refactor/data-structure-space,,success,a7ff734b34b0cce6ac93ccf62b12e640bd0c19b3,cce0291c14019d5e22d4e11581f10f7acb93d299,no,EPYC 7763,AMD EPYC 7763 64-Core Processor,4,go1.26.8,,20,0.9952,,,0.9332,1.0221,,0,https://github.com/brandopakel/keel/actions/runs/37092599643
11262992228,37093346540,2026-10-03T03:29:05Z,pull_request,feat/transactions,,success,a7ff734b34b0cce6ac93ccf62b12e640bd0c19b3,fe60bb613d77c5643b5e63c8c7d5bd1e1e14e2b0,no,Xeon 8573C,INTEL(R) XEON(R) PLATINUM 8573C,4,go1.26.8,,20,0.9903,,,0.97,1.0044,,0,https://github.com/brandopakel/keel/actions/runs/37093346540
11268205538,37104646004,2026-10-03T06:55:46Z,pull_request,feat/transactions,89,success,bca8ce7a141b5bc379ba23de81b741b230d3faf4,7e484d2262792d6704445e8545d555abab967707,no,EPYC 7763,AMD EPYC 7763 64-Core Processor,4,go1.26.8,,20,1.0045,,,0.9278,1.0332,,0,https://github.com/brandopakel/keel/actions/runs/37104646004
11267432318,37104745089,2026-10-03T06:57:38Z,pull_request,refactor/data-structure-space,,success,bca8ce7a141b5bc379ba23de81b741b230d3faf4,3313dc0951f02f6979833f0e327b629421ae8f84,no,EPYC 7763,AMD EPYC 7763 64-Core Processor,4,go1.26.8,,20,0.9977,,,0.9222,1.0363,,0,https://github.com/brandopakel/keel/actions/runs/37104745089
11268682186,37107675083,2026-10-03T07:50:25Z,pull_request,feat/resp3,91,success,4471f97eab01df1c6416a811320356479df6944c,d1fc1e3c6c17f90af6e1d0b937867075c06a6ae0,no,EPYC 9V74,AMD EPYC 9V74 80-Core Processor,4,go1.26.8,,20,1.0462,,,0.979,1.1296,,0,https://github.com/brandopakel/keel/actions/runs/37107675083
11268842474,37107678494,2026-10-03T07:50:28Z,pull_request,refactor/data-structure-space,,success,4471f97eab01df1c6416a811320356479df6944c,644b6ad3e46b4c07283eadf5b269ce4b134a2338,no,EPYC 7763,AMD EPYC 7763 64-Core Processor,4,go1.26.8,,20,0.9989,,,0.9396,1.0734,,0,https://github.com/brandopakel/keel/actions/runs/37107678494
11284778635,37153888240,2026-10-03T21:05:40Z,pull_request,refactor/data-structure-space,,success,6567ca7b844f77bb8697ff0fadec4b4b2136523a,0d0fd6057b0528d6f5af4d2b5f5d11eac31530f4,no,EPYC 7763,AMD EPYC 7763 64-Core Processor,4,go1.26.8,,20,0.9475,,,0.8689,1.0166,,0,https://github.com/brandopakel/keel/actions/runs/37153888240
11284274720,37153909284,2026-10-03T21:06:01Z,workflow_dispatch,develop,91,success,6567ca7b844f77bb8697ff0fadec4b4b2136523a,6567ca7b844f77bb8697ff0fadec4b4b2136523a,no,EPYC 7763,AMD EPYC 7763 64-Core Processor,4,go1.26.8,,20,1.0006,,,0.9857,1.0193,,0,https://github.com/brandopakel/keel/actions/runs/37153909284
11284949190,37153912995,2026-10-03T21:06:05Z,workflow_dispatch,develop,91,success,6567ca7b844f77bb8697ff0fadec4b4b2136523a,6567ca7b844f77bb8697ff0fadec4b4b2136523a,no,EPYC 7763,AMD EPYC 7763 64-Core Processor,4,go1.26.8,,20,1.003,,,0.9924,1.028,,0,https://github.com/brandopakel/keel/actions/runs/37153912995
11284999760,37153916307,2026-10-03T21:06:09Z,workflow_dispatch,develop,91,success,6567ca7b844f77bb8697ff0fadec4b4b2136523a,6567ca7b844f77bb8697ff0fadec4b4b2136523a,no,EPYC 9V74,AMD EPYC 9V74 80-Core Processor,4,go1.26.8,,20,1.0004,,,0.9924,1.0196,,0,https://github.com/brandopakel/keel/actions/runs/37153916307
11285940428,37154602660,2026-10-03T21:17:50Z,workflow_dispatch,ci/paired-benchmark-order,93,success,6567ca7b844f77bb8697ff0fadec4b4b2136523a,6567ca7b844f77bb8697ff0fadec4b4b2136523a,yes,EPYC 7763,AMD EPYC 7763 64-Core Processor,4,go1.26.8,12,20,1.0053,1.0016,1.0072,0.9959,1.0227,1.0003,0,https://github.com/brandopakel/keel/actions/runs/37154602660
11285074948,37154607386,2026-10-03T21:17:55Z,workflow_dispatch,ci/paired-benchmark-order,93,success,6567ca7b844f77bb8697ff0fadec4b4b2136523a,6567ca7b844f77bb8697ff0fadec4b4b2136523a,yes,Xeon 8573C,INTEL(R) XEON(R) PLATINUM 8573C,4,go1.26.8,12,20,1.0,0.9974,1.0017,0.9798,1.0031,0.9989,0,https://github.com/brandopakel/keel/actions/runs/37154607386
11285715740,37154612349,2026-10-03T21:18:00Z,workflow_dispatch,ci/paired-benchmark-order,93,success,6567ca7b844f77bb8697ff0fadec4b4b2136523a,6567ca7b844f77bb8697ff0fadec4b4b2136523a,yes,EPYC 7763,AMD EPYC 7763 64-Core Processor,4,go1.26.8,12,20,0.9995,0.997,1.0024,0.9934,1.0063,1.0003,0,https://github.com/brandopakel/keel/actions/runs/37154612349
11285991190,37154617816,2026-10-03T21:18:04Z,workflow_dispatch,ci/paired-benchmark-order,93,success,6567ca7b844f77bb8697ff0fadec4b4b2136523a,6567ca7b844f77bb8697ff0fadec4b4b2136523a,yes,Xeon 8370C,Intel(R) Xeon(R) Platinum 8370C CPU @ 2.80GHz,4,go1.26.8,12,20,1.0011,0.9952,1.0046,0.9853,1.0111,1.0029,0,https://github.com/brandopakel/keel/actions/runs/37154617816
11286061208,37154644606,2026-10-03T21:18:32Z,workflow_dispatch,ci/paired-benchmark-order,93,success,6567ca7b844f77bb8697ff0fadec4b4b2136523a,78399436a8217a2a849361321bb17ec6349c043a,no,EPYC 7763,AMD EPYC 7763 64-Core Processor,4,go1.26.8,12,20,0.9649,0.9605,0.9764,0.9191,1.0341,0.999,0,https://github.com/brandopakel/keel/actions/runs/37154644606
11286360451,37154648439,2026-10-03T21:18:37Z,workflow_dispatch,ci/paired-benchmark-order,93,success,6567ca7b844f77bb8697ff0fadec4b4b2136523a,78399436a8217a2a849361321bb17ec6349c043a,no,Xeon 8573C,INTEL(R) XEON(R) PLATINUM 8573C,4,go1.26.8,12,20,1.0029,0.9989,1.0074,0.9762,1.0186,0.9992,0,https://github.com/brandopakel/keel/actions/runs/37154648439
11286010709,37155176618,2026-10-03T21:27:41Z,pull_request,fix/local-validation-file-limits,,cancelled,6567ca7b844f77bb8697ff0fadec4b4b2136523a,43c5c685b9b6e302802136852ced1fe0f53a73cc,no,EPYC 7763,AMD EPYC 7763 64-Core Processor,4,go1.26.8,,0,,,,,,,1,https://github.com/brandopakel/keel/actions/runs/37155176618
11285746349,37155266648,2026-10-03T21:29:14Z,pull_request,fix/local-validation-file-limits,,cancelled,6567ca7b844f77bb8697ff0fadec4b4b2136523a,e6cd2de992ba1f1618f72b0b66c2c8a4e74064c0,no,EPYC 7763,AMD EPYC 7763 64-Core Processor,4,go1.26.8,,0,,,,,,,1,https://github.com/brandopakel/keel/actions/runs/37155266648
11286075874,37155341529,2026-10-03T21:30:28Z,pull_request,fix/local-validation-file-limits,,success,6567ca7b844f77bb8697ff0fadec4b4b2136523a,d9b96aeef0f42b6cae01cad00cd59868712e9ac1,no,EPYC 7763,AMD EPYC 7763 64-Core Processor,4,go1.26.8,,20,0.9982,,,0.9821,1.0095,,0,https://github.com/brandopakel/keel/actions/runs/37155341529
11286041357,37155424821,2026-10-03T21:31:52Z,workflow_dispatch,ci/paired-benchmark-order,93,success,6567ca7b844f77bb8697ff0fadec4b4b2136523a,6567ca7b844f77bb8697ff0fadec4b4b2136523a,yes,Xeon 6973P-C,Intel(R) Xeon(R) 6973P-C,4,go1.26.8,12,20,1.0033,0.9991,1.028,0.9702,1.0218,0.9989,0,https://github.com/brandopakel/keel/actions/runs/37155424821
11286255697,37155427790,2026-10-03T21:31:56Z,workflow_dispatch,ci/paired-benchmark-order,93,success,6567ca7b844f77bb8697ff0fadec4b4b2136523a,6567ca7b844f77bb8697ff0fadec4b4b2136523a,yes,EPYC 9V74,AMD EPYC 9V74 80-Core Processor,4,go1.26.8,12,20,1.0016,0.9995,1.0048,0.9826,1.0145,1.0006,0,https://github.com/brandopakel/keel/actions/runs/37155427790
11286230901,37155430926,2026-10-03T21:31:59Z,workflow_dispatch,ci/paired-benchmark-order,93,success,6567ca7b844f77bb8697ff0fadec4b4b2136523a,6567ca7b844f77bb8697ff0fadec4b4b2136523a,yes,EPYC 7763,AMD EPYC 7763 64-Core Processor,4,go1.26.8,12,20,0.9991,0.9964,1.0013,0.9877,1.0051,0.9999,0,https://github.com/brandopakel/keel/actions/runs/37155430926
11285277826,37155434251,2026-10-03T21:32:03Z,workflow_dispatch,ci/paired-benchmark-order,93,success,6567ca7b844f77bb8697ff0fadec4b4b2136523a,6567ca7b844f77bb8697ff0fadec4b4b2136523a,yes,EPYC 7763,AMD EPYC 7763 64-Core Processor,4,go1.26.8,12,20,0.9995,0.9971,1.0017,0.9904,1.0119,1.0015,0,https://github.com/brandopakel/keel/actions/runs/37155434251
11286061294,37155437598,2026-10-03T21:32:07Z,workflow_dispatch,ci/paired-benchmark-order,93,success,6567ca7b844f77bb8697ff0fadec4b4b2136523a,78399436a8217a2a849361321bb17ec6349c043a,no,EPYC 9V45,AMD EPYC 9V45 96-Core Processor,4,go1.26.8,12,20,0.9964,0.9837,1.0076,0.9609,1.0338,1.0106,0,https://github.com/brandopakel/keel/actions/runs/37155437598
11285476815,37155440411,2026-10-03T21:32:10Z,workflow_dispatch,ci/paired-benchmark-order,93,success,6567ca7b844f77bb8697ff0fadec4b4b2136523a,78399436a8217a2a849361321bb17ec6349c043a,no,EPYC 9V74,AMD EPYC 9V74 80-Core Processor,4,go1.26.8,12,20,0.9865,0.9785,0.9941,0.9051,1.0337,1.0002,0,https://github.com/brandopakel/keel/actions/runs/37155440411
11285942165,37155958528,2026-10-03T21:40:57Z,pull_request,ci/paired-benchmark-order,93,success,6567ca7b844f77bb8697ff0fadec4b4b2136523a,1665a8d836e2a96434bdf5a1be3fe9739624beb5,yes,EPYC 7763,AMD EPYC 7763 64-Core Processor,4,go1.26.8,12,20,0.9982,0.9965,1.002,0.9805,1.0117,0.999,0,https://github.com/brandopakel/keel/actions/runs/37155958528
11285472616,37156153792,2026-10-03T21:44:22Z,pull_request,fix/local-validation-file-limits,,success,6567ca7b844f77bb8697ff0fadec4b4b2136523a,0cd6e24ca23d9b1171122a09cf6c4b16f66d51a2,no,EPYC 9V74,AMD EPYC 9V74 80-Core Processor,4,go1.26.8,,20,1.0039,,,0.9947,1.0341,,0,https://github.com/brandopakel/keel/actions/runs/37156153792
11285723759,37156618341,2026-10-03T21:54:18Z,pull_request,fix/redisbloom-reply-parity,94,success,6567ca7b844f77bb8697ff0fadec4b4b2136523a,c201d04b2d3a5a266f458f99769ee9681496cd5e,no,EPYC 7763,AMD EPYC 7763 64-Core Processor,4,go1.26.8,,20,0.9507,,,0.8793,1.0077,,0,https://github.com/brandopakel/keel/actions/runs/37156618341
11286432799,37157203188,2026-10-03T22:04:46Z,pull_request,fix/redis-error-strings,,success,6567ca7b844f77bb8697ff0fadec4b4b2136523a,1d6cb2623e79ed27d4db0c5837e533c4d4a52a9e,no,EPYC 7763,AMD EPYC 7763 64-Core Processor,4,go1.26.8,,20,0.9784,,,0.8942,1.1127,,1,https://github.com/brandopakel/keel/actions/runs/37157203188
11286815197,37157904423,2026-10-03T22:17:06Z,pull_request,fix/redisbloom-reply-parity,94,success,6567ca7b844f77bb8697ff0fadec4b4b2136523a,6011d25d5cbf024196212cf0011880648c244b57,no,EPYC 7763,AMD EPYC 7763 64-Core Processor,4,go1.26.8,,20,0.9695,,,0.8983,1.0045,,0,https://github.com/brandopakel/keel/actions/runs/37157904423
11288555008,37162278986,2026-10-03T23:35:44Z,pull_request,fix/redis-error-strings,,success,6567ca7b844f77bb8697ff0fadec4b4b2136523a,ce5369648f0863334eaf74f01dab2b6c82a350d9,no,EPYC 7763,AMD EPYC 7763 64-Core Processor,4,go1.26.8,,20,0.9657,,,0.8958,1.1159,,1,https://github.com/brandopakel/keel/actions/runs/37162278986
11287584452,37162296358,2026-10-03T23:36:04Z,pull_request,fix/local-validation-file-limits,,success,6567ca7b844f77bb8697ff0fadec4b4b2136523a,2f64a3c4c12def0c5f921dd560382691dca65073,no,EPYC 7763,AMD EPYC 7763 64-Core Processor,4,go1.26.8,,20,0.9998,,,0.9886,1.0216,,0,https://github.com/brandopakel/keel/actions/runs/37162296358
11288147839,37162490159,2026-10-03T23:40:00Z,pull_request,fix/redis-error-strings,,success,a62e9a289ec1b4f4f0aa5a0390d242aaeeaa12a4,6509726450676ece539874c64e72d506840845ea,no,EPYC 7763,AMD EPYC 7763 64-Core Processor,4,go1.26.8,,20,1.0207,,,0.9816,1.316,,1,https://github.com/brandopakel/keel/actions/runs/37162490159
11287888451,37162586301,2026-10-03T23:41:47Z,pull_request,refactor/data-structure-space,90,success,a62e9a289ec1b4f4f0aa5a0390d242aaeeaa12a4,1b69cb8bc330f9ff622f2c20c2740724bafc2578,no,EPYC 9V74,AMD EPYC 9V74 80-Core Processor,4,go1.26.8,,20,1.0059,,,0.9774,1.0733,,0,https://github.com/brandopakel/keel/actions/runs/37162586301
11288736100,37162712795,2026-10-03T23:44:14Z,pull_request,fix/local-validation-file-limits,92,success,a62e9a289ec1b4f4f0aa5a0390d242aaeeaa12a4,87077144f0061274a4e881074985cc355cf6be9a,no,EPYC 7763,AMD EPYC 7763 64-Core Processor,4,go1.26.8,,20,0.9999,,,0.9918,1.0127,,0,https://github.com/brandopakel/keel/actions/runs/37162712795
11288394358,37163866350,2026-10-04T00:05:55Z,workflow_dispatch,develop,93,success,65ebdbc3c49364f5b2c2828d326ca2e07f1a6a46,22649f3efe81ff2b733881f8a0e576aea877e8b1,no,EPYC 7763,AMD EPYC 7763 64-Core Processor,4,go1.26.8,12,20,1.0169,1.0079,1.019,0.9678,1.0334,1.0012,0,https://github.com/brandopakel/keel/actions/runs/37163866350
11288309909,37164100159,2026-10-04T00:10:08Z,workflow_dispatch,develop,93,success,65ebdbc3c49364f5b2c2828d326ca2e07f1a6a46,22649f3efe81ff2b733881f8a0e576aea877e8b1,no,EPYC 7763,AMD EPYC 7763 64-Core Processor,4,go1.26.8,12,20,1.0074,1.0039,1.0114,0.9644,1.0376,0.9973,0,https://github.com/brandopakel/keel/actions/runs/37164100159
11287729704,37164104679,2026-10-04T00:10:13Z,workflow_dispatch,develop,93,success,65ebdbc3c49364f5b2c2828d326ca2e07f1a6a46,22649f3efe81ff2b733881f8a0e576aea877e8b1,no,EPYC 7763,AMD EPYC 7763 64-Core Processor,4,go1.26.8,12,20,1.0117,1.0099,1.0171,0.9804,1.0397,0.9966,0,https://github.com/brandopakel/keel/actions/runs/37164104679
11288638359,37165008624,2026-10-04T00:27:35Z,pull_request,fix/redis-error-strings,,success,2eeb94b45d523505f2166a30c0822c6b4cc96b1f,4506308c4d5888ddea15c88981627e4d4075767c,no,Xeon 8573C,INTEL(R) XEON(R) PLATINUM 8573C,4,go1.26.8,12,20,0.9767,0.9723,0.9792,0.9208,1.0056,1.0018,0,https://github.com/brandopakel/keel/actions/runs/37165008624
11289511941,37165044188,2026-10-04T00:28:18Z,pull_request,fix/redis-error-strings,95,success,2eeb94b45d523505f2166a30c0822c6b4cc96b1f,fd56f3701af6ff75dfaa33f0ac537e41e97f8bd2,no,EPYC 9V74,AMD EPYC 9V74 80-Core Processor,4,go1.26.8,12,20,0.9651,0.9537,0.9768,0.9156,1.0251,1.0006,0,https://github.com/brandopakel/keel/actions/runs/37165044188
11289327046,37165049340,2026-10-04T00:28:24Z,workflow_dispatch,develop,92,success,2eeb94b45d523505f2166a30c0822c6b4cc96b1f,eaa72bb6cbe26045f0b54e5e06dca349524089cb,no,EPYC 7763,AMD EPYC 7763 64-Core Processor,4,go1.26.8,12,20,0.9798,0.9731,0.9887,0.9,1.0113,0.9996,0,https://github.com/brandopakel/keel/actions/runs/37165049340
11289042735,37165053761,2026-10-04T00:28:29Z,workflow_dispatch,develop,92,success,2eeb94b45d523505f2166a30c0822c6b4cc96b1f,eaa72bb6cbe26045f0b54e5e06dca349524089cb,no,EPYC 9V45,AMD EPYC 9V45 96-Core Processor,4,go1.26.8,12,20,0.9818,0.9744,0.9861,0.876,1.0234,1.0034,0,https://github.com/brandopakel/keel/actions/runs/37165053761
11289402148,37165057809,2026-10-04T00:28:33Z,workflow_dispatch,develop,92,success,2eeb94b45d523505f2166a30c0822c6b4cc96b1f,eaa72bb6cbe26045f0b54e5e06dca349524089cb,no,EPYC 7763,AMD EPYC 7763 64-Core Processor,4,go1.26.8,12,20,0.9818,0.9734,0.9901,0.9107,1.0175,0.9996,0,https://github.com/brandopakel/keel/actions/runs/37165057809
11289134890,37166496970,2026-10-04T00:56:48Z,pull_request,fix/serve-after-failed-rewrite,96,success,2eeb94b45d523505f2166a30c0822c6b4cc96b1f,f4849e65efb89c1b5a35e872779df67784200fcb,no,EPYC 7763,AMD EPYC 7763 64-Core Processor,4,go1.26.8,12,20,1.0026,1.0019,1.0101,0.9724,1.0937,0.9993,0,https://github.com/brandopakel/keel/actions/runs/37166496970
11290210205,37166586825,2026-10-04T00:58:39Z,pull_request,fix/serve-after-failed-rewrite,96,success,2eeb94b45d523505f2166a30c0822c6b4cc96b1f,7e51412aeb0a0fb1bec3c69881b27bcc09401887,no,EPYC 7763,AMD EPYC 7763 64-Core Processor,4,go1.26.8,12,20,1.0035,0.9984,1.0103,0.9893,1.0694,0.9987,0,https://github.com/brandopakel/keel/actions/runs/37166586825
11289507767,37166604178,2026-10-04T00:59:01Z,pull_request,fix/serve-after-failed-rewrite,96,success,2eeb94b45d523505f2166a30c0822c6b4cc96b1f,bbee58512f4aed3f8fbb54fb5e845e3cd9f7fc4b,no,EPYC 7763,AMD EPYC 7763 64-Core Processor,4,go1.26.8,12,20,1.0044,0.998,1.0097,0.9766,1.0787,1.0012,0,https://github.com/brandopakel/keel/actions/runs/37166604178
11290220381,37166644313,2026-10-04T00:59:52Z,pull_request,fix/serve-after-failed-rewrite,96,success,2eeb94b45d523505f2166a30c0822c6b4cc96b1f,46ad53bd82f050858985d1fb671576b31e8d7e93,no,Xeon 8370C,Intel(R) Xeon(R) Platinum 8370C CPU @ 2.80GHz,4,go1.26.8,12,20,0.9951,0.9892,1.0008,0.9571,1.0284,1.0029,0,https://github.com/brandopakel/keel/actions/runs/37166644313
11293589075,37177389652,2026-10-04T04:34:17Z,pull_request,fix/serve-after-failed-rewrite,96,success,2eeb94b45d523505f2166a30c0822c6b4cc96b1f,efbd7e6a186e31f944e89d1e41c999c2c43ab621,no,EPYC 7763,AMD EPYC 7763 64-Core Processor,4,go1.26.8,12,20,1.0062,1.0019,1.0125,0.971,1.0728,0.9984,0,https://github.com/brandopakel/keel/actions/runs/37177389652
11293723821,37177571330,2026-10-04T04:38:05Z,workflow_dispatch,develop,95,success,65ebdbc3c49364f5b2c2828d326ca2e07f1a6a46,ea08844791f5340a3a5caa59e25b1e7be8e95a8e,no,EPYC 9V74,AMD EPYC 9V74 80-Core Processor,4,go1.26.8,12,20,0.9773,0.9742,0.9823,0.9396,1.0289,0.9996,0,https://github.com/brandopakel/keel/actions/runs/37177571330
11294065853,37177970301,2026-10-04T04:46:34Z,pull_request,refactor/engine-hash,97,success,6cbd44f2dc9645b13c9e152faed55cfa7980b294,fe62d2944cccbde65f087f8c5675f569c44eb7a6,no,EPYC 7763,AMD EPYC 7763 64-Core Processor,4,go1.26.8,12,20,1.0001,0.9909,1.0036,0.9066,1.0195,0.996,0,https://github.com/brandopakel/keel/actions/runs/37177970301
11293969036,37177975166,2026-10-04T04:46:40Z,workflow_dispatch,develop,96,success,6cbd44f2dc9645b13c9e152faed55cfa7980b294,8524649ba3fd140c59df8bbb584641cbc8319ddd,no,EPYC 7763,AMD EPYC 7763 64-Core Processor,4,go1.26.8,12,20,0.9991,0.994,1.0033,0.9089,1.0151,0.9975,0,https://github.com/brandopakel/keel/actions/runs/37177975166
11293164725,37177976147,2026-10-04T04:46:41Z,workflow_dispatch,develop,96,success,65ebdbc3c49364f5b2c2828d326ca2e07f1a6a46,8524649ba3fd140c59df8bbb584641cbc8319ddd,no,EPYC 7763,AMD EPYC 7763 64-Core Processor,4,go1.26.8,12,20,1.0041,0.9988,1.0077,0.9635,1.0364,0.9985,0,https://github.com/brandopakel/keel/actions/runs/37177976147
11294960774,37178858088,2026-10-04T05:05:05Z,workflow_dispatch,develop,96,success,6cbd44f2dc9645b13c9e152faed55cfa7980b294,7057b00ca6a16dc0b89db371a8c0607232057fa6,no,EPYC 7763,AMD EPYC 7763 64-Core Processor,4,go1.26.8,12,20,1.0018,0.9948,1.0055,0.9144,1.0298,1.0012,0,https://github.com/brandopakel/keel/actions/runs/37178858088
11294810846,37178859519,2026-10-04T05:05:07Z,workflow_dispatch,develop,96,success,6cbd44f2dc9645b13c9e152faed55cfa7980b294,0bc07f3cdce00daf2865cbe1902279121d0326ac,no,EPYC 7763,AMD EPYC 7763 64-Core Processor,4,go1.26.8,12,20,1.0041,0.9998,1.0081,0.9696,1.0675,0.9996,0,https://github.com/brandopakel/keel/actions/runs/37178859519
11295215259,37179019295,2026-10-04T05:08:31Z,workflow_dispatch,develop,96,success,0bc07f3cdce00daf2865cbe1902279121d0326ac,986fb66665519a7c1827804f339c341295134e38,no,EPYC 9V74,AMD EPYC 9V74 80-Core Processor,4,go1.26.8,12,20,0.8514,0.847,0.8623,0.7553,1.0044,0.9967,0,https://github.com/brandopakel/keel/actions/runs/37179019295
11294920545,37179020265,2026-10-04T05:08:33Z,workflow_dispatch,develop,96,success,0bc07f3cdce00daf2865cbe1902279121d0326ac,f022a119da31c1647c647ac017df451983f40a40,no,EPYC 9V74,AMD EPYC 9V74 80-Core Processor,4,go1.26.8,12,20,0.8956,0.8908,0.8991,0.7561,1.0028,0.9989,0,https://github.com/brandopakel/keel/actions/runs/37179020265
11294771580,37179226019,2026-10-04T05:12:44Z,workflow_dispatch,develop,97,success,8524649ba3fd140c59df8bbb584641cbc8319ddd,99bb6c3ea3db4fc73d7f4e5b841a2c02aedce422,no,Xeon 8573C,INTEL(R) XEON(R) PLATINUM 8573C,4,go1.26.8,12,20,1.0028,1.0014,1.0044,0.9846,1.0457,1.0016,0,https://github.com/brandopakel/keel/actions/runs/37179226019
11294835892,37179226992,2026-10-04T05:12:46Z,workflow_dispatch,develop,97,success,65ebdbc3c49364f5b2c2828d326ca2e07f1a6a46,99bb6c3ea3db4fc73d7f4e5b841a2c02aedce422,no,EPYC 7763,AMD EPYC 7763 64-Core Processor,4,go1.26.8,12,20,1.0045,1.0008,1.0098,0.9479,1.0456,0.9995,0,https://github.com/brandopakel/keel/actions/runs/37179226992
11294911469,37179228072,2026-10-04T05:12:48Z,workflow_dispatch,develop,97,success,99bb6c3ea3db4fc73d7f4e5b841a2c02aedce422,d9a1ba1da4f31529643ea63fb05039aa69fb64da,no,EPYC 7763,AMD EPYC 7763 64-Core Processor,4,go1.26.8,12,20,1.0004,0.9949,1.004,0.9564,1.0588,0.9981,0,https://github.com/brandopakel/keel/actions/runs/37179228072
11294131902,37179229257,2026-10-04T05:12:50Z,workflow_dispatch,develop,97,success,65ebdbc3c49364f5b2c2828d326ca2e07f1a6a46,d9a1ba1da4f31529643ea63fb05039aa69fb64da,no,EPYC 9V74,AMD EPYC 9V74 80-Core Processor,4,go1.26.8,12,20,1.0038,0.9881,1.0213,0.9674,1.0731,1.0088,0,https://github.com/brandopakel/keel/actions/runs/37179229257
11294063676,37179231504,2026-10-04T05:12:53Z,workflow_dispatch,develop,97,success,65ebdbc3c49364f5b2c2828d326ca2e07f1a6a46,1b704392df0e85cb470336cd5296d1ca5af116b6,no,EPYC 9V74,AMD EPYC 9V74 80-Core Processor,4,go1.26.8,12,20,1.0226,1.0176,1.0301,0.9846,1.0756,1.0006,0,https://github.com/brandopakel/keel/actions/runs/37179231504
11294063688,37179232684,2026-10-04T05:12:54Z,workflow_dispatch,develop,97,success,1b704392df0e85cb470336cd5296d1ca5af116b6,43bbbfa080db4337e908c1612ba844d1b8e28021,no,EPYC 7763,AMD EPYC 7763 64-Core Processor,4,go1.26.8,12,20,1.0012,0.9943,1.0044,0.9539,1.0392,0.9931,0,https://github.com/brandopakel/keel/actions/runs/37179232684
11294073224,37179233805,2026-10-04T05:12:56Z,workflow_dispatch,develop,97,success,65ebdbc3c49364f5b2c2828d326ca2e07f1a6a46,43bbbfa080db4337e908c1612ba844d1b8e28021,no,EPYC 7763,AMD EPYC 7763 64-Core Processor,4,go1.26.8,12,20,1.0182,1.0161,1.0224,0.9844,1.1316,0.9985,0,https://github.com/brandopakel/keel/actions/runs/37179233805
11294481398,37179285687,2026-10-04T05:14:03Z,pull_request,refactor/engine-list,98,success,09566585693c21428b1696feca065ddf8268d373,6e7cab7f2b1eddf580d29c354ec341f045334649,no,EPYC 7763,AMD EPYC 7763 64-Core Processor,4,go1.26.8,12,20,0.9958,0.9908,1.0023,0.9568,1.0244,1.0013,0,https://github.com/brandopakel/keel/actions/runs/37179285687
11294622193,37179298853,2026-10-04T05:14:20Z,workflow_dispatch,develop,97,success,1b1640bad5f8d4dff8a710c3f13c10aa3e39046a,00f8a8690011e372b6a9b456f6fa3f3ddacdb756,no,EPYC 9V74,AMD EPYC 9V74 80-Core Processor,4,go1.26.8,12,20,1.0181,1.012,1.0271,0.9862,1.0559,0.9997,0,https://github.com/brandopakel/keel/actions/runs/37179298853
11295172379,37179482936,2026-10-04T05:18:00Z,workflow_dispatch,develop,97,success,09566585693c21428b1696feca065ddf8268d373,bab853e362e8b2feb61f262b92bb652e80264a1d,no,EPYC 7763,AMD EPYC 7763 64-Core Processor,4,go1.26.8,12,20,0.9962,0.9947,1.0031,0.9548,1.027,1.0006,0,https://github.com/brandopakel/keel/actions/runs/37179482936
11295245138,37179484272,2026-10-04T05:18:01Z,workflow_dispatch,develop,97,success,65ebdbc3c49364f5b2c2828d326ca2e07f1a6a46,bab853e362e8b2feb61f262b92bb652e80264a1d,no,EPYC 7763,AMD EPYC 7763 64-Core Processor,4,go1.26.8,12,20,0.9984,0.9946,1.003,0.9557,1.0429,0.9985,0,https://github.com/brandopakel/keel/actions/runs/37179484272
11295260401,37180241035,2026-10-04T05:33:36Z,pull_request,fix/slow-reader-reservation-recovery,,success,09566585693c21428b1696feca065ddf8268d373,bf6abc263b03634ccddcf6a8c6f6f4ed7905211f,yes,EPYC 7763,AMD EPYC 7763 64-Core Processor,4,go1.26.8,12,20,1.0002,0.996,1.0024,0.9894,1.0137,1.0015,0,https://github.com/brandopakel/keel/actions/runs/37180241035
11294468870,37180327391,2026-10-04T05:35:18Z,pull_request,refactor/engine-set,100,success,858d80cfc57de5d727287cebfa7c61317c6de03e,cf15ea1d616e937610de2003741f6462b7d1c91b,no,EPYC 9V74,AMD EPYC 9V74 80-Core Processor,4,go1.26.8,12,20,0.998,0.9944,1.002,0.9873,1.0275,0.9988,0,https://github.com/brandopakel/keel/actions/runs/37180327391
11294592737,37180333561,2026-10-04T05:35:25Z,workflow_dispatch,develop,98,success,858d80cfc57de5d727287cebfa7c61317c6de03e,3919864ac6ba3c2df9c628527ff6d80b537b6847,no,EPYC 9V74,AMD EPYC 9V74 80-Core Processor,4,go1.26.8,12,20,0.9976,0.9947,1.0024,0.9811,1.0288,0.9973,0,https://github.com/brandopakel/keel/actions/runs/37180333561
11295103202,37180335052,2026-10-04T05:35:26Z,workflow_dispatch,develop,98,success,65ebdbc3c49364f5b2c2828d326ca2e07f1a6a46,3919864ac6ba3c2df9c628527ff6d80b537b6847,no,EPYC 7763,AMD EPYC 7763 64-Core Processor,4,go1.26.8,12,20,1.0073,1.0043,1.0109,0.9651,1.0462,1.0009,0,https://github.com/brandopakel/keel/actions/runs/37180335052
11295052383,37180590043,2026-10-04T05:40:53Z,pull_request,fix/slow-reader-reservation-recovery,,success,858d80cfc57de5d727287cebfa7c61317c6de03e,c548e35926fbe7a40e06ada281794b5bc3907195,yes,EPYC 7763,AMD EPYC 7763 64-Core Processor,4,go1.26.8,12,20,0.9992,0.9965,1.0028,0.9917,1.0174,0.9975,0,https://github.com/brandopakel/keel/actions/runs/37180590043
11294613529,37181140048,2026-10-04T05:52:47Z,pull_request,fix/slow-reader-reservation-recovery,,success,858d80cfc57de5d727287cebfa7c61317c6de03e,e91efa1d018cb3768af90f24903266d8c3de2cd8,yes,EPYC 7763,AMD EPYC 7763 64-Core Processor,4,go1.26.8,12,20,1.0016,0.9964,1.0053,0.9888,1.0074,0.995,0,https://github.com/brandopakel/keel/actions/runs/37181140048
11295695313,37181194514,2026-10-04T05:53:59Z,workflow_dispatch,develop,98,success,65ebdbc3c49364f5b2c2828d326ca2e07f1a6a46,3919864ac6ba3c2df9c628527ff6d80b537b6847,no,EPYC 9V74,AMD EPYC 9V74 80-Core Processor,4,go1.26.8,12,20,1.008,1.003,1.01,0.9789,1.059,1.0002,0,https://github.com/brandopakel/keel/actions/runs/37181194514
11294924236,37181976415,2026-10-04T06:09:22Z,pull_request,refactor/engine-zset,101,success,1a4f016a4bfd199197736f3049df7612a3e54e3b,94b09d99eefed4aa3db9df157fc363f4465d5a50,no,EPYC 7763,AMD EPYC 7763 64-Core Processor,4,go1.26.8,12,20,1.0148,1.0103,1.0293,0.9905,1.0939,0.9997,0,https://github.com/brandopakel/keel/actions/runs/37181976415
11295561915,37181980748,2026-10-04T06:09:29Z,workflow_dispatch,develop,100,success,1a4f016a4bfd199197736f3049df7612a3e54e3b,f9fce9f8c47c79aaf1fdb850ae6b5c48ea6951c2,no,EPYC 9V74,AMD EPYC 9V74 80-Core Processor,4,go1.26.8,12,20,1.0207,1.0144,1.0323,0.9885,1.0566,0.9999,0,https://github.com/brandopakel/keel/actions/runs/37181980748
11295851323,37181981804,2026-10-04T06:09:30Z,workflow_dispatch,develop,100,success,65ebdbc3c49364f5b2c2828d326ca2e07f1a6a46,f9fce9f8c47c79aaf1fdb850ae6b5c48ea6951c2,no,EPYC 7763,AMD EPYC 7763 64-Core Processor,4,go1.26.8,12,20,1.0323,1.0231,1.0392,0.9743,1.1127,0.9983,0,https://github.com/brandopakel/keel/actions/runs/37181981804
11295372776,37182298283,2026-10-04T06:15:57Z,pull_request,fix/slow-reader-reservation-recovery,,success,1a4f016a4bfd199197736f3049df7612a3e54e3b,39a5b8cd23d96e828dd5b3490dd1133984ec07e7,yes,EPYC 9V45,AMD EPYC 9V45 96-Core Processor,4,go1.26.8,12,20,1.0051,0.9995,1.0109,0.9907,1.0199,0.9991,0,https://github.com/brandopakel/keel/actions/runs/37182298283
11295323139,37182304748,2026-10-04T06:16:05Z,pull_request,fix/slow-reader-reservation-recovery,99,success,1a4f016a4bfd199197736f3049df7612a3e54e3b,385854a7572e6bd136e88be312a6928347ca91a4,yes,EPYC 9V74,AMD EPYC 9V74 80-Core Processor,4,go1.26.8,12,20,1.0023,0.9992,1.0047,0.9922,1.0093,0.9998,0,https://github.com/brandopakel/keel/actions/runs/37182304748
11296100394,37182419683,2026-10-04T06:18:28Z,workflow_dispatch,develop,100,success,1a4f016a4bfd199197736f3049df7612a3e54e3b,f9fce9f8c47c79aaf1fdb850ae6b5c48ea6951c2,no,EPYC 9V45,AMD EPYC 9V45 96-Core Processor,4,go1.26.8,12,20,1.0176,1.0046,1.0301,0.9822,1.0632,1.0018,0,https://github.com/brandopakel/keel/actions/runs/37182419683
11295497751,37182420772,2026-10-04T06:18:30Z,workflow_dispatch,develop,100,success,1a4f016a4bfd199197736f3049df7612a3e54e3b,5dd9a8ec1b97c2b82767c6a44e793739544ea9ca,no,EPYC 9V45,AMD EPYC 9V45 96-Core Processor,4,go1.26.8,12,20,0.9919,0.9822,0.9981,0.9592,1.0198,1.0078,0,https://github.com/brandopakel/keel/actions/runs/37182420772
11296416436,37183932463,2026-10-04T06:49:30Z,pull_request,refactor/engine-filters,102,success,20417fe410195c008a9874097aa0e655d704823d,9ad6fd6323fd4ff72d2630c376f57fabdcfbb2db,no,EPYC 7763,AMD EPYC 7763 64-Core Processor,4,go1.26.8,12,20,0.9953,0.9936,1.0026,0.9551,1.0507,1.0025,0,https://github.com/brandopakel/keel/actions/runs/37183932463
11296192141,37183937877,2026-10-04T06:49:37Z,workflow_dispatch,develop,101,success,20417fe410195c008a9874097aa0e655d704823d,8892ab5f8d428401695327164cb5390edba843db,no,EPYC 7763,AMD EPYC 7763 64-Core Processor,4,go1.26.8,12,20,1.0006,0.9937,1.0071,0.9547,1.0546,0.9994,0,https://github.com/brandopakel/keel/actions/runs/37183937877
11296097292,37183939150,2026-10-04T06:49:38Z,workflow_dispatch,develop,101,success,65ebdbc3c49364f5b2c2828d326ca2e07f1a6a46,8892ab5f8d428401695327164cb5390edba843db,no,EPYC 7763,AMD EPYC 7763 64-Core Processor,4,go1.26.8,12,20,1.0201,1.0149,1.0242,0.9786,1.1287,0.9996,0,https://github.com/brandopakel/keel/actions/runs/37183939150
11296900581,37184353583,2026-10-04T06:58:01Z,workflow_dispatch,develop,101,success,20417fe410195c008a9874097aa0e655d704823d,8892ab5f8d428401695327164cb5390edba843db,no,EPYC 9V74,AMD EPYC 9V74 80-Core Processor,4,go1.26.8,12,20,0.9942,0.9863,1.0008,0.9438,1.0345,0.9991,0,https://github.com/brandopakel/keel/actions/runs/37184353583
11300221768,37193431592,2026-10-04T09:50:26Z,pull_request,refactor/engine-sketches,103,success,3693091fcd60022182d63077235309412b890327,960b04b14e700403029bd4e374f37d3bfcd456fe,no,EPYC 7763,AMD EPYC 7763 64-Core Processor,4,go1.26.8,12,20,0.9921,0.9824,0.9945,0.8984,1.0226,0.9975,0,https://github.com/brandopakel/keel/actions/runs/37193431592
11314003225,37233054769,2026-10-04T20:41:19Z,pull_request,fix/rewrite-stream-test-waits-for-log,104,success,3693091fcd60022182d63077235309412b890327,d75c96319ec29f339cd2b9e1c98c6580e7166cb8,no,EPYC 9V74,AMD EPYC 9V74 80-Core Processor,4,go1.26.8,12,20,0.9936,0.9897,0.9959,0.9723,1.0076,1.0025,0,https://github.com/brandopakel/keel/actions/runs/37233054769
11315110026,37233067862,2026-10-04T20:41:32Z,workflow_dispatch,develop,99,success,3693091fcd60022182d63077235309412b890327,9ac9e602f937d1002fde13584e1205d4681ca0f4,no,EPYC 7763,AMD EPYC 7763 64-Core Processor,4,go1.26.8,12,20,0.9882,0.9802,0.9897,0.9031,1.0193,1.0002,0,https://github.com/brandopakel/keel/actions/runs/37233067862
11314712079,37233072815,2026-10-04T20:41:36Z,workflow_dispatch,develop,99,success,3693091fcd60022182d63077235309412b890327,9ac9e602f937d1002fde13584e1205d4681ca0f4,no,EPYC 9V45,AMD EPYC 9V45 96-Core Processor,4,go1.26.8,12,20,0.9952,0.9844,1.0027,0.9595,1.0242,1.0016,0,https://github.com/brandopakel/keel/actions/runs/37233072815
11314945379,37233078070,2026-10-04T20:41:41Z,workflow_dispatch,develop,99,success,65ebdbc3c49364f5b2c2828d326ca2e07f1a6a46,9ac9e602f937d1002fde13584e1205d4681ca0f4,no,EPYC 7763,AMD EPYC 7763 64-Core Processor,4,go1.26.8,12,20,1.0025,1.0002,1.008,0.9769,1.0715,1.002,0,https://github.com/brandopakel/keel/actions/runs/37233078070
11315345418,37233820284,2026-10-04T20:53:11Z,pull_request,refactor/engine-strings,105,success,0d157b7d6641905343db304c93f2f6ed0b92303a,53d2bb85203a77ba540c832ef56c614e4925f25d,no,EPYC 7763,AMD EPYC 7763 64-Core Processor,4,go1.26.8,12,20,1.0051,0.9978,1.0097,0.9777,1.0283,0.9968,0,https://github.com/brandopakel/keel/actions/runs/37233820284
11314773367,37233826748,2026-10-04T20:53:16Z,workflow_dispatch,develop,103,success,0d157b7d6641905343db304c93f2f6ed0b92303a,568e864c03b8b43cc5ac8c01ea0792ef60fb9676,no,EPYC 7763,AMD EPYC 7763 64-Core Processor,4,go1.26.8,12,20,1.0047,1.0006,1.0087,0.9687,1.0229,0.999,0,https://github.com/brandopakel/keel/actions/runs/37233826748
11315181269,37233831592,2026-10-04T20:53:21Z,workflow_dispatch,develop,103,success,0d157b7d6641905343db304c93f2f6ed0b92303a,568e864c03b8b43cc5ac8c01ea0792ef60fb9676,no,EPYC 7763,AMD EPYC 7763 64-Core Processor,4,go1.26.8,12,20,1.0047,1.001,1.0092,0.9776,1.0217,0.9992,0,https://github.com/brandopakel/keel/actions/runs/37233831592
11314713273,37233836716,2026-10-04T20:53:26Z,workflow_dispatch,develop,103,success,65ebdbc3c49364f5b2c2828d326ca2e07f1a6a46,568e864c03b8b43cc5ac8c01ea0792ef60fb9676,no,Xeon 6973P-C,Intel(R) Xeon(R) 6973P-C,4,go1.26.8,12,20,1.0192,1.0015,1.047,0.9631,1.0676,1.0174,0,https://github.com/brandopakel/keel/actions/runs/37233836716
11315287321,37234831117,2026-10-04T21:07:50Z,pull_request,refactor/engine-keys,106,success,90080ff4bbc60d8a1fea56dcf1c15199c4d3f458,76c5ae05a8c8d6cdc2f8ede3572921246e373a94,no,EPYC 7763,AMD EPYC 7763 64-Core Processor,4,go1.26.8,12,20,0.9962,0.9939,1.0,0.9832,1.0304,1.0008,0,https://github.com/brandopakel/keel/actions/runs/37234831117
11315576097,37234837674,2026-10-04T21:07:57Z,workflow_dispatch,develop,105,success,90080ff4bbc60d8a1fea56dcf1c15199c4d3f458,b4e4a01e384d87287ca0fe22bf10d806250666f4,no,EPYC 9V45,AMD EPYC 9V45 96-Core Processor,4,go1.26.8,12,20,1.0113,0.9958,1.0178,0.9707,1.0377,0.9953,0,https://github.com/brandopakel/keel/actions/runs/37234837674
11315500940,37234842833,2026-10-04T21:08:02Z,workflow_dispatch,develop,105,success,90080ff4bbc60d8a1fea56dcf1c15199c4d3f458,b4e4a01e384d87287ca0fe22bf10d806250666f4,no,EPYC 9V74,AMD EPYC 9V74 80-Core Processor,4,go1.26.8,12,20,0.9995,0.997,1.005,0.9845,1.0266,1.0002,0,https://github.com/brandopakel/keel/actions/runs/37234842833
11314609661,37234848177,2026-10-04T21:08:07Z,workflow_dispatch,develop,105,success,65ebdbc3c49364f5b2c2828d326ca2e07f1a6a46,b4e4a01e384d87287ca0fe22bf10d806250666f4,no,Xeon 8370C,Intel(R) Xeon(R) Platinum 8370C CPU @ 2.80GHz,4,go1.26.8,12,20,1.0089,1.0046,1.0163,0.967,1.0545,1.0,0,https://github.com/brandopakel/keel/actions/runs/37234848177
11315194033,37235691789,2026-10-04T21:20:24Z,pull_request,refactor/engine-dispatch,107,success,709cc180aaff8039b3c7a9f7fbb20d74ce56b4f4,59f7e2c6f149fc31455e335be46cc6dde5d9aaab,no,EPYC 7763,AMD EPYC 7763 64-Core Processor,4,go1.26.8,12,20,1.0001,0.9955,1.0027,0.9469,1.0746,1.0033,0,https://github.com/brandopakel/keel/actions/runs/37235691789
11315099520,37235700484,2026-10-04T21:20:32Z,workflow_dispatch,develop,106,success,709cc180aaff8039b3c7a9f7fbb20d74ce56b4f4,4014400f3ce49b6cf416ea61c64973b9d79eb67a,no,Xeon 8573C,INTEL(R) XEON(R) PLATINUM 8573C,4,go1.26.8,12,20,0.9971,0.9931,1.0018,0.9347,1.0237,0.9978,0,https://github.com/brandopakel/keel/actions/runs/37235700484
11315268853,37235705484,2026-10-04T21:20:37Z,workflow_dispatch,develop,106,success,709cc180aaff8039b3c7a9f7fbb20d74ce56b4f4,4014400f3ce49b6cf416ea61c64973b9d79eb67a,no,EPYC 7763,AMD EPYC 7763 64-Core Processor,4,go1.26.8,12,20,0.9983,0.9943,1.0019,0.9519,1.0868,1.0017,0,https://github.com/brandopakel/keel/actions/runs/37235705484
11315308686,37235710962,2026-10-04T21:20:42Z,workflow_dispatch,develop,106,success,709cc180aaff8039b3c7a9f7fbb20d74ce56b4f4,4014400f3ce49b6cf416ea61c64973b9d79eb67a,no,EPYC 7763,AMD EPYC 7763 64-Core Processor,4,go1.26.8,12,20,1.0073,0.994,1.0178,0.9606,1.0812,1.0011,0,https://github.com/brandopakel/keel/actions/runs/37235710962
11315074626,37235716175,2026-10-04T21:20:46Z,workflow_dispatch,develop,106,success,65ebdbc3c49364f5b2c2828d326ca2e07f1a6a46,4014400f3ce49b6cf416ea61c64973b9d79eb67a,no,EPYC 7763,AMD EPYC 7763 64-Core Processor,4,go1.26.8,12,20,1.012,1.0079,1.0205,0.9845,1.1119,0.9998,0,https://github.com/brandopakel/keel/actions/runs/37235716175
11315598424,37237393905,2026-10-04T21:45:47Z,pull_request,refactor/engine-type-index,108,success,ef14ffee11cd522e77a87af963892fc328195025,25bbf0508a55e0aeb0c4f7bd24061baf82e2e163,no,EPYC 7763,AMD EPYC 7763 64-Core Processor,4,go1.26.8,12,20,0.8389,0.8335,0.8432,0.7044,1.0031,0.999,0,https://github.com/brandopakel/keel/actions/runs/37237393905
11316441531,37237398925,2026-10-04T21:45:52Z,workflow_dispatch,develop,107,success,ef14ffee11cd522e77a87af963892fc328195025,ccf8024d9049c8bd5ab21be6c7e4a86860edf540,no,EPYC 9V74,AMD EPYC 9V74 80-Core Processor,4,go1.26.8,12,20,0.8629,0.8544,0.8675,0.7276,0.9983,0.9988,0,https://github.com/brandopakel/keel/actions/runs/37237398925
11316645753,37237403315,2026-10-04T21:45:57Z,workflow_dispatch,develop,107,success,ef14ffee11cd522e77a87af963892fc328195025,ccf8024d9049c8bd5ab21be6c7e4a86860edf540,no,EPYC 9V45,AMD EPYC 9V45 96-Core Processor,4,go1.26.8,12,20,0.8489,0.8383,0.8679,0.6681,1.0058,1.0007,0,https://github.com/brandopakel/keel/actions/runs/37237403315
11316107655,37237408685,2026-10-04T21:46:01Z,workflow_dispatch,develop,107,success,ef14ffee11cd522e77a87af963892fc328195025,ccf8024d9049c8bd5ab21be6c7e4a86860edf540,no,EPYC 7763,AMD EPYC 7763 64-Core Processor,4,go1.26.8,12,20,0.8359,0.826,0.8398,0.6988,1.0013,0.9988,0,https://github.com/brandopakel/keel/actions/runs/37237408685
11315753050,37237413693,2026-10-04T21:46:06Z,workflow_dispatch,develop,107,success,65ebdbc3c49364f5b2c2828d326ca2e07f1a6a46,ccf8024d9049c8bd5ab21be6c7e4a86860edf540,no,EPYC 9V74,AMD EPYC 9V74 80-Core Processor,4,go1.26.8,12,20,0.8799,0.8751,0.8898,0.776,1.0227,0.9955,0,https://github.com/brandopakel/keel/actions/runs/37237413693
11316123741,37238115688,2026-10-04T21:57:00Z,pull_request,test/key-rule-expected-keys,109,success,205a6470f649065464f0b47b432bffd06c3185f2,bd796ecf7ed4da306282da9b4bd153057c73754e,no,EPYC 9V45,AMD EPYC 9V45 96-Core Processor,4,go1.26.8,12,20,0.9992,0.9907,1.0083,0.9707,1.0311,0.9975,0,https://github.com/brandopakel/keel/actions/runs/37238115688
11316339801,37239143698,2026-10-04T22:12:44Z,workflow_dispatch,develop,109,success,ec63db2ae0aac0dff07db94dccf119503c5b5c70,4d41b304f7cb024fcbee85a7f0acaf8ef88cea22,no,EPYC 9V74,AMD EPYC 9V74 80-Core Processor,4,go1.26.8,12,20,1.0064,1.0016,1.0094,0.9848,1.0429,0.9996,0,https://github.com/brandopakel/keel/actions/runs/37239143698
11315814917,37239148192,2026-10-04T22:12:48Z,workflow_dispatch,develop,109,success,ec63db2ae0aac0dff07db94dccf119503c5b5c70,4d41b304f7cb024fcbee85a7f0acaf8ef88cea22,no,EPYC 9V45,AMD EPYC 9V45 96-Core Processor,4,go1.26.8,12,20,1.0063,0.9979,1.0184,0.9876,1.0459,1.0012,0,https://github.com/brandopakel/keel/actions/runs/37239148192
11316975218,37239152622,2026-10-04T22:12:52Z,workflow_dispatch,develop,109,success,65ebdbc3c49364f5b2c2828d326ca2e07f1a6a46,4d41b304f7cb024fcbee85a7f0acaf8ef88cea22,no,EPYC 9V45,AMD EPYC 9V45 96-Core Processor,4,go1.26.8,12,20,0.8702,0.8544,0.8915,0.7681,1.012,0.9973,0,https://github.com/brandopakel/keel/actions/runs/37239152622
11316549214,37239190848,2026-10-04T22:13:27Z,pull_request,refactor/engine-command-scope,110,success,ec63db2ae0aac0dff07db94dccf119503c5b5c70,3b925166697be3b36936183fbef9d4c7bc156abc,no,EPYC 7763,AMD EPYC 7763 64-Core Processor,4,go1.26.8,12,20,0.998,0.9929,1.0029,0.9346,1.076,1.0028,0,https://github.com/brandopakel/keel/actions/runs/37239190848
11316926397,37239441110,2026-10-04T22:17:20Z,workflow_dispatch,develop,109,success,ec63db2ae0aac0dff07db94dccf119503c5b5c70,4d41b304f7cb024fcbee85a7f0acaf8ef88cea22,no,Xeon 6973P-C,Intel(R) Xeon(R) 6973P-C,4,go1.26.8,12,20,0.9937,0.9864,1.0004,0.9451,1.0049,1.0052,0,https://github.com/brandopakel/keel/actions/runs/37239441110
11317570121,37239446054,2026-10-04T22:17:25Z,workflow_dispatch,develop,109,success,ec63db2ae0aac0dff07db94dccf119503c5b5c70,4d41b304f7cb024fcbee85a7f0acaf8ef88cea22,no,EPYC 9V74,AMD EPYC 9V74 80-Core Processor,4,go1.26.8,12,20,1.0067,1.0011,1.0116,0.9771,1.0266,0.9989,0,https://github.com/brandopakel/keel/actions/runs/37239446054
11317115791,37239756144,2026-10-04T22:22:13Z,workflow_dispatch,develop,109,success,ec63db2ae0aac0dff07db94dccf119503c5b5c70,4d41b304f7cb024fcbee85a7f0acaf8ef88cea22,no,EPYC 7763,AMD EPYC 7763 64-Core Processor,4,go1.26.8,12,20,1.0015,0.9958,1.0056,0.9375,1.0721,0.9999,0,https://github.com/brandopakel/keel/actions/runs/37239756144
11317725344,37239831976,2026-10-04T22:23:25Z,pull_request,refactor/engine-command-scope,110,success,ec63db2ae0aac0dff07db94dccf119503c5b5c70,032bb9415942ca55d3a1e6f5d69985591565da68,no,EPYC 9V45,AMD EPYC 9V45 96-Core Processor,4,go1.26.8,12,20,1.0085,0.9927,1.0183,0.9601,1.0411,1.0074,0,https://github.com/brandopakel/keel/actions/runs/37239831976
11316644900,37239848863,2026-10-04T22:23:42Z,workflow_dispatch,develop,109,success,ec63db2ae0aac0dff07db94dccf119503c5b5c70,6f01b22ed62f719d9c57ff78875cefd602a53aae,no,EPYC 9V45,AMD EPYC 9V45 96-Core Processor,4,go1.26.8,12,20,1.0102,0.9987,1.0245,0.9695,1.0397,1.0026,0,https://github.com/brandopakel/keel/actions/runs/37239848863
11316689702,37239854768,2026-10-04T22:23:48Z,workflow_dispatch,develop,109,success,ec63db2ae0aac0dff07db94dccf119503c5b5c70,6f01b22ed62f719d9c57ff78875cefd602a53aae,no,EPYC 9V45,AMD EPYC 9V45 96-Core Processor,4,go1.26.8,12,20,1.0061,1.0019,1.0153,0.9709,1.0403,1.002,0,https://github.com/brandopakel/keel/actions/runs/37239854768
11317351195,37239861006,2026-10-04T22:23:54Z,workflow_dispatch,develop,109,success,65ebdbc3c49364f5b2c2828d326ca2e07f1a6a46,6f01b22ed62f719d9c57ff78875cefd602a53aae,no,EPYC 9V74,AMD EPYC 9V74 80-Core Processor,4,go1.26.8,12,20,0.8702,0.8651,0.8794,0.7818,1.0242,0.996,0,https://github.com/brandopakel/keel/actions/runs/37239861006
11318010606,37242031178,2026-10-04T22:58:37Z,workflow_dispatch,develop,109,success,ec63db2ae0aac0dff07db94dccf119503c5b5c70,aa27cdf02bece82651a0e49419668bbf70e560ba,no,EPYC 7763,AMD EPYC 7763 64-Core Processor,4,go1.26.8,12,20,1.0032,0.9986,1.0073,0.9126,1.0801,0.999,0,https://github.com/brandopakel/keel/actions/runs/37242031178
11317258175,37242034096,2026-10-04T22:58:40Z,pull_request,refactor/engine-command-scope,110,success,ec63db2ae0aac0dff07db94dccf119503c5b5c70,093f2cdd6f865ce66f02aefc8f844e7fbbd2ebbd,no,EPYC 7763,AMD EPYC 7763 64-Core Processor,4,go1.26.8,12,20,0.9911,0.9876,0.9985,0.9103,1.0804,0.9969,0,https://github.com/brandopakel/keel/actions/runs/37242034096
11317921356,37242036095,2026-10-04T22:58:43Z,workflow_dispatch,develop,109,success,ec63db2ae0aac0dff07db94dccf119503c5b5c70,aa27cdf02bece82651a0e49419668bbf70e560ba,no,EPYC 7763,AMD EPYC 7763 64-Core Processor,4,go1.26.8,12,20,0.9986,0.993,1.004,0.9087,1.0843,0.9986,0,https://github.com/brandopakel/keel/actions/runs/37242036095
11318090086,37242040961,2026-10-04T22:58:48Z,workflow_dispatch,develop,109,success,65ebdbc3c49364f5b2c2828d326ca2e07f1a6a46,aa27cdf02bece82651a0e49419668bbf70e560ba,no,EPYC 7763,AMD EPYC 7763 64-Core Processor,4,go1.26.8,12,20,0.884,0.8749,0.8874,0.7744,1.0308,0.9963,0,https://github.com/brandopakel/keel/actions/runs/37242040961
11318491892,37243640684,2026-10-04T23:24:28Z,pull_request,refactor/engine-reply-protocol,,success,b4ca764e11883dea90c712c20233b39644f211c7,3ac151e8eaf37caae1e8e4442c1ded8e501ff131,no,EPYC 7763,AMD EPYC 7763 64-Core Processor,4,go1.26.8,12,20,0.9972,0.9932,1.0029,0.9593,1.0327,1.0018,0,https://github.com/brandopakel/keel/actions/runs/37243640684
11317983886,37243648849,2026-10-04T23:24:36Z,pull_request,refactor/engine-reply-protocol,111,success,b4ca764e11883dea90c712c20233b39644f211c7,9d99a4a708daa2a7f643d9d51eb098d0e2285deb,no,EPYC 7763,AMD EPYC 7763 64-Core Processor,4,go1.26.8,12,20,0.9963,0.9933,1.0007,0.9461,1.0301,0.9981,0,https://github.com/brandopakel/keel/actions/runs/37243648849
11318222450,37243651810,2026-10-04T23:24:39Z,workflow_dispatch,develop,110,success,b4ca764e11883dea90c712c20233b39644f211c7,ba78e25b242079cc468afd32ca15aceadcbfd0cd,no,EPYC 7763,AMD EPYC 7763 64-Core Processor,4,go1.26.8,12,20,1.0011,0.9968,1.0054,0.9638,1.0285,0.9982,0,https://github.com/brandopakel/keel/actions/runs/37243651810
11319055091,37243658274,2026-10-04T23:24:45Z,workflow_dispatch,develop,110,success,b4ca764e11883dea90c712c20233b39644f211c7,ba78e25b242079cc468afd32ca15aceadcbfd0cd,no,EPYC 7763,AMD EPYC 7763 64-Core Processor,4,go1.26.8,12,20,0.9963,0.992,0.9999,0.959,1.0287,0.9997,0,https://github.com/brandopakel/keel/actions/runs/37243658274
11318362671,37243665092,2026-10-04T23:24:51Z,workflow_dispatch,develop,110,success,65ebdbc3c49364f5b2c2828d326ca2e07f1a6a46,ba78e25b242079cc468afd32ca15aceadcbfd0cd,no,EPYC 7763,AMD EPYC 7763 64-Core Processor,4,go1.26.8,12,20,0.8801,0.873,0.8826,0.7688,1.0119,0.999,0,https://github.com/brandopakel/keel/actions/runs/37243665092
11320196395,37249010545,2026-10-05T00:49:44Z,pull_request,refactor/engine-persistence-log,112,success,40eb2f6f1b0cec55476e5036f890be1a6a4235dc,5655ce6154929e25fa65d009886b596ceca6454f,no,EPYC 9V45,AMD EPYC 9V45 96-Core Processor,4,go1.26.8,12,25,1.0019,0.9958,1.014,0.9651,1.0604,1.0037,0,https://github.com/brandopakel/keel/actions/runs/37249010545
11320455887,37249014240,2026-10-05T00:49:48Z,workflow_dispatch,refactor/engine-persistence-log,112,success,40eb2f6f1b0cec55476e5036f890be1a6a4235dc,dcc90676c7e01120abdaede2be953d1f10a54e01,no,EPYC 9V45,AMD EPYC 9V45 96-Core Processor,4,go1.26.8,12,25,1.0161,1.001,1.0316,0.9667,1.0681,0.9967,0,https://github.com/brandopakel/keel/actions/runs/37249014240
11320616138,37249018498,2026-10-05T00:49:53Z,workflow_dispatch,refactor/engine-persistence-log,112,success,40eb2f6f1b0cec55476e5036f890be1a6a4235dc,dcc90676c7e01120abdaede2be953d1f10a54e01,no,EPYC 7763,AMD EPYC 7763 64-Core Processor,4,go1.26.8,12,25,0.9878,0.9825,0.9913,0.8903,1.03,0.9985,0,https://github.com/brandopakel/keel/actions/runs/37249018498
11320241372,37249022942,2026-10-05T00:49:57Z,workflow_dispatch,refactor/engine-persistence-log,112,success,65ebdbc3c49364f5b2c2828d326ca2e07f1a6a46,dcc90676c7e01120abdaede2be953d1f10a54e01,no,EPYC 7763,AMD EPYC 7763 64-Core Processor,4,go1.26.8,12,25,0.906,0.9034,0.9158,0.7896,1.0345,1.0049,0,https://github.com/brandopakel/keel/actions/runs/37249022942
11320955892,37249485417,2026-10-05T00:57:17Z,workflow_dispatch,refactor/engine-persistence-log,112,success,40eb2f6f1b0cec55476e5036f890be1a6a4235dc,dcc90676c7e01120abdaede2be953d1f10a54e01,no,EPYC 7763,AMD EPYC 7763 64-Core Processor,4,go1.26.8,12,25,0.9865,0.9781,0.9912,0.8886,1.0302,1.0,0,https://github.com/brandopakel/keel/actions/runs/37249485417
11320202051,37249489851,2026-10-05T00:57:22Z,workflow_dispatch,refactor/engine-persistence-log,112,success,40eb2f6f1b0cec55476e5036f890be1a6a4235dc,dcc90676c7e01120abdaede2be953d1f10a54e01,no,EPYC 7763,AMD EPYC 7763 64-Core Processor,4,go1.26.8,12,25,0.9811,0.9776,0.9882,0.9055,1.0318,0.9973,0,https://github.com/brandopakel/keel/actions/runs/37249489851
11320282002,37249576953,2026-10-05T00:58:47Z,workflow_dispatch,refactor/engine-persistence-outcome,,success,40eb2f6f1b0cec55476e5036f890be1a6a4235dc,049b5c9e469174cedcdc8692499bf56436b2adac,no,EPYC 9V45,AMD EPYC 9V45 96-Core Processor,4,go1.26.8,12,25,1.0246,1.0132,1.0314,0.9801,1.108,1.0017,0,https://github.com/brandopakel/keel/actions/runs/37249576953
11320682368,37249846515,2026-10-05T01:02:54Z,workflow_dispatch,refactor/engine-persistence-log,112,success,40eb2f6f1b0cec55476e5036f890be1a6a4235dc,dcc90676c7e01120abdaede2be953d1f10a54e01,no,EPYC 7763,AMD EPYC 7763 64-Core Processor,4,go1.26.8,12,25,0.9847,0.9814,0.9903,0.8932,1.0312,1.0005,0,https://github.com/brandopakel/keel/actions/runs/37249846515
11320197434,37249851764,2026-10-05T01:02:59Z,workflow_dispatch,refactor/engine-persistence-log,112,success,40eb2f6f1b0cec55476e5036f890be1a6a4235dc,dcc90676c7e01120abdaede2be953d1f10a54e01,no,Xeon 6973P-C,Intel(R) Xeon(R) 6973P-C,4,go1.26.8,12,25,0.9961,0.9909,1.0047,0.9504,1.0314,1.0054,0,https://github.com/brandopakel/keel/actions/runs/37249851764
11320618198,37250293469,2026-10-05T01:09:20Z,workflow_dispatch,refactor/engine-persistence-outcome,,success,dcc90676c7e01120abdaede2be953d1f10a54e01,7e09aea908eb99e9b3a457bdbbafb084136e3396,no,EPYC 9V74,AMD EPYC 9V74 80-Core Processor,4,go1.26.8,12,25,1.0033,0.9995,1.007,0.9818,1.0406,0.9995,0,https://github.com/brandopakel/keel/actions/runs/37250293469
11320937340,37250298288,2026-10-05T01:09:25Z,workflow_dispatch,refactor/engine-persistence-outcome,,success,7e09aea908eb99e9b3a457bdbbafb084136e3396,049b5c9e469174cedcdc8692499bf56436b2adac,no,EPYC 7763,AMD EPYC 7763 64-Core Processor,4,go1.26.8,12,25,1.0021,0.9991,1.0058,0.9872,1.0522,1.001,0,https://github.com/brandopakel/keel/actions/runs/37250298288
11321051667,37250303285,2026-10-05T01:09:30Z,workflow_dispatch,refactor/engine-persistence-outcome,,success,40eb2f6f1b0cec55476e5036f890be1a6a4235dc,049b5c9e469174cedcdc8692499bf56436b2adac,no,EPYC 9V74,AMD EPYC 9V74 80-Core Processor,4,go1.26.8,12,25,1.0,0.9967,1.003,0.9676,1.0461,0.9998,0,https://github.com/brandopakel/keel/actions/runs/37250303285
11320439876,37250935835,2026-10-05T01:18:44Z,pull_request,refactor/engine-persistence-log,112,success,40eb2f6f1b0cec55476e5036f890be1a6a4235dc,0e3ba917150ad6de70f95b28e0fad0b3b3aa7473,no,EPYC 7763,AMD EPYC 7763 64-Core Processor,4,go1.26.8,12,25,1.0058,1.0009,1.0072,0.9737,1.0342,1.0002,0,https://github.com/brandopakel/keel/actions/runs/37250935835
11320514859,37250957421,2026-10-05T01:19:06Z,workflow_dispatch,refactor/engine-persistence-log,112,success,40eb2f6f1b0cec55476e5036f890be1a6a4235dc,5bbb0dbd7ce4e767f84d4d775b6a31477d79190d,no,EPYC 7763,AMD EPYC 7763 64-Core Processor,4,go1.26.8,12,25,1.0023,0.996,1.0066,0.9681,1.0329,1.0022,0,https://github.com/brandopakel/keel/actions/runs/37250957421
11320659608,37250962131,2026-10-05T01:19:11Z,workflow_dispatch,refactor/engine-persistence-log,112,success,40eb2f6f1b0cec55476e5036f890be1a6a4235dc,5bbb0dbd7ce4e767f84d4d775b6a31477d79190d,no,EPYC 7763,AMD EPYC 7763 64-Core Processor,4,go1.26.8,12,25,1.0015,0.9969,1.007,0.974,1.039,1.0004,0,https://github.com/brandopakel/keel/actions/runs/37250962131
11320529951,37250966879,2026-10-05T01:19:15Z,workflow_dispatch,refactor/engine-persistence-log,112,success,65ebdbc3c49364f5b2c2828d326ca2e07f1a6a46,5bbb0dbd7ce4e767f84d4d775b6a31477d79190d,no,EPYC 9V74,AMD EPYC 9V74 80-Core Processor,4,go1.26.8,12,25,0.9005,0.8981,0.9084,0.7951,1.0467,1.0012,0,https://github.com/brandopakel/keel/actions/runs/37250966879
11321740743,37252427238,2026-10-05T01:41:43Z,workflow_dispatch,refactor/engine-persistence-log,112,success,65ebdbc3c49364f5b2c2828d326ca2e07f1a6a46,5bbb0dbd7ce4e767f84d4d775b6a31477d79190d,no,EPYC 7763,AMD EPYC 7763 64-Core Processor,4,go1.26.8,12,25,0.8885,0.8857,0.8969,0.7693,1.0308,0.9993,0,https://github.com/brandopakel/keel/actions/runs/37252427238
11321342140,37253176450,2026-10-05T01:53:10Z,workflow_dispatch,refactor/engine-persistence-outcome,,success,5bbb0dbd7ce4e767f84d4d775b6a31477d79190d,74b57a7f6830657c487cbc28ca18a1bb8868532c,no,EPYC 9V45,AMD EPYC 9V45 96-Core Processor,4,go1.26.8,12,25,1.0031,0.9993,1.0096,0.9793,1.0714,1.0016,0,https://github.com/brandopakel/keel/actions/runs/37253176450
11322076243,37253181471,2026-10-05T01:53:15Z,workflow_dispatch,refactor/engine-persistence-outcome,,success,74b57a7f6830657c487cbc28ca18a1bb8868532c,549c2c343d7451a6e8559d2187de553bfda3c3c4,no,EPYC 7763,AMD EPYC 7763 64-Core Processor,4,go1.26.8,12,25,1.0055,1.0031,1.012,0.9751,1.0684,1.0013,0,https://github.com/brandopakel/keel/actions/runs/37253181471
11323105722,37255663812,2026-10-05T02:30:21Z,pull_request,refactor/engine-persistence-rewrite,113,success,8bfd60f7bed43b2ff2ecf0fc2ba6608a662fa370,630d4883942784d61a53949f8407191effe5da56,no,Xeon 8573C,INTEL(R) XEON(R) PLATINUM 8573C,4,go1.26.8,12,25,1.0069,1.0047,1.0148,0.9808,1.051,1.0014,0,https://github.com/brandopakel/keel/actions/runs/37255663812
11321849690,37255668314,2026-10-05T02:30:24Z,workflow_dispatch,develop,112,success,8bfd60f7bed43b2ff2ecf0fc2ba6608a662fa370,5eb0de18b1a1f30bd1ef5ed69dead62115cd729c,no,Xeon 8370C,Intel(R) Xeon(R) Platinum 8370C CPU @ 2.80GHz,4,go1.26.8,12,25,0.9994,0.9931,1.0027,0.9759,1.0173,1.0011,0,https://github.com/brandopakel/keel/actions/runs/37255668314
11322024616,37255673890,2026-10-05T02:30:29Z,workflow_dispatch,develop,112,success,8bfd60f7bed43b2ff2ecf0fc2ba6608a662fa370,5eb0de18b1a1f30bd1ef5ed69dead62115cd729c,no,EPYC 9V74,AMD EPYC 9V74 80-Core Processor,4,go1.26.8,12,25,0.9983,0.9979,1.003,0.9724,1.0314,1.0004,0,https://github.com/brandopakel/keel/actions/runs/37255673890
11322423376,37255679349,2026-10-05T02:30:33Z,workflow_dispatch,develop,112,success,65ebdbc3c49364f5b2c2828d326ca2e07f1a6a46,5eb0de18b1a1f30bd1ef5ed69dead62115cd729c,no,EPYC 7763,AMD EPYC 7763 64-Core Processor,4,go1.26.8,12,25,0.8949,0.8909,0.9017,0.782,1.0306,0.9956,0,https://github.com/brandopakel/keel/actions/runs/37255679349
11322936821,37255909664,2026-10-05T02:34:04Z,pull_request,refactor/engine-persistence-rewrite,113,success,8bfd60f7bed43b2ff2ecf0fc2ba6608a662fa370,970abf776b5ae14667e48e9f26164f957a7031fe,no,EPYC 9V74,AMD EPYC 9V74 80-Core Processor,4,go1.26.8,12,25,1.0028,0.9962,1.0053,0.9751,1.0269,0.9997,0,https://github.com/brandopakel/keel/actions/runs/37255909664
11323230515,37256215505,2026-10-05T02:38:50Z,workflow_dispatch,develop,112,success,8bfd60f7bed43b2ff2ecf0fc2ba6608a662fa370,48b0713f6b1efb8ce7f2b96c21ea161f2b882e17,no,EPYC 7763,AMD EPYC 7763 64-Core Processor,4,go1.26.8,12,25,0.9998,0.9954,1.0007,0.9705,1.0562,1.0,0,https://github.com/brandopakel/keel/actions/runs/37256215505
11323041485,37256494156,2026-10-05T02:43:14Z,workflow_dispatch,develop,112,success,8bfd60f7bed43b2ff2ecf0fc2ba6608a662fa370,48b0713f6b1efb8ce7f2b96c21ea161f2b882e17,no,EPYC 7763,AMD EPYC 7763 64-Core Processor,4,go1.26.8,12,25,0.9971,0.9918,1.0012,0.9495,1.046,1.0003,0,https://github.com/brandopakel/keel/actions/runs/37256494156
11322852117,37256694561,2026-10-05T02:46:12Z,pull_request,refactor/engine-persistence-rewrite,113,success,8bfd60f7bed43b2ff2ecf0fc2ba6608a662fa370,dd6848e79c821591b29208d4c6bb4416dcd930da,no,EPYC 9V45,AMD EPYC 9V45 96-Core Processor,4,go1.26.8,12,25,1.0016,0.9908,1.0108,0.968,1.0799,1.0025,0,https://github.com/brandopakel/keel/actions/runs/37256694561
11323171571,37256718104,2026-10-05T02:46:34Z,workflow_dispatch,develop,112,success,8bfd60f7bed43b2ff2ecf0fc2ba6608a662fa370,f25d903b3299ee6ea0870ed54f2af7b384e09cc6,no,EPYC 9V74,AMD EPYC 9V74 80-Core Processor,4,go1.26.8,12,25,0.9949,0.9924,0.9993,0.9827,1.0227,1.0008,0,https://github.com/brandopakel/keel/actions/runs/37256718104
11322714191,37256723070,2026-10-05T02:46:38Z,workflow_dispatch,develop,112,success,8bfd60f7bed43b2ff2ecf0fc2ba6608a662fa370,f25d903b3299ee6ea0870ed54f2af7b384e09cc6,no,EPYC 9V45,AMD EPYC 9V45 96-Core Processor,4,go1.26.8,12,25,1.0067,1.0004,1.0187,0.9864,1.0649,1.0031,0,https://github.com/brandopakel/keel/actions/runs/37256723070
11322938584,37256728036,2026-10-05T02:46:43Z,workflow_dispatch,develop,112,success,65ebdbc3c49364f5b2c2828d326ca2e07f1a6a46,f25d903b3299ee6ea0870ed54f2af7b384e09cc6,no,EPYC 7763,AMD EPYC 7763 64-Core Processor,4,go1.26.8,12,25,0.8986,0.8914,0.9065,0.787,1.0317,1.0005,0,https://github.com/brandopakel/keel/actions/runs/37256728036
11322979045,37257255398,2026-10-05T02:54:47Z,workflow_dispatch,develop,112,success,40eb2f6f1b0cec55476e5036f890be1a6a4235dc,3b2b6d6bc3ddcb082011de855e6173ed6c1c7462,no,EPYC 7763,AMD EPYC 7763 64-Core Processor,4,go1.26.8,12,25,1.0107,1.0078,1.0157,0.9725,1.0689,0.9986,0,https://github.com/brandopakel/keel/actions/runs/37257255398
11322829473,37257261155,2026-10-05T02:54:51Z,workflow_dispatch,develop,112,success,40eb2f6f1b0cec55476e5036f890be1a6a4235dc,3b2b6d6bc3ddcb082011de855e6173ed6c1c7462,no,EPYC 9V45,AMD EPYC 9V45 96-Core Processor,4,go1.26.8,12,25,1.0283,1.0221,1.0355,0.9838,1.0935,1.0014,0,https://github.com/brandopakel/keel/actions/runs/37257261155
11322664978,37257267068,2026-10-05T02:54:56Z,workflow_dispatch,develop,112,success,40eb2f6f1b0cec55476e5036f890be1a6a4235dc,3b2b6d6bc3ddcb082011de855e6173ed6c1c7462,no,EPYC 7763,AMD EPYC 7763 64-Core Processor,4,go1.26.8,12,25,1.0154,1.0055,1.0179,0.9713,1.066,1.002,0,https://github.com/brandopakel/keel/actions/runs/37257267068
11322914206,37257272462,2026-10-05T02:55:01Z,workflow_dispatch,develop,112,success,8bfd60f7bed43b2ff2ecf0fc2ba6608a662fa370,f25d903b3299ee6ea0870ed54f2af7b384e09cc6,no,EPYC 7763,AMD EPYC 7763 64-Core Processor,4,go1.26.8,12,25,1.0025,0.9999,1.0076,0.9763,1.0342,0.9986,0,https://github.com/brandopakel/keel/actions/runs/37257272462
11323676646,37257880564,2026-10-05T03:04:00Z,pull_request,refactor/engine-persistence-rewrite,113,success,8bfd60f7bed43b2ff2ecf0fc2ba6608a662fa370,d054389846486367c00546e4b21d15b04c098b97,no,Xeon 8573C,INTEL(R) XEON(R) PLATINUM 8573C,4,go1.26.8,12,25,1.0125,1.0064,1.0149,0.9746,1.046,0.9987,0,https://github.com/brandopakel/keel/actions/runs/37257880564
11324030649,37257879869,2026-10-05T03:04:00Z,workflow_dispatch,develop,112,success,8bfd60f7bed43b2ff2ecf0fc2ba6608a662fa370,fcd15bfe6f246ec66d2310483d007d31eb2fe4cc,no,EPYC 7763,AMD EPYC 7763 64-Core Processor,4,go1.26.8,12,25,1.0067,1.0012,1.0132,0.959,1.0463,1.0032,0,https://github.com/brandopakel/keel/actions/runs/37257879869
11323142969,37257884115,2026-10-05T03:04:03Z,workflow_dispatch,develop,112,success,8bfd60f7bed43b2ff2ecf0fc2ba6608a662fa370,fcd15bfe6f246ec66d2310483d007d31eb2fe4cc,no,EPYC 9V45,AMD EPYC 9V45 96-Core Processor,4,go1.26.8,12,25,0.9996,0.9904,1.0074,0.9704,1.0568,1.001,0,https://github.com/brandopakel/keel/actions/runs/37257884115
11323985774,37257888733,2026-10-05T03:04:07Z,workflow_dispatch,develop,112,success,65ebdbc3c49364f5b2c2828d326ca2e07f1a6a46,fcd15bfe6f246ec66d2310483d007d31eb2fe4cc,no,EPYC 9V74,AMD EPYC 9V74 80-Core Processor,4,go1.26.8,12,25,0.8875,0.8857,0.8966,0.7658,1.0319,1.0008,0,https://github.com/brandopakel/keel/actions/runs/37257888733
11323377352,37257893107,2026-10-05T03:04:11Z,workflow_dispatch,develop,112,success,40eb2f6f1b0cec55476e5036f890be1a6a4235dc,657d522741fd3f33088d82bd3faf4d3bfaec1b3b,no,EPYC 7763,AMD EPYC 7763 64-Core Processor,4,go1.26.8,12,25,1.0039,0.999,1.0082,0.9717,1.0664,1.0008,0,https://github.com/brandopakel/keel/actions/runs/37257893107
11323921019,37257897131,2026-10-05T03:04:14Z,workflow_dispatch,develop,112,success,40eb2f6f1b0cec55476e5036f890be1a6a4235dc,657d522741fd3f33088d82bd3faf4d3bfaec1b3b,no,EPYC 7763,AMD EPYC 7763 64-Core Processor,4,go1.26.8,12,25,1.0034,1.0004,1.0051,0.9703,1.0616,0.9984,0,https://github.com/brandopakel/keel/actions/runs/37257897131
11323637031,37257901127,2026-10-05T03:04:18Z,workflow_dispatch,develop,112,success,40eb2f6f1b0cec55476e5036f890be1a6a4235dc,657d522741fd3f33088d82bd3faf4d3bfaec1b3b,no,EPYC 7763,AMD EPYC 7763 64-Core Processor,4,go1.26.8,12,25,1.0004,0.9982,1.007,0.9704,1.0619,1.0011,0,https://github.com/brandopakel/keel/actions/runs/37257901127
11323723159,37258402418,2026-10-05T03:11:13Z,workflow_dispatch,develop,112,success,40eb2f6f1b0cec55476e5036f890be1a6a4235dc,657d522741fd3f33088d82bd3faf4d3bfaec1b3b,no,Xeon 8370C,Intel(R) Xeon(R) Platinum 8370C CPU @ 2.80GHz,4,go1.26.8,12,25,1.0047,1.0019,1.009,0.9697,1.0362,0.9919,0,https://github.com/brandopakel/keel/actions/runs/37258402418
11323574471,37258428963,2026-10-05T03:11:35Z,workflow_dispatch,develop,112,success,40eb2f6f1b0cec55476e5036f890be1a6a4235dc,657d522741fd3f33088d82bd3faf4d3bfaec1b3b,no,EPYC 7763,AMD EPYC 7763 64-Core Processor,4,go1.26.8,12,25,1.0008,0.9953,1.0041,0.9763,1.0662,1.0008,0,https://github.com/brandopakel/keel/actions/runs/37258428963
11323318913,37258455926,2026-10-05T03:11:57Z,workflow_dispatch,develop,112,success,40eb2f6f1b0cec55476e5036f890be1a6a4235dc,657d522741fd3f33088d82bd3faf4d3bfaec1b3b,no,EPYC 9V74,AMD EPYC 9V74 80-Core Processor,4,go1.26.8,12,25,0.9975,0.9945,1.003,0.9763,1.0182,1.0012,0,https://github.com/brandopakel/keel/actions/runs/37258455926
11323579882,37259444908,2026-10-05T03:26:22Z,workflow_dispatch,develop,112,success,40eb2f6f1b0cec55476e5036f890be1a6a4235dc,657d522741fd3f33088d82bd3faf4d3bfaec1b3b,no,EPYC 9V74,AMD EPYC 9V74 80-Core Processor,4,go1.26.8,12,25,0.998,0.996,1.0006,0.969,1.015,0.9987,0,https://github.com/brandopakel/keel/actions/runs/37259444908
11323749027,37259476694,2026-10-05T03:26:54Z,workflow_dispatch,develop,112,success,40eb2f6f1b0cec55476e5036f890be1a6a4235dc,657d522741fd3f33088d82bd3faf4d3bfaec1b3b,no,EPYC 9V74,AMD EPYC 9V74 80-Core Processor,4,go1.26.8,12,25,0.9961,0.9922,0.9985,0.9736,1.0368,0.9978,0,https://github.com/brandopakel/keel/actions/runs/37259476694
11323699535,37259539857,2026-10-05T03:27:52Z,pull_request,refactor/engine-persistence-rewrite,113,success,8bfd60f7bed43b2ff2ecf0fc2ba6608a662fa370,e8fb1a8cbe7c69c53e2f270c0ef1c20d7c9da685,no,EPYC 7763,AMD EPYC 7763 64-Core Processor,4,go1.26.8,12,25,1.0051,1.0001,1.0133,0.9608,1.047,1.0001,0,https://github.com/brandopakel/keel/actions/runs/37259539857
11323719479,37259545060,2026-10-05T03:27:57Z,workflow_dispatch,develop,112,success,8bfd60f7bed43b2ff2ecf0fc2ba6608a662fa370,866709314024573fb640ee5c9e105322d5fac818,no,EPYC 7763,AMD EPYC 7763 64-Core Processor,4,go1.26.8,12,25,1.0046,1.0021,1.0094,0.9695,1.0477,0.9995,0,https://github.com/brandopakel/keel/actions/runs/37259545060
11323784337,37259568427,2026-10-05T03:28:19Z,workflow_dispatch,develop,112,success,8bfd60f7bed43b2ff2ecf0fc2ba6608a662fa370,866709314024573fb640ee5c9e105322d5fac818,no,EPYC 9V45,AMD EPYC 9V45 96-Core Processor,4,go1.26.8,12,25,0.9979,0.9872,1.0123,0.9605,1.0442,0.9987,0,https://github.com/brandopakel/keel/actions/runs/37259568427
11324513130,37262287443,2026-10-05T04:09:33Z,pull_request,refactor/engine-persistence-counters,114,success,00bdf968c150fd6decfec1e8fe380a4854a31f2b,95b3942d0412a8f86e8008bc1415f015f45a08e7,no,EPYC 9V45,AMD EPYC 9V45 96-Core Processor,4,go1.26.8,12,25,0.9995,0.9823,1.009,0.936,1.0493,1.0068,0,https://github.com/brandopakel/keel/actions/runs/37262287443
11324428323,37262288164,2026-10-05T04:09:34Z,workflow_dispatch,develop,113,success,00bdf968c150fd6decfec1e8fe380a4854a31f2b,5f25ee461feabd49b7f61d79fcccf86e7573b4a5,no,EPYC 7763,AMD EPYC 7763 64-Core Processor,4,go1.26.8,12,25,0.9913,0.9854,0.9961,0.9609,1.0594,0.9973,0,https://github.com/brandopakel/keel/actions/runs/37262288164
11324574603,37262307007,2026-10-05T04:09:50Z,workflow_dispatch,develop,113,success,00bdf968c150fd6decfec1e8fe380a4854a31f2b,5f25ee461feabd49b7f61d79fcccf86e7573b4a5,no,EPYC 7763,AMD EPYC 7763 64-Core Processor,4,go1.26.8,12,25,0.9938,0.9898,0.9969,0.9513,1.0621,0.9997,0,https://github.com/brandopakel/keel/actions/runs/37262307007
11325352907,37262325701,2026-10-05T04:10:07Z,workflow_dispatch,develop,113,success,65ebdbc3c49364f5b2c2828d326ca2e07f1a6a46,5f25ee461feabd49b7f61d79fcccf86e7573b4a5,no,Xeon 8573C,INTEL(R) XEON(R) PLATINUM 8573C,4,go1.26.8,12,25,0.8527,0.8502,0.8582,0.6929,1.0173,0.9993,0,https://github.com/brandopakel/keel/actions/runs/37262325701
11325163640,37262346675,2026-10-05T04:10:24Z,workflow_dispatch,develop,113,success,40eb2f6f1b0cec55476e5036f890be1a6a4235dc,5f25ee461feabd49b7f61d79fcccf86e7573b4a5,no,Xeon 8573C,INTEL(R) XEON(R) PLATINUM 8573C,4,go1.26.8,12,25,0.9878,0.9826,1.003,0.9606,1.0507,0.9894,0,https://github.com/brandopakel/keel/actions/runs/37262346675
11326046402,37263928601,2026-10-05T04:31:54Z,workflow_dispatch,develop,113,success,00bdf968c150fd6decfec1e8fe380a4854a31f2b,5f25ee461feabd49b7f61d79fcccf86e7573b4a5,no,EPYC 7763,AMD EPYC 7763 64-Core Processor,4,go1.26.8,12,25,0.9961,0.9904,0.9983,0.9481,1.0569,0.9982,0,https://github.com/brandopakel/keel/actions/runs/37263928601
11325542669,37263982622,2026-10-05T04:32:39Z,pull_request,refactor/engine-persistence-counters,114,success,00bdf968c150fd6decfec1e8fe380a4854a31f2b,c925061d56d50083f483cbe7972cdb9772385f7c,no,Xeon 8370C,Intel(R) Xeon(R) Platinum 8370C CPU @ 2.80GHz,4,go1.26.8,12,25,1.0043,0.9992,1.0079,0.9773,1.0244,0.9983,0,https://github.com/brandopakel/keel/actions/runs/37263982622
11325539613,37265149623,2026-10-05T04:49:14Z,pull_request,refactor/engine-persistence-counters,114,success,00bdf968c150fd6decfec1e8fe380a4854a31f2b,82cab5acbea3dea856fa6152edc427a971806562,no,EPYC 7763,AMD EPYC 7763 64-Core Processor,4,go1.26.8,12,25,0.9883,0.9835,0.9913,0.9471,1.0404,0.999,0,https://github.com/brandopakel/keel/actions/runs/37265149623
11326509005,37266792846,2026-10-05T05:13:10Z,workflow_dispatch,develop,114,success,65ebdbc3c49364f5b2c2828d326ca2e07f1a6a46,9736d8d5698fd621fcdb1e816bb8a02ed9b0c7cd,no,EPYC 9V74,AMD EPYC 9V74 80-Core Processor,4,go1.26.8,12,25,0.8846,0.8828,0.8907,0.7559,1.028,0.9968,0,https://github.com/brandopakel/keel/actions/runs/37266792846
11327366727,37266806985,2026-10-05T05:13:22Z,workflow_dispatch,develop,114,success,40eb2f6f1b0cec55476e5036f890be1a6a4235dc,9736d8d5698fd621fcdb1e816bb8a02ed9b0c7cd,no,EPYC 7763,AMD EPYC 7763 64-Core Processor,4,go1.26.8,12,25,1.0009,0.9988,1.0037,0.9692,1.0618,0.9998,0,https://github.com/brandopakel/keel/actions/runs/37266806985
11328132488,37270076490,2026-10-05T05:57:30Z,pull_request,refactor/engine-replication-replica,115,success,9736d8d5698fd621fcdb1e816bb8a02ed9b0c7cd,7cf141eae864e3b6cda2364300741781704ff44c,no,EPYC 9V74,AMD EPYC 9V74 80-Core Processor,4,go1.26.8,12,30,0.9958,0.9925,0.9986,0.9736,1.0133,0.9989,0,https://github.com/brandopakel/keel/actions/runs/37270076490
11327438857,37270083013,2026-10-05T05:57:35Z,workflow_dispatch,refactor/engine-replication-replica,115,success,65ebdbc3c49364f5b2c2828d326ca2e07f1a6a46,6fa50bc44beb74b1bbde54f1e6a43571f80b4e4f,no,EPYC 7763,AMD EPYC 7763 64-Core Processor,4,go1.26.8,12,30,0.9134,0.9018,0.9263,0.7747,1.0502,1.0047,0,https://github.com/brandopakel/keel/actions/runs/37270083013
11328346894,37270101226,2026-10-05T05:57:50Z,workflow_dispatch,refactor/engine-replication-replica,115,success,9736d8d5698fd621fcdb1e816bb8a02ed9b0c7cd,6fa50bc44beb74b1bbde54f1e6a43571f80b4e4f,no,EPYC 7763,AMD EPYC 7763 64-Core Processor,4,go1.26.8,12,30,1.0048,1.0021,1.009,0.9689,1.0379,0.9974,0,https://github.com/brandopakel/keel/actions/runs/37270101226
11328646952,37270568795,2026-10-05T06:04:01Z,workflow_dispatch,refactor/engine-replication-replica,115,success,65ebdbc3c49364f5b2c2828d326ca2e07f1a6a46,6fa50bc44beb74b1bbde54f1e6a43571f80b4e4f,no,Xeon 8573C,INTEL(R) XEON(R) PLATINUM 8573C,4,go1.26.8,12,30,0.861,0.8573,0.8646,0.688,1.0633,0.9984,0,https://github.com/brandopakel/keel/actions/runs/37270568795
11328338707,37271073777,2026-10-05T06:10:21Z,pull_request,refactor/engine-replication-replica,115,success,9736d8d5698fd621fcdb1e816bb8a02ed9b0c7cd,d9e265d767ce0755b5c10a49dfcea8188b8b5fa9,no,EPYC 7763,AMD EPYC 7763 64-Core Processor,4,go1.26.8,12,30,0.9972,0.9931,1.0003,0.9596,1.0386,0.9996,0,https://github.com/brandopakel/keel/actions/runs/37271073777
11327734283,37271209410,2026-10-05T06:11:57Z,workflow_dispatch,refactor/engine-replication-replica,115,success,65ebdbc3c49364f5b2c2828d326ca2e07f1a6a46,0a8e97e7c02a4b2b3fdfcc9c2cfa5df189f403a6,no,EPYC 9V74,AMD EPYC 9V74 80-Core Processor,4,go1.26.8,12,30,0.9184,0.914,0.9219,0.7767,1.0202,0.9982,0,https://github.com/brandopakel/keel/actions/runs/37271209410
11329172935,37273193704,2026-10-05T06:35:28Z,pull_request,refactor/engine-replication-primary,116,success,d3df78877aa9824b38eefcada8716f21785c0fa6,2f2d599a2da52c048614b4bca99adff7050de665,no,EPYC 9V45,AMD EPYC 9V45 96-Core Processor,4,go1.26.8,12,30,1.0128,0.9999,1.0208,0.9489,1.0717,1.0029,0,https://github.com/brandopakel/keel/actions/runs/37273193704
11328639058,37273199591,2026-10-05T06:35:32Z,workflow_dispatch,develop,115,success,d3df78877aa9824b38eefcada8716f21785c0fa6,336f8741dde6bc7582e226d2425eef9330b90f1d,no,EPYC 7763,AMD EPYC 7763 64-Core Processor,4,go1.26.8,12,30,1.0115,1.0079,1.0145,0.9762,1.057,0.9988,0,https://github.com/brandopakel/keel/actions/runs/37273199591
11329092172,37273201988,2026-10-05T06:35:34Z,workflow_dispatch,develop,115,success,65ebdbc3c49364f5b2c2828d326ca2e07f1a6a46,336f8741dde6bc7582e226d2425eef9330b90f1d,no,EPYC 9V45,AMD EPYC 9V45 96-Core Processor,4,go1.26.8,12,30,0.9199,0.9143,0.9289,0.7925,1.0113,1.0006,0,https://github.com/brandopakel/keel/actions/runs/37273201988
11329283995,37273926667,2026-10-05T06:44:14Z,workflow_dispatch,develop,115,success,d3df78877aa9824b38eefcada8716f21785c0fa6,336f8741dde6bc7582e226d2425eef9330b90f1d,no,EPYC 7763,AMD EPYC 7763 64-Core Processor,4,go1.26.8,12,30,1.013,1.0055,1.0189,0.9746,1.0665,1.0002,0,https://github.com/brandopakel/keel/actions/runs/37273926667
11328929763,37273929242,2026-10-05T06:44:16Z,workflow_dispatch,develop,115,success,d3df78877aa9824b38eefcada8716f21785c0fa6,336f8741dde6bc7582e226d2425eef9330b90f1d,no,EPYC 7763,AMD EPYC 7763 64-Core Processor,4,go1.26.8,12,30,1.009,1.0051,1.0144,0.9616,1.0673,0.9992,0,https://github.com/brandopakel/keel/actions/runs/37273929242
11330320050,37274620296,2026-10-05T06:52:17Z,workflow_dispatch,develop,115,success,d3df78877aa9824b38eefcada8716f21785c0fa6,bd25291c755131dbbf69b2abb385e831d66e9a15,no,EPYC 7763,AMD EPYC 7763 64-Core Processor,4,go1.26.8,12,30,0.9927,0.9911,0.9966,0.957,1.0292,1.0003,0,https://github.com/brandopakel/keel/actions/runs/37274620296
11329458455,37274623136,2026-10-05T06:52:19Z,workflow_dispatch,develop,115,success,d3df78877aa9824b38eefcada8716f21785c0fa6,bd25291c755131dbbf69b2abb385e831d66e9a15,no,EPYC 7763,AMD EPYC 7763 64-Core Processor,4,go1.26.8,12,30,0.9955,0.9918,0.9995,0.9619,1.025,0.9995,0,https://github.com/brandopakel/keel/actions/runs/37274623136
11330037841,37275568549,2026-10-05T07:03:02Z,pull_request,refactor/engine-replication-primary,116,success,d3df78877aa9824b38eefcada8716f21785c0fa6,91cfe40e171024ed91a33eda6e7d894efe209fad,no,EPYC 9V74,AMD EPYC 9V74 80-Core Processor,4,go1.26.8,12,30,1.0001,0.9972,1.0029,0.9757,1.0431,1.0005,0,https://github.com/brandopakel/keel/actions/runs/37275568549
11330624005,37277200322,2026-10-05T07:20:29Z,pull_request,refactor/engine-replication-failover,117,success,a303e41fa80020f0b3d190716ecb36debd655b69,cc8e8d92fe5cc5968baf6bfcd9c5c3f174c0e2b3,no,EPYC 7763,AMD EPYC 7763 64-Core Processor,4,go1.26.8,12,30,0.9901,0.9831,0.9948,0.9307,1.0166,0.9992,0,https://github.com/brandopakel/keel/actions/runs/37277200322
11331470070,37277206037,2026-10-05T07:20:33Z,workflow_dispatch,develop,116,success,a303e41fa80020f0b3d190716ecb36debd655b69,c3fc7b7e7b435bcb30da68c0521b9abcb91cd196,no,EPYC 7763,AMD EPYC 7763 64-Core Processor,4,go1.26.8,12,30,0.9846,0.9804,0.9914,0.9325,1.0086,0.9999,0,https://github.com/brandopakel/keel/actions/runs/37277206037
11331520398,37277208375,2026-10-05T07:20:35Z,workflow_dispatch,develop,116,success,65ebdbc3c49364f5b2c2828d326ca2e07f1a6a46,c3fc7b7e7b435bcb30da68c0521b9abcb91cd196,no,EPYC 7763,AMD EPYC 7763 64-Core Processor,4,go1.26.8,12,30,0.9099,0.9055,0.9158,0.8003,1.0225,0.9982,0,https://github.com/brandopakel/keel/actions/runs/37277208375
11331685787,37278197933,2026-10-05T07:31:16Z,workflow_dispatch,develop,116,success,a303e41fa80020f0b3d190716ecb36debd655b69,c3fc7b7e7b435bcb30da68c0521b9abcb91cd196,no,EPYC 7763,AMD EPYC 7763 64-Core Processor,4,go1.26.8,12,30,0.9903,0.9818,0.9941,0.9266,1.0167,1.0034,0,https://github.com/brandopakel/keel/actions/runs/37278197933
11358025988,37338519258,2026-10-05T16:08:42Z,pull_request,refactor/engine-replication-failover,117,success,a303e41fa80020f0b3d190716ecb36debd655b69,27c17b0e82550b101ab71773dd835c73cc38c058,no,EPYC 7763,AMD EPYC 7763 64-Core Processor,4,go1.26.8,12,30,0.9841,0.9773,0.9884,0.9318,1.0112,0.9968,0,https://github.com/brandopakel/keel/actions/runs/37338519258
11359164451,37343277279,2026-10-05T16:45:33Z,pull_request,refactor/engine-options-limits,118,success,d56088aeec0049088d6f4daf69bff17e6f309c43,0571cde72c044d7d7a3577700bb83f11db3be796,no,EPYC 7763,AMD EPYC 7763 64-Core Processor,4,go1.26.8,12,30,1.002,0.9995,1.0063,0.9718,1.039,0.9997,0,https://github.com/brandopakel/keel/actions/runs/37343277279
11360140870,37343300812,2026-10-05T16:45:44Z,workflow_dispatch,develop,117,success,d56088aeec0049088d6f4daf69bff17e6f309c43,e9db140e6b4577b8419a5d38b6894204711c7209,no,Xeon 8370C,Intel(R) Xeon(R) Platinum 8370C CPU @ 2.80GHz,4,go1.26.8,12,30,1.0008,0.9969,1.0036,0.9718,1.0175,0.9993,0,https://github.com/brandopakel/keel/actions/runs/37343300812
11358839578,37343310002,2026-10-05T16:45:48Z,workflow_dispatch,develop,117,success,d56088aeec0049088d6f4daf69bff17e6f309c43,e9db140e6b4577b8419a5d38b6894204711c7209,no,EPYC 7763,AMD EPYC 7763 64-Core Processor,4,go1.26.8,12,30,1.0025,0.9988,1.0063,0.9766,1.0513,1.0,0,https://github.com/brandopakel/keel/actions/runs/37343310002
11359781525,37343318107,2026-10-05T16:45:52Z,workflow_dispatch,refactor/engine-options-limits,118,success,65ebdbc3c49364f5b2c2828d326ca2e07f1a6a46,e9db140e6b4577b8419a5d38b6894204711c7209,no,EPYC 7763,AMD EPYC 7763 64-Core Processor,4,go1.26.8,12,30,0.9087,0.9067,0.9145,0.7846,1.0116,1.0021,0,https://github.com/brandopakel/keel/actions/runs/37343318107
11360646092,37344793943,2026-10-05T16:57:31Z,workflow_dispatch,develop,117,success,d56088aeec0049088d6f4daf69bff17e6f309c43,e9db140e6b4577b8419a5d38b6894204711c7209,no,EPYC 7763,AMD EPYC 7763 64-Core Processor,4,go1.26.8,12,30,1.0071,1.0029,1.0103,0.978,1.0459,1.0016,0,https://github.com/brandopakel/keel/actions/runs/37344793943
11359748191,37344804315,2026-10-05T16:57:36Z,workflow_dispatch,develop,117,success,d56088aeec0049088d6f4daf69bff17e6f309c43,e9db140e6b4577b8419a5d38b6894204711c7209,no,EPYC 7763,AMD EPYC 7763 64-Core Processor,4,go1.26.8,12,30,1.0034,1.001,1.0072,0.9803,1.0482,1.002,0,https://github.com/brandopakel/keel/actions/runs/37344804315
11360312400,37345196280,2026-10-05T17:00:42Z,workflow_dispatch,develop,117,success,d56088aeec0049088d6f4daf69bff17e6f309c43,ea912ade5bd69e8d1df272c8cf943f3d26d21021,no,Xeon 8370C,Intel(R) Xeon(R) Platinum 8370C CPU @ 2.80GHz,4,go1.26.8,12,30,1.0027,0.9984,1.0071,0.9596,1.0392,1.0002,0,https://github.com/brandopakel/keel/actions/runs/37345196280
11359654578,37345207916,2026-10-05T17:00:47Z,workflow_dispatch,develop,117,success,d56088aeec0049088d6f4daf69bff17e6f309c43,ea912ade5bd69e8d1df272c8cf943f3d26d21021,no,EPYC 7763,AMD EPYC 7763 64-Core Processor,4,go1.26.8,12,30,1.0062,1.0,1.0087,0.9713,1.0461,1.0,0,https://github.com/brandopakel/keel/actions/runs/37345207916
11360158292,37345244049,2026-10-05T17:01:03Z,pull_request,refactor/engine-options-limits,118,success,d56088aeec0049088d6f4daf69bff17e6f309c43,809e89af50741886659a8e7c4cb87d9944606e89,no,EPYC 7763,AMD EPYC 7763 64-Core Processor,4,go1.26.8,12,30,1.0051,1.002,1.0094,0.9721,1.0429,1.0011,0,https://github.com/brandopakel/keel/actions/runs/37345244049
11360003046,37345245858,2026-10-05T17:01:04Z,workflow_dispatch,develop,117,success,d56088aeec0049088d6f4daf69bff17e6f309c43,7f1bc8a0cdb2120899f9c195f0f950b6e0699841,no,EPYC 9V74,AMD EPYC 9V74 80-Core Processor,4,go1.26.8,12,30,0.9993,0.9959,1.0051,0.9711,1.0442,1.0,0,https://github.com/brandopakel/keel/actions/runs/37345245858
11360504617,37346778219,2026-10-05T17:13:13Z,workflow_dispatch,develop,117,success,d56088aeec0049088d6f4daf69bff17e6f309c43,efc4eab3faad3c6dc8dce8555ab7f02ca6ef3941,no,EPYC 9V74,AMD EPYC 9V74 80-Core Processor,4,go1.26.8,12,30,1.0103,1.0045,1.0127,0.9813,1.0386,1.0007,0,https://github.com/brandopakel/keel/actions/runs/37346778219
11360723311,37346788098,2026-10-05T17:13:18Z,workflow_dispatch,develop,117,success,d56088aeec0049088d6f4daf69bff17e6f309c43,efc4eab3faad3c6dc8dce8555ab7f02ca6ef3941,no,EPYC 7763,AMD EPYC 7763 64-Core Processor,4,go1.26.8,12,30,1.007,1.0025,1.0113,0.974,1.0342,0.9981,0,https://github.com/brandopakel/keel/actions/runs/37346788098
11360269113,37346797782,2026-10-05T17:13:23Z,workflow_dispatch,develop,117,success,d56088aeec0049088d6f4daf69bff17e6f309c43,efc4eab3faad3c6dc8dce8555ab7f02ca6ef3941,no,EPYC 7763,AMD EPYC 7763 64-Core Processor,4,go1.26.8,12,30,1.0105,1.0022,1.0159,0.9772,1.0354,1.0013,0,https://github.com/brandopakel/keel/actions/runs/37346797782
11361077569,37347561948,2026-10-05T17:19:27Z,workflow_dispatch,develop,117,success,d56088aeec0049088d6f4daf69bff17e6f309c43,db3992eb6bbe3a01df6f77150a32b8428cf96a3e,no,EPYC 7763,AMD EPYC 7763 64-Core Processor,4,go1.26.8,12,30,1.0119,1.0085,1.0162,0.9439,1.0679,0.9989,0,https://github.com/brandopakel/keel/actions/runs/37347561948
11361636186,37347568631,2026-10-05T17:19:31Z,pull_request,refactor/engine-options-limits,118,success,d56088aeec0049088d6f4daf69bff17e6f309c43,c61aecaa65ed4001f4a94c3e8a32ab025f7a0260,no,EPYC 7763,AMD EPYC 7763 64-Core Processor,4,go1.26.8,12,30,1.0113,1.0074,1.0164,0.9789,1.0714,0.9991,0,https://github.com/brandopakel/keel/actions/runs/37347568631
11361646780,37347572291,2026-10-05T17:19:32Z,workflow_dispatch,develop,117,success,d56088aeec0049088d6f4daf69bff17e6f309c43,db3992eb6bbe3a01df6f77150a32b8428cf96a3e,no,EPYC 9V45,AMD EPYC 9V45 96-Core Processor,4,go1.26.8,12,30,1.007,0.9925,1.0219,0.9707,1.0869,0.9978,0,https://github.com/brandopakel/keel/actions/runs/37347572291
11360993055,37347582930,2026-10-05T17:19:38Z,workflow_dispatch,refactor/engine-options-limits,118,success,65ebdbc3c49364f5b2c2828d326ca2e07f1a6a46,db3992eb6bbe3a01df6f77150a32b8428cf96a3e,no,EPYC 7763,AMD EPYC 7763 64-Core Processor,4,go1.26.8,12,30,0.9134,0.9097,0.9195,0.7943,1.004,1.0009,0,https://github.com/brandopakel/keel/actions/runs/37347582930
11361033852,37348528790,2026-10-05T17:27:12Z,workflow_dispatch,develop,117,success,d56088aeec0049088d6f4daf69bff17e6f309c43,e4e0a44e359d0b3f0336dbb996430ba58a27c402,no,EPYC 7763,AMD EPYC 7763 64-Core Processor,4,go1.26.8,12,30,1.0034,1.0008,1.0059,0.9775,1.0509,0.9997,0,https://github.com/brandopakel/keel/actions/runs/37348528790
11361643000,37348535126,2026-10-05T17:27:15Z,pull_request,refactor/engine-options-limits,118,success,d56088aeec0049088d6f4daf69bff17e6f309c43,7e27c79c567083214f831ae5cf7f96c065869e1d,no,EPYC 7763,AMD EPYC 7763 64-Core Processor,4,go1.26.8,12,30,1.0044,0.9988,1.0097,0.9773,1.0371,1.0007,0,https://github.com/brandopakel/keel/actions/runs/37348535126
11361188134,37348539294,2026-10-05T17:27:17Z,workflow_dispatch,refactor/engine-options-limits,118,success,65ebdbc3c49364f5b2c2828d326ca2e07f1a6a46,e4e0a44e359d0b3f0336dbb996430ba58a27c402,no,EPYC 9V74,AMD EPYC 9V74 80-Core Processor,4,go1.26.8,12,30,0.9084,0.9027,0.9139,0.7714,1.0327,1.0011,0,https://github.com/brandopakel/keel/actions/runs/37348539294
11361034125,37348675758,2026-10-05T17:28:23Z,workflow_dispatch,develop,117,success,e4e0a44e359d0b3f0336dbb996430ba58a27c402,eaf69f5a7f9d11b995e9454fadfd2dc0b17e5a6b,no,EPYC 9V74,AMD EPYC 9V74 80-Core Processor,4,go1.26.8,12,30,0.9984,0.9942,1.0001,0.9657,1.0372,0.9984,0,https://github.com/brandopakel/keel/actions/runs/37348675758
11362390620,37348683897,2026-10-05T17:28:27Z,workflow_dispatch,develop,117,success,d56088aeec0049088d6f4daf69bff17e6f309c43,eaf69f5a7f9d11b995e9454fadfd2dc0b17e5a6b,no,EPYC 7763,AMD EPYC 7763 64-Core Processor,4,go1.26.8,12,30,0.9966,0.9904,1.0026,0.968,1.0202,0.9998,0,https://github.com/brandopakel/keel/actions/runs/37348683897
11361219985,37349366573,2026-10-05T17:33:54Z,pull_request,refactor/engine-options-limits,118,success,d56088aeec0049088d6f4daf69bff17e6f309c43,0e44b39dbb7cd3c86dc56127a559863440990eab,no,EPYC 9V45,AMD EPYC 9V45 96-Core Processor,4,go1.26.8,12,30,0.9866,0.9828,0.9901,0.9521,1.0058,1.0005,0,https://github.com/brandopakel/keel/actions/runs/37349366573
11362955263,37349385129,2026-10-05T17:34:03Z,pull_request,refactor/engine-options-limits,118,success,d56088aeec0049088d6f4daf69bff17e6f309c43,31be711727a0f11569d2329501c056c7bde91632,no,EPYC 7763,AMD EPYC 7763 64-Core Processor,4,go1.26.8,12,30,1.0065,1.0031,1.0099,0.9824,1.0458,0.999,0,https://github.com/brandopakel/keel/actions/runs/37349385129
11362781840,37350699043,2026-10-05T17:44:38Z,workflow_dispatch,develop,117,success,eaf69f5a7f9d11b995e9454fadfd2dc0b17e5a6b,11b9c554cd848377e7cff387974b443633026335,no,EPYC 9V74,AMD EPYC 9V74 80-Core Processor,4,go1.26.8,12,30,1.0032,0.9999,1.0072,0.9932,1.0223,0.9986,0,https://github.com/brandopakel/keel/actions/runs/37350699043
11363077011,37352120322,2026-10-05T17:55:54Z,pull_request,refactor/engine-options-limits,118,success,d56088aeec0049088d6f4daf69bff17e6f309c43,c40e62a1d6010b101ddf38fd7011c9fe47b031ba,no,EPYC 7763,AMD EPYC 7763 64-Core Processor,4,go1.26.8,12,30,1.0045,1.0026,1.0101,0.9819,1.0442,1.0004,0,https://github.com/brandopakel/keel/actions/runs/37352120322
11364511712,37354973216,2026-10-05T18:18:38Z,pull_request,refactor/engine-options-limits,118,success,d56088aeec0049088d6f4daf69bff17e6f309c43,4b20312abf972227382c2e099f1c06cb046fd821,no,EPYC 7763,AMD EPYC 7763 64-Core Processor,4,go1.26.8,12,30,1.0016,0.9979,1.0072,0.9788,1.0422,0.9999,0,https://github.com/brandopakel/keel/actions/runs/37354973216
11364803714,37357453592,2026-10-05T18:38:19Z,pull_request,refactor/engine-options-engine,119,success,c4e4001926f89a851b033f94dc38e9d403877324,1a6405aeefd7c26e2dc72ec092dbfeb7a5eb5139,no,EPYC 7763,AMD EPYC 7763 64-Core Processor,4,go1.26.8,12,30,0.992,0.9881,0.9961,0.9699,1.0225,0.9996,0,https://github.com/brandopakel/keel/actions/runs/37357453592
11365497218,37357463486,2026-10-05T18:38:24Z,workflow_dispatch,develop,118,success,c4e4001926f89a851b033f94dc38e9d403877324,a24db3b695f2524e0d5b7bcd8286e71351894c8c,no,Xeon 8573C,INTEL(R) XEON(R) PLATINUM 8573C,4,go1.26.8,12,30,0.9896,0.9864,0.9923,0.9595,1.0207,1.0005,0,https://github.com/brandopakel/keel/actions/runs/37357463486
11364809050,37357473916,2026-10-05T18:38:29Z,workflow_dispatch,develop,118,success,c4e4001926f89a851b033f94dc38e9d403877324,a24db3b695f2524e0d5b7bcd8286e71351894c8c,no,EPYC 7763,AMD EPYC 7763 64-Core Processor,4,go1.26.8,12,30,0.9897,0.9862,0.9951,0.9594,1.0184,1.0001,0,https://github.com/brandopakel/keel/actions/runs/37357473916
11365008709,37357485041,2026-10-05T18:38:34Z,workflow_dispatch,develop,118,success,65ebdbc3c49364f5b2c2828d326ca2e07f1a6a46,a24db3b695f2524e0d5b7bcd8286e71351894c8c,no,EPYC 9V74,AMD EPYC 9V74 80-Core Processor,4,go1.26.8,12,30,0.9017,0.8942,0.9069,0.7582,1.018,0.9974,0,https://github.com/brandopakel/keel/actions/runs/37357485041
11365459392,37358902551,2026-10-05T18:49:49Z,pull_request,refactor/engine-options-engine,119,success,c4e4001926f89a851b033f94dc38e9d403877324,93ceb21629357bdde956cd07713036185a20af1b,no,EPYC 7763,AMD EPYC 7763 64-Core Processor,4,go1.26.8,12,30,0.9906,0.9867,0.993,0.9702,1.0139,1.0018,0,https://github.com/brandopakel/keel/actions/runs/37358902551
11367116964,37361184023,2026-10-05T19:08:01Z,pull_request,refactor/engine-options-server,120,success,c806351baf23b18a20b177ae846e66321f203525,261e65df1810820da2474598f4e8e94bca04f130,no,EPYC 7763,AMD EPYC 7763 64-Core Processor,4,go1.26.8,12,30,0.9977,0.9932,1.0012,0.9887,1.0052,0.9999,0,https://github.com/brandopakel/keel/actions/runs/37361184023
11367670951,37361189623,2026-10-05T19:08:04Z,workflow_dispatch,develop,119,success,c806351baf23b18a20b177ae846e66321f203525,59712dace46079c8d0280c78aeeea48f1708272d,no,EPYC 7763,AMD EPYC 7763 64-Core Processor,4,go1.26.8,12,30,1.0014,0.9993,1.0031,0.9878,1.0105,1.0009,0,https://github.com/brandopakel/keel/actions/runs/37361189623
11366498772,37361199744,2026-10-05T19:08:09Z,workflow_dispatch,develop,119,success,c806351baf23b18a20b177ae846e66321f203525,59712dace46079c8d0280c78aeeea48f1708272d,no,EPYC 9V45,AMD EPYC 9V45 96-Core Processor,4,go1.26.8,12,30,1.0,0.9866,1.0077,0.9721,1.017,0.9935,0,https://github.com/brandopakel/keel/actions/runs/37361199744
11367745748,37361209586,2026-10-05T19:08:14Z,workflow_dispatch,develop,119,success,65ebdbc3c49364f5b2c2828d326ca2e07f1a6a46,59712dace46079c8d0280c78aeeea48f1708272d,no,EPYC 7763,AMD EPYC 7763 64-Core Processor,4,go1.26.8,12,30,0.9169,0.9049,0.9229,0.7737,1.0111,1.001,0,https://github.com/brandopakel/keel/actions/runs/37361209586
11369787714,37368773027,2026-10-05T20:17:05Z,pull_request,refactor/engine-options-server,120,success,c806351baf23b18a20b177ae846e66321f203525,888fcbb99c602333c63a41a752d71b598d331c77,no,EPYC 9V74,AMD EPYC 9V74 80-Core Processor,4,go1.26.8,12,30,1.0004,0.9975,1.0041,0.988,1.0115,0.9998,0,https://github.com/brandopakel/keel/actions/runs/37368773027
11393449270,37423218588,2026-10-06T06:20:50Z,pull_request,fix/maxkeys-unbounded-default,121,success,988218d06f08047d4e4e7e06df5c0f2aaab47133,0aba2faa9e655f9fdf58da8033842b7e57c8f035,no,EPYC 9V74,AMD EPYC 9V74 80-Core Processor,4,go1.26.8,12,30,1.0017,0.999,1.0042,0.9918,1.0135,1.0009,0,https://github.com/brandopakel/keel/actions/runs/37423218588
11394781207,37424346425,2026-10-06T06:32:55Z,pull_request,fix/maxkeys-unbounded-default,121,success,988218d06f08047d4e4e7e06df5c0f2aaab47133,8d95392d0806f7c81b78152b5f80b5ef77a34778,no,EPYC 7763,AMD EPYC 7763 64-Core Processor,4,go1.26.8,12,30,1.0006,0.998,1.0025,0.9925,1.0073,0.9994,0,https://github.com/brandopakel/keel/actions/runs/37424346425
11394833014,37424882995,2026-10-06T06:38:35Z,pull_request,test/parallel-core-commands,122,success,988218d06f08047d4e4e7e06df5c0f2aaab47133,d1c4e1da100831d4cce1e710de39e16057167b11,no,EPYC 7763,AMD EPYC 7763 64-Core Processor,4,go1.26.8,12,30,1.0062,1.003,1.012,0.9719,1.0462,1.0001,0,https://github.com/brandopakel/keel/actions/runs/37424882995
11395172277,37424934036,2026-10-06T06:39:08Z,workflow_dispatch,develop,120,success,988218d06f08047d4e4e7e06df5c0f2aaab47133,60c4227d7808c46dbcba35fb48712400e7c3dd16,no,EPYC 7763,AMD EPYC 7763 64-Core Processor,4,go1.26.8,12,30,1.007,1.0033,1.0132,0.9726,1.0519,1.0008,0,https://github.com/brandopakel/keel/actions/runs/37424934036
11394874224,37426096323,2026-10-06T06:51:09Z,pull_request,test/parallel-core-persistence,,success,988218d06f08047d4e4e7e06df5c0f2aaab47133,dad0fcf62b49722af1da369c2f02df349655c98b,no,EPYC 9V74,AMD EPYC 9V74 80-Core Processor,4,go1.26.8,12,30,1.0076,1.0043,1.0163,0.9768,1.0556,0.9993,0,https://github.com/brandopakel/keel/actions/runs/37426096323
11432582974,37507913868,2026-10-06T18:00:17Z,pull_request,test/parallel-core-commands,122,success,988218d06f08047d4e4e7e06df5c0f2aaab47133,41b337e1dd7efb8af982ba63924e3d98f1c23a37,no,Xeon 8370C,Intel(R) Xeon(R) Platinum 8370C CPU @ 2.80GHz,4,go1.26.8,12,30,1.0056,1.0013,1.0093,0.9779,1.0319,0.9989,0,https://github.com/brandopakel/keel/actions/runs/37507913868
11432788210,37508469658,2026-10-06T18:04:25Z,pull_request,test/parallel-core-persistence,,success,0ab9855a413bb23a17c74bef73446a7c293ccd47,90e981d042138198f6679a132e4b4bc10ed4c1df,no,EPYC 9V45,AMD EPYC 9V45 96-Core Processor,4,go1.26.8,12,30,1.0032,0.9872,1.0114,0.9362,1.0533,0.9979,0,https://github.com/brandopakel/keel/actions/runs/37508469658
11434488377,37510741387,2026-10-06T18:21:58Z,pull_request,test/parallel-core-commands,122,success,988218d06f08047d4e4e7e06df5c0f2aaab47133,5d3cf052ad3f834b891846f2ebf0bac4a24dae82,no,EPYC 9V74,AMD EPYC 9V74 80-Core Processor,4,go1.26.8,12,30,1.0049,0.9989,1.0105,0.9827,1.0569,0.9984,0,https://github.com/brandopakel/keel/actions/runs/37510741387
11434983367,37510866412,2026-10-06T18:22:56Z,pull_request,test/parallel-core-persistence,,success,0ab9855a413bb23a17c74bef73446a7c293ccd47,644e57fbafed9d01b66bcfe65d18f01ee6e0ea77,no,Xeon 8573C,INTEL(R) XEON(R) PLATINUM 8573C,4,go1.26.8,12,30,1.0117,1.0042,1.0153,0.9753,1.0477,1.0002,0,https://github.com/brandopakel/keel/actions/runs/37510866412
11434579722,37512025518,2026-10-06T18:31:54Z,pull_request,test/parallel-core-commands,122,success,988218d06f08047d4e4e7e06df5c0f2aaab47133,7f0d90554a0a1223311e703076723f035bc88583,no,EPYC 7763,AMD EPYC 7763 64-Core Processor,4,go1.26.8,12,30,1.0061,1.0004,1.0104,0.9733,1.0439,1.0023,0,https://github.com/brandopakel/keel/actions/runs/37512025518
11434169884,37512047739,2026-10-06T18:32:04Z,pull_request,test/parallel-core-persistence,,success,0ab9855a413bb23a17c74bef73446a7c293ccd47,dccd034cd6d5bf18561db0a600d0e3e58811faa3,no,EPYC 7763,AMD EPYC 7763 64-Core Processor,4,go1.26.8,12,30,1.0031,0.9992,1.007,0.9593,1.0421,0.9985,0,https://github.com/brandopakel/keel/actions/runs/37512047739
11437510587,37515150371,2026-10-06T18:56:21Z,pull_request,test/parallel-core-persistence,123,success,dd31b9fe44e32fe71630564ecd2631bef51d6c3a,96330bd4b2cdbc9d599512528c9d909ff87924d8,no,EPYC 9V45,AMD EPYC 9V45 96-Core Processor,4,go1.26.8,12,30,0.9987,0.987,1.0158,0.9463,1.0337,0.9893,0,https://github.com/brandopakel/keel/actions/runs/37515150371
11435889785,37515175295,2026-10-06T18:56:33Z,workflow_dispatch,develop,122,success,dd31b9fe44e32fe71630564ecd2631bef51d6c3a,e6a77aa7218cb9d2ae2c4ca9ed6d2fffb2a65918,no,EPYC 7763,AMD EPYC 7763 64-Core Processor,4,go1.26.8,12,30,0.9998,0.9933,1.0021,0.9718,1.0191,0.9989,0,https://github.com/brandopakel/keel/actions/runs/37515175295
11440325486,37519785972,2026-10-06T19:32:52Z,pull_request,test/parallel-core-replication,124,success,7ce92a5d3505c5af21d392732975efde80614abb,bf0aa9d7d4370ba9a0d333675af92656961de5e4,no,EPYC 9V45,AMD EPYC 9V45 96-Core Processor,4,go1.26.8,12,30,1.0066,1.0008,1.0159,0.9702,1.109,1.0016,0,https://github.com/brandopakel/keel/actions/runs/37519785972
11439462279,37519796190,2026-10-06T19:32:57Z,workflow_dispatch,develop,123,success,7ce92a5d3505c5af21d392732975efde80614abb,2e2e7c7a7be92bf08d434dae9f045dea59539a22,no,EPYC 9V45,AMD EPYC 9V45 96-Core Processor,4,go1.26.8,12,30,1.005,1.0012,1.013,0.9677,1.0837,0.9976,0,https://github.com/brandopakel/keel/actions/runs/37519796190
11440529766,37522827988,2026-10-06T19:57:51Z,workflow_dispatch,develop,123,success,7ce92a5d3505c5af21d392732975efde80614abb,2e2e7c7a7be92bf08d434dae9f045dea59539a22,no,Xeon 8573C,INTEL(R) XEON(R) PLATINUM 8573C,4,go1.26.8,12,30,0.9992,0.9913,1.0151,0.9726,1.0416,1.0035,0,https://github.com/brandopakel/keel/actions/runs/37522827988
11441196711,37523233955,2026-10-06T20:01:00Z,pull_request,test/parallel-core-replication,124,success,7ce92a5d3505c5af21d392732975efde80614abb,1fda314a89de2daca01018c3388819ec7d27a084,no,Xeon 8573C,INTEL(R) XEON(R) PLATINUM 8573C,4,go1.26.8,12,30,1.0014,0.9982,1.003,0.9765,1.0332,1.0008,0,https://github.com/brandopakel/keel/actions/runs/37523233955
11441574075,37525200703,2026-10-06T20:16:32Z,pull_request,test/parallel-cmd-keel,,success,f9d3f69b9052e2ae80e372b1ed613b1074054958,3a8efa753023b92f2b1610d22d7a4dc38de6ca39,yes,EPYC 9V74,AMD EPYC 9V74 80-Core Processor,4,go1.26.8,12,30,1.0011,0.9972,1.0033,0.9877,1.0112,1.0019,0,https://github.com/brandopakel/keel/actions/runs/37525200703
11441379407,37525212239,2026-10-06T20:16:37Z,workflow_dispatch,develop,124,success,f9d3f69b9052e2ae80e372b1ed613b1074054958,97df79dc8ed9ef9b07b142204eec991e33158687,yes,EPYC 9V45,AMD EPYC 9V45 96-Core Processor,4,go1.26.8,12,30,1.0034,0.9968,1.009,0.9856,1.0202,0.9988,0,https://github.com/brandopakel/keel/actions/runs/37525212239
11442411616,37525216663,2026-10-06T20:16:39Z,pull_request,test/parallel-cmd-keel,,success,f9d3f69b9052e2ae80e372b1ed613b1074054958,6c232fd9bcfc1662f5853f21a1c28c406b70d329,yes,EPYC 7763,AMD EPYC 7763 64-Core Processor,4,go1.26.8,12,30,0.9971,0.9943,1.0005,0.9869,1.0138,0.9987,0,https://github.com/brandopakel/keel/actions/runs/37525216663
11441823551,37525414727,2026-10-06T20:18:14Z,pull_request,test/parallel-cmd-keel,125,success,f9d3f69b9052e2ae80e372b1ed613b1074054958,6c120b1fb3fc445d9fecf9862c200ff4cd988437,yes,EPYC 7763,AMD EPYC 7763 64-Core Processor,4,go1.26.8,12,30,1.0023,0.9991,1.0049,0.9949,1.0242,0.999,0,https://github.com/brandopakel/keel/actions/runs/37525414727
11443458413,37529080587,2026-10-06T20:47:16Z,pull_request,test/parallel-cmd-keel,125,success,f9d3f69b9052e2ae80e372b1ed613b1074054958,91b6422b52769aef8808a496d8909d760919ca79,no,EPYC 9V74,AMD EPYC 9V74 80-Core Processor,4,go1.26.8,12,30,0.9972,0.9945,1.0021,0.9702,1.0781,0.9961,0,https://github.com/brandopakel/keel/actions/runs/37529080587
11444583334,37532031497,2026-10-06T21:11:03Z,pull_request,test/parallel-cmd-keel,125,success,f9d3f69b9052e2ae80e372b1ed613b1074054958,7f4e3b76efff373472432b5b9229389246f08500,no,EPYC 7763,AMD EPYC 7763 64-Core Processor,4,go1.26.8,12,30,1.0067,1.0026,1.0104,0.9722,1.048,0.9996,0,https://github.com/brandopakel/keel/actions/runs/37532031497
11444164440,37532264898,2026-10-06T21:12:59Z,pull_request,test/parallel-cmd-keel,125,success,f9d3f69b9052e2ae80e372b1ed613b1074054958,fad16280da5ebd64cde975a75c86b8a8dc2f212e,no,EPYC 7763,AMD EPYC 7763 64-Core Processor,4,go1.26.8,12,30,1.0055,1.0011,1.0124,0.9805,1.0653,1.0,0,https://github.com/brandopakel/keel/actions/runs/37532264898
11449519307,37543732099,2026-10-06T22:56:55Z,workflow_dispatch,develop,124,success,f9d3f69b9052e2ae80e372b1ed613b1074054958,cfff2e43ffda8776639631b6ffb7a87c735e2de1,no,EPYC 7763,AMD EPYC 7763 64-Core Processor,4,go1.26.8,12,30,1.0046,1.0009,1.0097,0.9742,1.0485,1.0,0,https://github.com/brandopakel/keel/actions/runs/37543732099
11452056129,37548612119,2026-10-06T23:48:59Z,workflow_dispatch,refactor/remove-default-engine-2,,success,0bcb1f6483e13bd4c882c1f384f93363f070b3c3,e4c9f00888e97a1f86f13d669f091f9671160b1f,no,EPYC 9V45,AMD EPYC 9V45 96-Core Processor,4,go1.26.8,12,30,0.9972,0.9926,1.0043,0.9698,1.0243,0.9986,0,https://github.com/brandopakel/keel/actions/runs/37548612119
11451433648,37548614562,2026-10-06T23:49:01Z,workflow_dispatch,refactor/remove-default-engine-2,,success,0bcb1f6483e13bd4c882c1f384f93363f070b3c3,e4c9f00888e97a1f86f13d669f091f9671160b1f,no,EPYC 7763,AMD EPYC 7763 64-Core Processor,4,go1.26.8,12,30,1.0058,1.0046,1.0115,0.9826,1.0359,0.9983,0,https://github.com/brandopakel/keel/actions/runs/37548614562
11452196003,37548617235,2026-10-06T23:49:02Z,workflow_dispatch,refactor/remove-default-engine-2,,success,65ebdbc3c49364f5b2c2828d326ca2e07f1a6a46,e4c9f00888e97a1f86f13d669f091f9671160b1f,no,EPYC 9V45,AMD EPYC 9V45 96-Core Processor,4,go1.26.8,12,30,0.8678,0.8633,0.8882,0.7781,1.0201,1.0024,0,https://github.com/brandopakel/keel/actions/runs/37548617235
11452365763,37548619696,2026-10-06T23:49:04Z,workflow_dispatch,refactor/remove-default-engine-3,,success,e4c9f00888e97a1f86f13d669f091f9671160b1f,1ef4f21148f07fa70bd42b753e2ded454b4bb2d0,no,Xeon 6973P-C,Intel(R) Xeon(R) 6973P-C,4,go1.26.8,12,30,0.993,0.9901,0.9967,0.9279,1.027,1.0016,0,https://github.com/brandopakel/keel/actions/runs/37548619696
11452200889,37548622072,2026-10-06T23:49:05Z,workflow_dispatch,refactor/remove-default-engine-3,,success,e4c9f00888e97a1f86f13d669f091f9671160b1f,1ef4f21148f07fa70bd42b753e2ded454b4bb2d0,no,EPYC 9V74,AMD EPYC 9V74 80-Core Processor,4,go1.26.8,12,30,0.9982,0.9936,1.0074,0.9689,1.0292,0.9976,0,https://github.com/brandopakel/keel/actions/runs/37548622072
11452281506,37548624586,2026-10-06T23:49:07Z,workflow_dispatch,refactor/remove-default-engine-3,,success,65ebdbc3c49364f5b2c2828d326ca2e07f1a6a46,1ef4f21148f07fa70bd42b753e2ded454b4bb2d0,no,EPYC 7763,AMD EPYC 7763 64-Core Processor,4,go1.26.8,12,30,0.9063,0.9014,0.9105,0.7937,1.0173,0.9984,0,https://github.com/brandopakel/keel/actions/runs/37548624586
11451937512,37549576598,2026-10-06T23:59:57Z,workflow_dispatch,refactor/remove-default-engine-3b,,success,1ef4f21148f07fa70bd42b753e2ded454b4bb2d0,96bf8c021569dececa63aefed077c32cb98c94a2,no,EPYC 9V45,AMD EPYC 9V45 96-Core Processor,4,go1.26.8,12,30,1.0005,0.9963,1.0118,0.9791,1.0223,0.9963,0,https://github.com/brandopakel/keel/actions/runs/37549576598
11452820277,37549578545,2026-10-06T23:59:58Z,workflow_dispatch,refactor/remove-default-engine-3b,,success,1ef4f21148f07fa70bd42b753e2ded454b4bb2d0,96bf8c021569dececa63aefed077c32cb98c94a2,no,EPYC 9V45,AMD EPYC 9V45 96-Core Processor,4,go1.26.8,12,30,1.0084,1.0016,1.0161,0.9764,1.0244,0.9988,0,https://github.com/brandopakel/keel/actions/runs/37549578545
11452082332,37549580627,2026-10-07T00:00:00Z,workflow_dispatch,refactor/remove-default-engine-3b,,success,65ebdbc3c49364f5b2c2828d326ca2e07f1a6a46,96bf8c021569dececa63aefed077c32cb98c94a2,no,Xeon 8573C,INTEL(R) XEON(R) PLATINUM 8573C,4,go1.26.8,12,30,0.8742,0.8636,0.8793,0.6848,1.0094,1.0006,0,https://github.com/brandopakel/keel/actions/runs/37549580627
11451968697,37549602431,2026-10-07T00:00:13Z,workflow_dispatch,refactor/remove-default-engine-4,,success,96bf8c021569dececa63aefed077c32cb98c94a2,f0c4332c5c35061cc0ad084b8eb3dc81a65a8c12,no,Xeon 8573C,INTEL(R) XEON(R) PLATINUM 8573C,4,go1.26.8,12,30,1.03,1.025,1.0344,0.9908,1.0797,1.0,0,https://github.com/brandopakel/keel/actions/runs/37549602431
11452242387,37549605777,2026-10-07T00:00:15Z,workflow_dispatch,refactor/remove-default-engine-4,,success,96bf8c021569dececa63aefed077c32cb98c94a2,f0c4332c5c35061cc0ad084b8eb3dc81a65a8c12,no,Xeon 8573C,INTEL(R) XEON(R) PLATINUM 8573C,4,go1.26.8,12,30,1.0318,1.0281,1.034,0.9918,1.0854,0.9999,0,https://github.com/brandopakel/keel/actions/runs/37549605777
11452397209,37549608823,2026-10-07T00:00:17Z,workflow_dispatch,refactor/remove-default-engine-4,,success,65ebdbc3c49364f5b2c2828d326ca2e07f1a6a46,f0c4332c5c35061cc0ad084b8eb3dc81a65a8c12,no,EPYC 7763,AMD EPYC 7763 64-Core Processor,4,go1.26.8,12,30,0.927,0.9227,0.9321,0.8146,1.0145,0.9997,0,https://github.com/brandopakel/keel/actions/runs/37549608823
11451899199,37550748768,2026-10-07T00:12:37Z,workflow_dispatch,refactor/remove-default-engine-4,,success,96bf8c021569dececa63aefed077c32cb98c94a2,f0c4332c5c35061cc0ad084b8eb3dc81a65a8c12,no,EPYC 7763,AMD EPYC 7763 64-Core Processor,4,go1.26.8,12,30,1.0295,1.0255,1.0345,0.9691,1.1065,0.999,0,https://github.com/brandopakel/keel/actions/runs/37550748768
11451814576,37550751402,2026-10-07T00:12:39Z,workflow_dispatch,refactor/remove-default-engine-4,,success,96bf8c021569dececa63aefed077c32cb98c94a2,f0c4332c5c35061cc0ad084b8eb3dc81a65a8c12,no,EPYC 7763,AMD EPYC 7763 64-Core Processor,4,go1.26.8,12,30,1.0299,1.0255,1.0349,0.971,1.105,0.9986,0,https://github.com/brandopakel/keel/actions/runs/37550751402
11453051266,37550776422,2026-10-07T00:12:56Z,pull_request,refactor/remove-default-engine-1,127,success,1c3094be64b26ea6154bc44f39201e8bc2f98fdd,735518d1b57b0a6b4d85aa82f28427060740ab04,no,EPYC 7763,AMD EPYC 7763 64-Core Processor,4,go1.26.8,12,30,0.9853,0.984,0.9912,0.9379,1.0181,0.9989,0,https://github.com/brandopakel/keel/actions/runs/37550776422
11452309011,37550947495,2026-10-07T00:14:52Z,workflow_dispatch,test/remove-default-engine-4-layout-control,,success,96bf8c021569dececa63aefed077c32cb98c94a2,34c09896eaae44617886ef0158f6aac6aa4fb2bd,no,EPYC 9V74,AMD EPYC 9V74 80-Core Processor,4,go1.26.8,12,30,1.0135,1.0083,1.0234,0.9938,1.0719,0.9968,0,https://github.com/brandopakel/keel/actions/runs/37550947495
11451994361,37550949970,2026-10-07T00:14:53Z,workflow_dispatch,test/remove-default-engine-4-layout-control,,success,96bf8c021569dececa63aefed077c32cb98c94a2,34c09896eaae44617886ef0158f6aac6aa4fb2bd,no,EPYC 7763,AMD EPYC 7763 64-Core Processor,4,go1.26.8,12,30,1.0213,1.0187,1.0267,0.9969,1.1083,1.0012,0,https://github.com/brandopakel/keel/actions/runs/37550949970
11453781358,37552509660,2026-10-07T00:32:32Z,workflow_dispatch,test/remove-default-engine-4-layout-control-2,,success,96bf8c021569dececa63aefed077c32cb98c94a2,49797db0deb4e469ec18e59b23e8b04569ccfcec,no,EPYC 7763,AMD EPYC 7763 64-Core Processor,4,go1.26.8,12,30,0.9991,0.9948,1.0018,0.9923,1.0082,1.0005,0,https://github.com/brandopakel/keel/actions/runs/37552509660
11453148924,37552511979,2026-10-07T00:32:34Z,workflow_dispatch,test/remove-default-engine-4-layout-control-2,,success,96bf8c021569dececa63aefed077c32cb98c94a2,49797db0deb4e469ec18e59b23e8b04569ccfcec,no,EPYC 9V74,AMD EPYC 9V74 80-Core Processor,4,go1.26.8,12,30,0.9982,0.9959,1.0005,0.9866,1.0089,0.9988,0,https://github.com/brandopakel/keel/actions/runs/37552511979
11454438866,37555339111,2026-10-07T01:05:23Z,pull_request,refactor/remove-default-engine-1,127,success,1c3094be64b26ea6154bc44f39201e8bc2f98fdd,794b717a99c52ea6bbd558b251ca4943291e89ee,no,EPYC 9V74,AMD EPYC 9V74 80-Core Processor,4,go1.26.8,12,30,0.9954,0.991,0.997,0.9322,1.027,0.9998,0,https://github.com/brandopakel/keel/actions/runs/37555339111
11454784575,37557332776,2026-10-07T01:29:13Z,workflow_dispatch,refactor/remove-default-engine-2,128,success,2fd02975948b9a95d36e03107afa2c084bf7a760,fb32777a249fb496f997857a7317a3fa9de5b8e9,no,EPYC 7763,AMD EPYC 7763 64-Core Processor,4,go1.26.8,12,30,0.9999,0.9969,1.0052,0.9462,1.0498,0.998,0,https://github.com/brandopakel/keel/actions/runs/37557332776
11454629967,37557334628,2026-10-07T01:29:14Z,pull_request,refactor/remove-default-engine-2,128,success,2fd02975948b9a95d36e03107afa2c084bf7a760,cfad734667c9a300915f6c012a71c9d568fcbf05,no,EPYC 7763,AMD EPYC 7763 64-Core Processor,4,go1.26.8,12,30,1.0016,0.9967,1.0048,0.9537,1.0508,1.0006,0,https://github.com/brandopakel/keel/actions/runs/37557334628
11455735747,37557335238,2026-10-07T01:29:15Z,workflow_dispatch,refactor/remove-default-engine-2,128,success,2fd02975948b9a95d36e03107afa2c084bf7a760,fb32777a249fb496f997857a7317a3fa9de5b8e9,no,Xeon 6973P-C,Intel(R) Xeon(R) 6973P-C,4,go1.26.8,12,30,0.9932,0.9912,1.0004,0.9655,1.0169,1.0023,0,https://github.com/brandopakel/keel/actions/runs/37557335238
11456865573,37557337241,2026-10-07T01:29:16Z,workflow_dispatch,refactor/remove-default-engine-2,128,success,65ebdbc3c49364f5b2c2828d326ca2e07f1a6a46,fb32777a249fb496f997857a7317a3fa9de5b8e9,no,EPYC 9V74,AMD EPYC 9V74 80-Core Processor,4,go1.26.8,12,30,0.9036,0.8992,0.9071,0.7718,1.014,1.0017,0,https://github.com/brandopakel/keel/actions/runs/37557337241
11455854853,37558107317,2026-10-07T01:38:29Z,workflow_dispatch,test/remove-default-engine-2-layout-control,,success,2fd02975948b9a95d36e03107afa2c084bf7a760,92355da19f1257d0a7c22d9201c36d26a7d1606b,no,EPYC 7763,AMD EPYC 7763 64-Core Processor,4,go1.26.8,12,30,0.9987,0.9949,1.0023,0.9436,1.0316,1.0001,0,https://github.com/brandopakel/keel/actions/runs/37558107317
11456317790,37558109749,2026-10-07T01:38:31Z,workflow_dispatch,test/remove-default-engine-2-layout-control,,success,2fd02975948b9a95d36e03107afa2c084bf7a760,92355da19f1257d0a7c22d9201c36d26a7d1606b,no,EPYC 9V45,AMD EPYC 9V45 96-Core Processor,4,go1.26.8,12,30,1.002,0.9896,1.0099,0.9766,1.0275,1.001,0,https://github.com/brandopakel/keel/actions/runs/37558109749
11456711099,37558111847,2026-10-07T01:38:32Z,workflow_dispatch,test/remove-default-engine-2-layout-control,,success,2fd02975948b9a95d36e03107afa2c084bf7a760,92355da19f1257d0a7c22d9201c36d26a7d1606b,no,EPYC 7763,AMD EPYC 7763 64-Core Processor,4,go1.26.8,12,30,1.0002,0.9972,1.0043,0.9322,1.0306,1.0011,0,https://github.com/brandopakel/keel/actions/runs/37558111847
11457346230,37561137777,2026-10-07T02:15:47Z,pull_request,refactor/remove-default-engine-2,128,success,2fd02975948b9a95d36e03107afa2c084bf7a760,f5c331b74977e0a3a56759958d616b44be75022e,no,Xeon 6973P-C,Intel(R) Xeon(R) 6973P-C,4,go1.26.8,12,30,0.9995,0.9948,1.0042,0.9774,1.0168,1.0018,0,https://github.com/brandopakel/keel/actions/runs/37561137777
11457221617,37561146976,2026-10-07T02:15:53Z,workflow_dispatch,refactor/remove-default-engine-2,128,success,2fd02975948b9a95d36e03107afa2c084bf7a760,36bda6ce9b38b50800af106cd872bf2cc8ddd1ce,no,EPYC 7763,AMD EPYC 7763 64-Core Processor,4,go1.26.8,12,30,1.0032,1.001,1.0076,0.9438,1.0439,0.9971,0,https://github.com/brandopakel/keel/actions/runs/37561146976
11456947633,37561149734,2026-10-07T02:15:55Z,workflow_dispatch,refactor/remove-default-engine-2,128,success,2fd02975948b9a95d36e03107afa2c084bf7a760,36bda6ce9b38b50800af106cd872bf2cc8ddd1ce,no,EPYC 7763,AMD EPYC 7763 64-Core Processor,4,go1.26.8,12,30,1.0058,1.0015,1.0081,0.9398,1.0441,1.0011,0,https://github.com/brandopakel/keel/actions/runs/37561149734
11457151822,37561152525,2026-10-07T02:15:57Z,workflow_dispatch,refactor/remove-default-engine-2,128,success,65ebdbc3c49364f5b2c2828d326ca2e07f1a6a46,36bda6ce9b38b50800af106cd872bf2cc8ddd1ce,no,EPYC 7763,AMD EPYC 7763 64-Core Processor,4,go1.26.8,12,30,0.9034,0.9009,0.9057,0.7758,1.0099,0.9995,0,https://github.com/brandopakel/keel/actions/runs/37561152525
11456998387,37561654909,2026-10-07T02:22:16Z,workflow_dispatch,test/remove-default-engine-2-layout-control-b,,success,2fd02975948b9a95d36e03107afa2c084bf7a760,86513d4c2ac94386444a98aa0ebf16d97b705f57,no,Xeon 8370C,Intel(R) Xeon(R) Platinum 8370C CPU @ 2.80GHz,4,go1.26.8,12,30,0.9931,0.9885,0.9981,0.9485,1.0167,1.0029,0,https://github.com/brandopakel/keel/actions/runs/37561654909
11457003300,37561657274,2026-10-07T02:22:17Z,workflow_dispatch,test/remove-default-engine-2-layout-control-b,,success,2fd02975948b9a95d36e03107afa2c084bf7a760,86513d4c2ac94386444a98aa0ebf16d97b705f57,no,EPYC 7763,AMD EPYC 7763 64-Core Processor,4,go1.26.8,12,30,1.0003,0.9978,1.0059,0.9365,1.0347,0.9995,0,https://github.com/brandopakel/keel/actions/runs/37561657274
11461737459,37572760977,2026-10-07T04:42:42Z,workflow_dispatch,refactor/remove-default-engine-3,,success,014fe23b431223f0c09f91d1aaa7fa3ba0d23c53,468249eac6bf702d6cc0b1493815f9e197bf74c2,no,EPYC 7763,AMD EPYC 7763 64-Core Processor,4,go1.26.8,12,30,0.9999,0.997,1.0025,0.9539,1.0215,0.9999,0,https://github.com/brandopakel/keel/actions/runs/37572760977
11461946147,37572763253,2026-10-07T04:42:43Z,workflow_dispatch,refactor/remove-default-engine-3,,success,014fe23b431223f0c09f91d1aaa7fa3ba0d23c53,468249eac6bf702d6cc0b1493815f9e197bf74c2,no,EPYC 9V74,AMD EPYC 9V74 80-Core Processor,4,go1.26.8,12,30,1.007,1.0046,1.0107,0.9911,1.0274,1.0013,0,https://github.com/brandopakel/keel/actions/runs/37572763253
11461861526,37572765403,2026-10-07T04:42:45Z,workflow_dispatch,refactor/remove-default-engine-3,,success,65ebdbc3c49364f5b2c2828d326ca2e07f1a6a46,468249eac6bf702d6cc0b1493815f9e197bf74c2,no,EPYC 7763,AMD EPYC 7763 64-Core Processor,4,go1.26.8,12,30,0.9103,0.9048,0.9128,0.7941,1.0312,0.9995,0,https://github.com/brandopakel/keel/actions/runs/37572765403
11461074260,37573728172,2026-10-07T04:54:45Z,pull_request,refactor/remove-default-engine-3,,success,c45298ba65b97a2146d48343dee87c6e81fb4cf9,4c9d317281c3db9f069b23154a5dd860c9534077,no,EPYC 9V45,AMD EPYC 9V45 96-Core Processor,4,go1.26.8,12,30,1.0058,0.9958,1.0226,0.9622,1.046,1.0085,0,https://github.com/brandopakel/keel/actions/runs/37573728172
11461977740,37573741036,2026-10-07T04:54:54Z,pull_request,refactor/remove-default-engine-3,130,success,c45298ba65b97a2146d48343dee87c6e81fb4cf9,5e1cc40a95d66922451890e4887ebf0b50a8d970,no,EPYC 7763,AMD EPYC 7763 64-Core Processor,4,go1.26.8,12,30,0.999,0.9935,1.0029,0.9613,1.0212,0.999,0,https://github.com/brandopakel/keel/actions/runs/37573741036
11463354109,37578655813,2026-10-07T05:54:28Z,workflow_dispatch,refactor/remove-default-engine-3b,131,success,56796428acdf808f2a37a9850d82286d6d7b03f9,2cc0d21b7f5e05510a73344a0b3254f8f40bfbff,no,EPYC 9V45,AMD EPYC 9V45 96-Core Processor,4,go1.26.8,12,30,0.9928,0.9837,1.0011,0.9683,1.0243,1.018,0,https://github.com/brandopakel/keel/actions/runs/37578655813
11464390083,37578658419,2026-10-07T05:54:30Z,workflow_dispatch,refactor/remove-default-engine-3b,131,success,56796428acdf808f2a37a9850d82286d6d7b03f9,2cc0d21b7f5e05510a73344a0b3254f8f40bfbff,no,EPYC 9V74,AMD EPYC 9V74 80-Core Processor,4,go1.26.8,12,30,0.9993,0.993,1.0025,0.9785,1.0251,0.9984,0,https://github.com/brandopakel/keel/actions/runs/37578658419
11463279490,37578660981,2026-10-07T05:54:32Z,workflow_dispatch,refactor/remove-default-engine-3b,131,success,65ebdbc3c49364f5b2c2828d326ca2e07f1a6a46,2cc0d21b7f5e05510a73344a0b3254f8f40bfbff,no,EPYC 7763,AMD EPYC 7763 64-Core Processor,4,go1.26.8,12,30,0.8992,0.8941,0.9049,0.7694,1.0121,1.0001,0,https://github.com/brandopakel/keel/actions/runs/37578660981
11464170817,37578699884,2026-10-07T05:54:59Z,pull_request,refactor/remove-default-engine-3b,131,success,56796428acdf808f2a37a9850d82286d6d7b03f9,36a2616228917a8e28bbfb69a92585c35546758a,no,EPYC 7763,AMD EPYC 7763 64-Core Processor,4,go1.26.8,12,30,0.9906,0.9872,0.9936,0.9538,1.0171,1.0009,0,https://github.com/brandopakel/keel/actions/runs/37578699884
11466331204,37583882673,2026-10-07T06:51:51Z,workflow_dispatch,refactor/remove-default-engine-4,135,success,ef7a6bd0d72bf5e70d7b2d837f5eb95e368f8f9f,dd16bf308d862e65298da2a7412d38277547f29d,no,EPYC 7763,AMD EPYC 7763 64-Core Processor,4,go1.26.8,12,30,1.0251,1.0193,1.0302,0.9934,1.1114,0.9979,0,https://github.com/brandopakel/keel/actions/runs/37583882673
11466162447,37583889952,2026-10-07T06:51:56Z,workflow_dispatch,refactor/remove-default-engine-4,135,success,ef7a6bd0d72bf5e70d7b2d837f5eb95e368f8f9f,dd16bf308d862e65298da2a7412d38277547f29d,no,EPYC 7763,AMD EPYC 7763 64-Core Processor,4,go1.26.8,12,30,1.0272,1.0234,1.0321,0.9881,1.0905,0.9991,0,https://github.com/brandopakel/keel/actions/runs/37583889952
11465998002,37583898014,2026-10-07T06:52:01Z,workflow_dispatch,refactor/remove-default-engine-4,135,success,65ebdbc3c49364f5b2c2828d326ca2e07f1a6a46,dd16bf308d862e65298da2a7412d38277547f29d,no,EPYC 7763,AMD EPYC 7763 64-Core Processor,4,go1.26.8,12,30,0.9305,0.9271,0.9326,0.8155,1.017,0.9995,0,https://github.com/brandopakel/keel/actions/runs/37583898014
11465499258,37583994471,2026-10-07T06:53:02Z,pull_request,fix/rewrite-loop-waits-for-log,,success,ef7a6bd0d72bf5e70d7b2d837f5eb95e368f8f9f,c6d0fdd251769208fa4b79853d94baa6fbe6bad8,no,EPYC 9V74,AMD EPYC 9V74 80-Core Processor,4,go1.26.8,12,30,0.9962,0.9937,0.9985,0.9654,1.0202,0.9999,0,https://github.com/brandopakel/keel/actions/runs/37583994471
11465473701,37584068399,2026-10-07T06:53:48Z,pull_request,refactor/remove-default-engine-4,135,success,ef7a6bd0d72bf5e70d7b2d837f5eb95e368f8f9f,22e10d1df174289282c93fc97e32d30e28d40181,no,EPYC 7763,AMD EPYC 7763 64-Core Processor,4,go1.26.8,12,30,1.0257,1.0224,1.0316,0.997,1.0814,0.9999,0,https://github.com/brandopakel/keel/actions/runs/37584068399
11467165181,37584171283,2026-10-07T06:54:53Z,workflow_dispatch,test/remove-default-engine-4-layout-control-2b,,success,ef7a6bd0d72bf5e70d7b2d837f5eb95e368f8f9f,c30f42bfc1bfcb89a51aee2d9eb337b1a8930daf,no,EPYC 7763,AMD EPYC 7763 64-Core Processor,4,go1.26.8,12,30,0.9998,0.9974,1.0033,0.9915,1.0125,1.001,0,https://github.com/brandopakel/keel/actions/runs/37584171283
11466359877,37584179434,2026-10-07T06:54:58Z,workflow_dispatch,test/remove-default-engine-4-layout-control-2b,,success,ef7a6bd0d72bf5e70d7b2d837f5eb95e368f8f9f,c30f42bfc1bfcb89a51aee2d9eb337b1a8930daf,no,EPYC 7763,AMD EPYC 7763 64-Core Processor,4,go1.26.8,12,30,1.0021,0.9979,1.0048,0.9808,1.0118,0.9997,0,https://github.com/brandopakel/keel/actions/runs/37584179434
11467021348,37585202122,2026-10-07T07:05:19Z,workflow_dispatch,test/remove-default-engine-4-layout-control-2b,,success,65ebdbc3c49364f5b2c2828d326ca2e07f1a6a46,c30f42bfc1bfcb89a51aee2d9eb337b1a8930daf,no,EPYC 9V74,AMD EPYC 9V74 80-Core Processor,4,go1.26.8,12,30,0.9089,0.903,0.9143,0.7823,1.0211,0.9972,0,https://github.com/brandopakel/keel/actions/runs/37585202122
11466700463,37585209909,2026-10-07T07:05:23Z,workflow_dispatch,refactor/remove-default-engine-4,135,success,65ebdbc3c49364f5b2c2828d326ca2e07f1a6a46,dd16bf308d862e65298da2a7412d38277547f29d,no,EPYC 7763,AMD EPYC 7763 64-Core Processor,4,go1.26.8,12,30,0.9314,0.9263,0.9372,0.7944,1.0145,0.9993,0,https://github.com/brandopakel/keel/actions/runs/37585209909
11467641025,37586914026,2026-10-07T07:22:23Z,pull_request,refactor/remove-default-engine-4,135,success,ef7a6bd0d72bf5e70d7b2d837f5eb95e368f8f9f,4ac13ac64c96442530374bb81f9b156f9a39f9b4,no,EPYC 9V45,AMD EPYC 9V45 96-Core Processor,4,go1.26.8,12,30,1.018,1.013,1.0267,0.9865,1.0908,1.0,0,https://github.com/brandopakel/keel/actions/runs/37586914026
11471086593,37596737173,2026-10-07T08:52:52Z,pull_request,refactor/remove-default-engine-4,135,success,ef7a6bd0d72bf5e70d7b2d837f5eb95e368f8f9f,95d9f8cb688900850825afa07b6fb9efe6e3badc,no,EPYC 7763,AMD EPYC 7763 64-Core Processor,4,go1.26.8,12,30,1.0305,1.026,1.0348,1.0,1.1044,1.0026,0,https://github.com/brandopakel/keel/actions/runs/37596737173
11473528597,37602524132,2026-10-07T09:43:04Z,pull_request,refactor/remove-default-engine-4,135,success,ef7a6bd0d72bf5e70d7b2d837f5eb95e368f8f9f,817be58dab1a345a8058239478600ea7cd591e75,no,EPYC 7763,AMD EPYC 7763 64-Core Processor,4,go1.26.8,12,30,1.0248,1.0226,1.0301,0.9987,1.1066,0.9973,0,https://github.com/brandopakel/keel/actions/runs/37602524132
11484690734,37625215428,2026-10-07T13:00:53Z,pull_request,fix/readiness-reaches-the-server,,success,1ecdf05fab1c768463bfb1e02aec3d8625f5dfdb,aa3a6a460e1b40ec868782c396781739f8551d78,yes,EPYC 7763,AMD EPYC 7763 64-Core Processor,4,go1.26.8,12,30,1.0002,0.9967,1.0044,0.9898,1.0065,0.9981,0,https://github.com/brandopakel/keel/actions/runs/37625215428
11486738385,37632856473,2026-10-07T13:58:44Z,pull_request,fix/readiness-reaches-the-server,138,success,1ecdf05fab1c768463bfb1e02aec3d8625f5dfdb,df813dfac7237d08a75e5e9beaf269ac2d1359d9,yes,EPYC 7763,AMD EPYC 7763 64-Core Processor,4,go1.26.8,12,30,1.0002,0.9964,1.002,0.993,1.0122,0.9988,0,https://github.com/brandopakel/keel/actions/runs/37632856473
11491552424,37639974309,2026-10-07T14:49:39Z,pull_request,fix/rewrite-loop-waits-for-log,133,success,91ea95b75c52b76f9387eb52202326a9342fad4c,3cdfd8338615134c5e4dc19944ed9e6d64204863,no,EPYC 9V74,AMD EPYC 9V74 80-Core Processor,4,go1.26.8,12,30,1.0,0.9964,1.0045,0.9751,1.0457,0.9969,0,https://github.com/brandopakel/keel/actions/runs/37639974309
11499253900,37658912596,2026-10-07T17:25:12Z,workflow_dispatch,refactor/instance-contract-1,,success,b9e0282d23a13c2c1f86429d3d6ceba8ae2407a9,ac2ca7b279a2ed58db22a4d2c295da9be6f6c5b7,no,EPYC 7763,AMD EPYC 7763 64-Core Processor,4,go1.26.8,12,30,1.0001,0.9945,1.0028,0.9805,1.008,1.0005,0,https://github.com/brandopakel/keel/actions/runs/37658912596
11499998034,37658921698,2026-10-07T17:25:16Z,workflow_dispatch,refactor/instance-contract-1,,success,b9e0282d23a13c2c1f86429d3d6ceba8ae2407a9,ac2ca7b279a2ed58db22a4d2c295da9be6f6c5b7,no,EPYC 7763,AMD EPYC 7763 64-Core Processor,4,go1.26.8,12,30,1.0013,0.9949,1.0075,0.9803,1.0128,1.0004,0,https://github.com/brandopakel/keel/actions/runs/37658921698
11499693553,37658930591,2026-10-07T17:25:20Z,workflow_dispatch,refactor/instance-contract-1,,success,65ebdbc3c49364f5b2c2828d326ca2e07f1a6a46,ac2ca7b279a2ed58db22a4d2c295da9be6f6c5b7,no,EPYC 7763,AMD EPYC 7763 64-Core Processor,4,go1.26.8,12,30,0.9244,0.9208,0.926,0.7964,1.0175,0.9996,0,https://github.com/brandopakel/keel/actions/runs/37658930591
11499799671,37659919351,2026-10-07T17:32:56Z,workflow_dispatch,refactor/instance-contract-2,,success,ac2ca7b279a2ed58db22a4d2c295da9be6f6c5b7,3cb5e0515f6ec2bee5c931e4eeceede262d1d224,no,EPYC 9V45,AMD EPYC 9V45 96-Core Processor,4,go1.26.8,12,30,0.9914,0.9852,0.9961,0.9102,1.0487,1.0015,0,https://github.com/brandopakel/keel/actions/runs/37659919351
11501060113,37659927598,2026-10-07T17:33:00Z,workflow_dispatch,refactor/instance-contract-2,,success,ac2ca7b279a2ed58db22a4d2c295da9be6f6c5b7,3cb5e0515f6ec2bee5c931e4eeceede262d1d224,no,EPYC 7763,AMD EPYC 7763 64-Core Processor,4,go1.26.8,12,30,0.9883,0.9842,0.9949,0.925,1.0344,0.9992,0,https://github.com/brandopakel/keel/actions/runs/37659927598
11500790477,37659936169,2026-10-07T17:33:04Z,workflow_dispatch,refactor/instance-contract-2,,success,65ebdbc3c49364f5b2c2828d326ca2e07f1a6a46,3cb5e0515f6ec2bee5c931e4eeceede262d1d224,no,EPYC 9V45,AMD EPYC 9V45 96-Core Processor,4,go1.26.8,12,30,0.9156,0.9012,0.9256,0.7923,1.0097,0.9989,0,https://github.com/brandopakel/keel/actions/runs/37659936169
11501294083,37663464756,2026-10-07T18:00:23Z,workflow_dispatch,refactor/instance-contract-3,,success,3cb5e0515f6ec2bee5c931e4eeceede262d1d224,bca4ff79aeebded6db4edd92137aa13bf4cbe619,no,Xeon 8573C,INTEL(R) XEON(R) PLATINUM 8573C,4,go1.26.8,12,30,1.0352,1.0259,1.0394,0.9807,1.1107,1.0011,0,https://github.com/brandopakel/keel/actions/runs/37663464756
11501514002,37663470821,2026-10-07T18:00:26Z,workflow_dispatch,refactor/instance-contract-3,,success,3cb5e0515f6ec2bee5c931e4eeceede262d1d224,bca4ff79aeebded6db4edd92137aa13bf4cbe619,no,EPYC 7763,AMD EPYC 7763 64-Core Processor,4,go1.26.8,12,30,1.0263,1.0198,1.0314,0.9752,1.0945,0.9979,0,https://github.com/brandopakel/keel/actions/runs/37663470821
11502132265,37663477501,2026-10-07T18:00:29Z,workflow_dispatch,refactor/instance-contract-4,,success,bca4ff79aeebded6db4edd92137aa13bf4cbe619,56cbee35fa2e2495c2f7edb048205683ac8a3743,no,EPYC 9V74,AMD EPYC 9V74 80-Core Processor,4,go1.26.8,12,30,0.9845,0.9812,0.9885,0.9398,1.0215,1.0001,0,https://github.com/brandopakel/keel/actions/runs/37663477501
11501389280,37663483900,2026-10-07T18:00:31Z,workflow_dispatch,refactor/instance-contract-4,,success,bca4ff79aeebded6db4edd92137aa13bf4cbe619,56cbee35fa2e2495c2f7edb048205683ac8a3743,no,EPYC 9V74,AMD EPYC 9V74 80-Core Processor,4,go1.26.8,12,30,0.9872,0.9812,0.9885,0.939,1.0097,0.9984,0,https://github.com/brandopakel/keel/actions/runs/37663483900
11502321446,37663491711,2026-10-07T18:00:35Z,workflow_dispatch,refactor/instance-contract-5,,success,56cbee35fa2e2495c2f7edb048205683ac8a3743,959c97a69e3d7e66b298e83919835ff1a4e8bcca,no,EPYC 7763,AMD EPYC 7763 64-Core Processor,4,go1.26.8,12,30,1.0271,1.0244,1.0339,0.9729,1.0772,0.9996,0,https://github.com/brandopakel/keel/actions/runs/37663491711
11502092076,37663498179,2026-10-07T18:00:38Z,workflow_dispatch,refactor/instance-contract-5,,success,56cbee35fa2e2495c2f7edb048205683ac8a3743,959c97a69e3d7e66b298e83919835ff1a4e8bcca,no,EPYC 7763,AMD EPYC 7763 64-Core Processor,4,go1.26.8,12,30,1.0265,1.0212,1.0326,0.9788,1.0712,0.999,0,https://github.com/brandopakel/keel/actions/runs/37663498179
11501758761,37663505131,2026-10-07T18:00:40Z,workflow_dispatch,refactor/instance-contract-5,,failure,65ebdbc3c49364f5b2c2828d326ca2e07f1a6a46,959c97a69e3d7e66b298e83919835ff1a4e8bcca,no,EPYC 9V45,AMD EPYC 9V45 96-Core Processor,4,go1.26.8,12,30,0.9623,0.9491,0.9815,0.8067,1.0646,1.001,1,https://github.com/brandopakel/keel/actions/runs/37663505131
11502475803,37664492866,2026-10-07T18:08:14Z,workflow_dispatch,refactor/instance-contract-3,,success,3cb5e0515f6ec2bee5c931e4eeceede262d1d224,2bce219e4bb19d68097bbdcb04314afd68a5ca4c,no,EPYC 7763,AMD EPYC 7763 64-Core Processor,4,go1.26.8,12,30,1.0125,1.0032,1.0197,0.9614,1.0888,1.0002,0,https://github.com/brandopakel/keel/actions/runs/37664492866
11502725534,37664499259,2026-10-07T18:08:17Z,workflow_dispatch,refactor/instance-contract-3,,success,3cb5e0515f6ec2bee5c931e4eeceede262d1d224,2bce219e4bb19d68097bbdcb04314afd68a5ca4c,no,EPYC 7763,AMD EPYC 7763 64-Core Processor,4,go1.26.8,12,30,1.0109,1.0033,1.0147,0.9709,1.0445,1.0001,0,https://github.com/brandopakel/keel/actions/runs/37664499259
11502004674,37664504926,2026-10-07T18:08:20Z,workflow_dispatch,refactor/instance-contract-4,,success,2bce219e4bb19d68097bbdcb04314afd68a5ca4c,75b4d3102a5829362cd64f041e66a3dca00a2759,no,EPYC 7763,AMD EPYC 7763 64-Core Processor,4,go1.26.8,12,30,0.9935,0.9894,0.9966,0.9384,1.027,0.9988,0,https://github.com/brandopakel/keel/actions/runs/37664504926
11502665676,37664510246,2026-10-07T18:08:23Z,workflow_dispatch,refactor/instance-contract-4,,success,2bce219e4bb19d68097bbdcb04314afd68a5ca4c,75b4d3102a5829362cd64f041e66a3dca00a2759,no,EPYC 7763,AMD EPYC 7763 64-Core Processor,4,go1.26.8,12,30,0.9871,0.9859,0.9927,0.9372,1.0441,1.0014,0,https://github.com/brandopakel/keel/actions/runs/37664510246
11501594815,37664515826,2026-10-07T18:08:26Z,workflow_dispatch,refactor/instance-contract-5,,success,75b4d3102a5829362cd64f041e66a3dca00a2759,4c44945c8b0b8b58e4a7980c5181b24ec9630137,no,EPYC 7763,AMD EPYC 7763 64-Core Processor,4,go1.26.8,12,30,1.0128,1.0084,1.0201,0.9683,1.0881,1.0007,0,https://github.com/brandopakel/keel/actions/runs/37664515826
11502233312,37664521074,2026-10-07T18:08:28Z,workflow_dispatch,refactor/instance-contract-5,,success,75b4d3102a5829362cd64f041e66a3dca00a2759,4c44945c8b0b8b58e4a7980c5181b24ec9630137,no,EPYC 7763,AMD EPYC 7763 64-Core Processor,4,go1.26.8,12,30,1.0158,1.0103,1.0195,0.9683,1.0877,1.001,0,https://github.com/brandopakel/keel/actions/runs/37664521074
11502213349,37664527231,2026-10-07T18:08:31Z,workflow_dispatch,refactor/instance-contract-5,,success,b9e0282d23a13c2c1f86429d3d6ceba8ae2407a9,4c44945c8b0b8b58e4a7980c5181b24ec9630137,no,EPYC 7763,AMD EPYC 7763 64-Core Processor,4,go1.26.8,12,30,1.015,1.0052,1.0179,0.9223,1.0894,1.0004,0,https://github.com/brandopakel/keel/actions/runs/37664527231
11502940345,37664533747,2026-10-07T18:08:34Z,workflow_dispatch,refactor/instance-contract-5,,success,b9e0282d23a13c2c1f86429d3d6ceba8ae2407a9,4c44945c8b0b8b58e4a7980c5181b24ec9630137,no,Xeon 8370C,Intel(R) Xeon(R) Platinum 8370C CPU @ 2.80GHz,4,go1.26.8,12,30,1.0015,0.9949,1.0031,0.9622,1.0312,1.0014,0,https://github.com/brandopakel/keel/actions/runs/37664533747
11502637240,37665781966,2026-10-07T18:18:13Z,workflow_dispatch,test/instance-contract-3-layout-control,,success,3cb5e0515f6ec2bee5c931e4eeceede262d1d224,4b36ac0effe90b40b094c1d0504f114c1ad25c89,no,Xeon 8370C,Intel(R) Xeon(R) Platinum 8370C CPU @ 2.80GHz,4,go1.26.8,12,30,1.0087,1.0047,1.0157,0.9703,1.0572,1.0025,0,https://github.com/brandopakel/keel/actions/runs/37665781966
11502537193,37665787978,2026-10-07T18:18:16Z,workflow_dispatch,test/instance-contract-3-layout-control,,success,3cb5e0515f6ec2bee5c931e4eeceede262d1d224,4b36ac0effe90b40b094c1d0504f114c1ad25c89,no,EPYC 7763,AMD EPYC 7763 64-Core Processor,4,go1.26.8,12,30,1.011,1.0089,1.0188,0.9551,1.0516,1.0011,0,https://github.com/brandopakel/keel/actions/runs/37665787978
11503076847,37665986813,2026-10-07T18:19:51Z,workflow_dispatch,test/instance-contract-5-layout-control,,success,75b4d3102a5829362cd64f041e66a3dca00a2759,bebd8391cf7085dbbd6964a1ec95d43ee62f5b7b,no,EPYC 7763,AMD EPYC 7763 64-Core Processor,4,go1.26.8,12,30,1.0044,1.001,1.0118,0.9659,1.0441,0.9979,0,https://github.com/brandopakel/keel/actions/runs/37665986813
11502542439,37665993391,2026-10-07T18:19:54Z,workflow_dispatch,test/instance-contract-5-layout-control,,success,75b4d3102a5829362cd64f041e66a3dca00a2759,bebd8391cf7085dbbd6964a1ec95d43ee62f5b7b,no,EPYC 7763,AMD EPYC 7763 64-Core Processor,4,go1.26.8,12,30,1.0012,0.9951,1.0053,0.9759,1.0343,1.0005,0,https://github.com/brandopakel/keel/actions/runs/37665993391
11513018521,37691549684,2026-10-07T21:44:46Z,pull_request,feat/info-redis-fields,140,success,b9e0282d23a13c2c1f86429d3d6ceba8ae2407a9,d0185efffc2957a51ec7b0210f4ec8645ac5805a,no,EPYC 9V74,AMD EPYC 9V74 80-Core Processor,4,go1.26.8,12,30,0.9979,0.9931,1.0005,0.929,1.1519,0.9984,0,https://github.com/brandopakel/keel/actions/runs/37691549684
11514650238,37692211543,2026-10-07T21:50:37Z,workflow_dispatch,fix/legacy-migration-crash-window,,success,b9e0282d23a13c2c1f86429d3d6ceba8ae2407a9,372db0f544092fd7b9bceab55264cedc31f8cd59,no,EPYC 9V45,AMD EPYC 9V45 96-Core Processor,4,go1.26.8,12,30,0.9967,0.9895,1.0021,0.9658,1.0219,0.996,0,https://github.com/brandopakel/keel/actions/runs/37692211543
11514318795,37692216965,2026-10-07T21:50:40Z,workflow_dispatch,fix/legacy-migration-crash-window,,success,b9e0282d23a13c2c1f86429d3d6ceba8ae2407a9,372db0f544092fd7b9bceab55264cedc31f8cd59,no,Xeon 8573C,INTEL(R) XEON(R) PLATINUM 8573C,4,go1.26.8,12,30,0.9991,0.997,1.0028,0.9524,1.044,1.0002,0,https://github.com/brandopakel/keel/actions/runs/37692216965
11515885755,37692221933,2026-10-07T21:50:43Z,workflow_dispatch,fix/legacy-migration-crash-window,,success,65ebdbc3c49364f5b2c2828d326ca2e07f1a6a46,372db0f544092fd7b9bceab55264cedc31f8cd59,no,EPYC 7763,AMD EPYC 7763 64-Core Processor,4,go1.26.8,12,30,0.921,0.9176,0.9285,0.8162,1.02,0.9999,0,https://github.com/brandopakel/keel/actions/runs/37692221933
11516230300,37693076976,2026-10-07T21:58:21Z,pull_request,fix/legacy-migration-crash-window,142,success,98b50a92441eb8c558a04acece4f7ba1abeae6ef,8765028044881120a839fe2a7b58d8bb4dac6013,no,EPYC 7763,AMD EPYC 7763 64-Core Processor,4,go1.26.8,12,30,1.0023,0.998,1.004,0.9494,1.0438,1.0012,0,https://github.com/brandopakel/keel/actions/runs/37693076976
11515992108,37693562218,2026-10-07T22:02:38Z,workflow_dispatch,feat/info-redis-fields,140,success,d2e9df7b86776a73ea2c81a5d03f57b26c9540b0,33af80ba17c73563ed4199bd0000ab4ff6557182,no,Xeon 8573C,INTEL(R) XEON(R) PLATINUM 8573C,4,go1.26.8,12,30,0.9976,0.9893,1.0075,0.9176,1.0314,0.9987,0,https://github.com/brandopakel/keel/actions/runs/37693562218
11516311048,37693571223,2026-10-07T22:02:43Z,workflow_dispatch,feat/info-redis-fields,140,success,d2e9df7b86776a73ea2c81a5d03f57b26c9540b0,33af80ba17c73563ed4199bd0000ab4ff6557182,no,Xeon 8370C,Intel(R) Xeon(R) Platinum 8370C CPU @ 2.80GHz,4,go1.26.8,12,30,0.9973,0.9911,0.9992,0.9552,1.0243,1.0017,0,https://github.com/brandopakel/keel/actions/runs/37693571223
11516182762,37693579612,2026-10-07T22:02:48Z,workflow_dispatch,feat/info-redis-fields,140,success,d2e9df7b86776a73ea2c81a5d03f57b26c9540b0,33af80ba17c73563ed4199bd0000ab4ff6557182,no,Xeon 8573C,INTEL(R) XEON(R) PLATINUM 8573C,4,go1.26.8,12,30,1.0028,0.9959,1.0053,0.9228,1.0321,1.001,0,https://github.com/brandopakel/keel/actions/runs/37693579612
11516135656,37693838662,2026-10-07T22:05:05Z,workflow_dispatch,refactor/instance-contract-1,,success,65ebdbc3c49364f5b2c2828d326ca2e07f1a6a46,f13ea7739765e90a5d0df225f488b2cf3f15a5d8,no,EPYC 7763,AMD EPYC 7763 64-Core Processor,4,go1.26.8,12,30,0.9231,0.9179,0.9258,0.7956,1.025,0.999,0,https://github.com/brandopakel/keel/actions/runs/37693838662
11515413998,37695854672,2026-10-07T22:23:19Z,pull_request,feat/info-redis-fields,140,success,b9e0282d23a13c2c1f86429d3d6ceba8ae2407a9,3df4300b4f28a635a3031574eeef8348848d04a5,no,Xeon 8573C,INTEL(R) XEON(R) PLATINUM 8573C,4,go1.26.8,12,30,0.9902,0.9861,0.995,0.9275,1.0396,1.002,0,https://github.com/brandopakel/keel/actions/runs/37695854672
11516632401,37698760011,2026-10-07T22:51:08Z,pull_request,fix/legacy-migration-crash-window,142,success,98b50a92441eb8c558a04acece4f7ba1abeae6ef,25f7077a957b31de9d8f52ac94c4c3eeb8157816,no,EPYC 9V45,AMD EPYC 9V45 96-Core Processor,4,go1.26.8,12,30,0.9968,0.9851,1.0081,0.9586,1.0236,1.0035,0,https://github.com/brandopakel/keel/actions/runs/37698760011
11517481325,37698891287,2026-10-07T22:52:26Z,workflow_dispatch,test/info-fields-layout-control,,success,5cab049815a5f86b0dd58cd45daaa23a8a0ae0f7,e8bca21ed3b7cd750cfae0cf2ce72fff9a294ac0,no,EPYC 9V74,AMD EPYC 9V74 80-Core Processor,4,go1.26.8,12,30,0.9872,0.9834,0.9934,0.911,1.0073,1.0005,0,https://github.com/brandopakel/keel/actions/runs/37698891287
11517680470,37698897688,2026-10-07T22:52:30Z,workflow_dispatch,test/info-fields-layout-control,,success,5cab049815a5f86b0dd58cd45daaa23a8a0ae0f7,e8bca21ed3b7cd750cfae0cf2ce72fff9a294ac0,no,Xeon 8573C,INTEL(R) XEON(R) PLATINUM 8573C,4,go1.26.8,12,30,0.9953,0.987,0.9989,0.9449,1.0255,1.0038,0,https://github.com/brandopakel/keel/actions/runs/37698897688
11517620372,37698903920,2026-10-07T22:52:34Z,workflow_dispatch,test/info-fields-layout-control,,success,5cab049815a5f86b0dd58cd45daaa23a8a0ae0f7,e8bca21ed3b7cd750cfae0cf2ce72fff9a294ac0,no,EPYC 9V74,AMD EPYC 9V74 80-Core Processor,4,go1.26.8,12,30,0.9942,0.9902,0.9976,0.9148,1.0101,1.0004,0,https://github.com/brandopakel/keel/actions/runs/37698903920
11517590784,37698910259,2026-10-07T22:52:37Z,workflow_dispatch,test/info-fields-layout-control,,success,5cab049815a5f86b0dd58cd45daaa23a8a0ae0f7,e8bca21ed3b7cd750cfae0cf2ce72fff9a294ac0,no,Xeon 8370C,Intel(R) Xeon(R) Platinum 8370C CPU @ 2.80GHz,4,go1.26.8,12,30,0.9991,0.9887,1.0056,0.9726,1.0153,1.005,0,https://github.com/brandopakel/keel/actions/runs/37698910259
11516558789,37698915850,2026-10-07T22:52:41Z,workflow_dispatch,feat/info-redis-fields,140,success,5cab049815a5f86b0dd58cd45daaa23a8a0ae0f7,bcdbc4f4b2ccfde6724ec05aa33417ab9740ad46,no,EPYC 7763,AMD EPYC 7763 64-Core Processor,4,go1.26.8,12,30,0.9914,0.9874,0.9957,0.9228,1.0467,0.9992,0,https://github.com/brandopakel/keel/actions/runs/37698915850
11517382209,37698921521,2026-10-07T22:52:45Z,workflow_dispatch,feat/info-redis-fields,140,success,5cab049815a5f86b0dd58cd45daaa23a8a0ae0f7,bcdbc4f4b2ccfde6724ec05aa33417ab9740ad46,no,EPYC 7763,AMD EPYC 7763 64-Core Processor,4,go1.26.8,12,30,0.9935,0.9887,0.998,0.9195,1.0473,0.9987,0,https://github.com/brandopakel/keel/actions/runs/37698921521
11517228199,37698927755,2026-10-07T22:52:48Z,workflow_dispatch,feat/info-redis-fields,140,success,5cab049815a5f86b0dd58cd45daaa23a8a0ae0f7,bcdbc4f4b2ccfde6724ec05aa33417ab9740ad46,no,EPYC 7763,AMD EPYC 7763 64-Core Processor,4,go1.26.8,12,30,0.9934,0.989,0.999,0.92,1.0497,1.0001,0,https://github.com/brandopakel/keel/actions/runs/37698927755
11518592220,37702584733,2026-10-07T23:29:40Z,workflow_dispatch,refactor/instance-contract-1,,success,a8e85aa3a133ec1c5b55a8b29468410f52f744b8,645978e29571355a0a33f38f96d92af8de744d98,no,Xeon 8573C,INTEL(R) XEON(R) PLATINUM 8573C,4,go1.26.8,12,30,0.9998,0.9957,1.0027,0.9931,1.0162,1.0009,0,https://github.com/brandopakel/keel/actions/runs/37702584733
11518287750,37702588843,2026-10-07T23:29:43Z,workflow_dispatch,refactor/instance-contract-1,,success,a8e85aa3a133ec1c5b55a8b29468410f52f744b8,645978e29571355a0a33f38f96d92af8de744d98,no,Xeon 6973P-C,Intel(R) Xeon(R) 6973P-C,4,go1.26.8,12,30,0.999,0.9929,1.0028,0.981,1.0226,1.0015,0,https://github.com/brandopakel/keel/actions/runs/37702588843
11518631490,37702592953,2026-10-07T23:29:45Z,workflow_dispatch,refactor/instance-contract-1,,success,65ebdbc3c49364f5b2c2828d326ca2e07f1a6a46,645978e29571355a0a33f38f96d92af8de744d98,no,Xeon 8573C,INTEL(R) XEON(R) PLATINUM 8573C,4,go1.26.8,12,30,0.8828,0.8788,0.8892,0.6969,1.0468,0.9987,0,https://github.com/brandopakel/keel/actions/runs/37702592953
11518542280,37702641304,2026-10-07T23:30:14Z,pull_request,feat/info-redis-fields,140,success,28e2c12541c5a54b2c38539d3802dcdae012a6d6,79a6b71fbb6acaf11ab8d6571662a3283ad78a97,no,EPYC 7763,AMD EPYC 7763 64-Core Processor,4,go1.26.8,12,30,0.9939,0.9902,0.9985,0.9225,1.0317,1.0013,0,https://github.com/brandopakel/keel/actions/runs/37702641304
11518104371,37702683954,2026-10-07T23:30:38Z,pull_request,refactor/instance-contract-1,148,success,28e2c12541c5a54b2c38539d3802dcdae012a6d6,cabb01aad8fb9737e975b07145b4ce34a667af8a,no,EPYC 9V74,AMD EPYC 9V74 80-Core Processor,4,go1.26.8,12,30,1.0021,0.9967,1.0038,0.9807,1.0128,0.9993,0,https://github.com/brandopakel/keel/actions/runs/37702683954
11518273602,37702868627,2026-10-07T23:32:34Z,workflow_dispatch,refactor/instance-contract-2,,success,4ab592a6accaaf4cf38f91cdb4c13fb0aa966d45,0034769e9fef15b2a124d6d491bb77f080702aa6,no,EPYC 9V45,AMD EPYC 9V45 96-Core Processor,4,go1.26.8,12,30,1.0072,0.9959,1.0099,0.9655,1.0582,1.0015,0,https://github.com/brandopakel/keel/actions/runs/37702868627
11519125997,37702872760,2026-10-07T23:32:37Z,workflow_dispatch,refactor/instance-contract-2,,success,4ab592a6accaaf4cf38f91cdb4c13fb0aa966d45,0034769e9fef15b2a124d6d491bb77f080702aa6,no,EPYC 7763,AMD EPYC 7763 64-Core Processor,4,go1.26.8,12,30,0.9914,0.9872,0.9949,0.924,1.0366,0.999,0,https://github.com/brandopakel/keel/actions/runs/37702872760
11518353552,37702877222,2026-10-07T23:32:40Z,workflow_dispatch,refactor/instance-contract-2,,success,65ebdbc3c49364f5b2c2828d326ca2e07f1a6a46,0034769e9fef15b2a124d6d491bb77f080702aa6,no,EPYC 9V74,AMD EPYC 9V74 80-Core Processor,4,go1.26.8,12,30,0.9158,0.912,0.921,0.7664,1.0352,0.9969,0,https://github.com/brandopakel/keel/actions/runs/37702877222
11518899782,37704847663,2026-10-07T23:54:05Z,workflow_dispatch,refactor/instance-contract-1,148,success,65ebdbc3c49364f5b2c2828d326ca2e07f1a6a46,4ab592a6accaaf4cf38f91cdb4c13fb0aa966d45,no,EPYC 7763,AMD EPYC 7763 64-Core Processor,4,go1.26.8,12,30,0.9247,0.9212,0.9302,0.8142,1.0175,1.0022,0,https://github.com/brandopakel/keel/actions/runs/37704847663
11519840858,37705370392,2026-10-08T00:00:08Z,workflow_dispatch,test/info-fields-layout-control,,success,28e2c12541c5a54b2c38539d3802dcdae012a6d6,e8bca21ed3b7cd750cfae0cf2ce72fff9a294ac0,no,EPYC 9V74,AMD EPYC 9V74 80-Core Processor,4,go1.26.8,12,30,0.9962,0.9883,0.9985,0.9282,1.0188,1.0031,0,https://github.com/brandopakel/keel/actions/runs/37705370392
11519835985,37705377076,2026-10-08T00:00:11Z,workflow_dispatch,test/info-fields-layout-control,,success,28e2c12541c5a54b2c38539d3802dcdae012a6d6,e8bca21ed3b7cd750cfae0cf2ce72fff9a294ac0,no,EPYC 7763,AMD EPYC 7763 64-Core Processor,4,go1.26.8,12,30,1.0006,0.9959,1.0027,0.942,1.022,0.9999,0,https://github.com/brandopakel/keel/actions/runs/37705377076
11519717207,37705383390,2026-10-08T00:00:15Z,workflow_dispatch,test/info-fields-layout-control,,success,28e2c12541c5a54b2c38539d3802dcdae012a6d6,e8bca21ed3b7cd750cfae0cf2ce72fff9a294ac0,no,EPYC 7763,AMD EPYC 7763 64-Core Processor,4,go1.26.8,12,30,0.9993,0.9953,1.0029,0.9423,1.0244,0.9995,0,https://github.com/brandopakel/keel/actions/runs/37705383390
11521101705,37709311555,2026-10-08T00:44:14Z,pull_request,feat/info-redis-fields,140,success,83fe19a6b88d5d00c91444a466592f6136a25c71,8621642030b00e0afb9ccee5abdd7d09f7e88970,no,EPYC 9V74,AMD EPYC 9V74 80-Core Processor,4,go1.26.8,12,30,0.9892,0.984,0.9958,0.923,1.034,0.9988,0,https://github.com/brandopakel/keel/actions/runs/37709311555
11522036098,37709345838,2026-10-08T00:44:38Z,pull_request,refactor/instance-contract-2,149,success,83fe19a6b88d5d00c91444a466592f6136a25c71,20d7d2eb1329238ed4a66b97fedcb4960715c198,no,EPYC 9V45,AMD EPYC 9V45 96-Core Processor,4,go1.26.8,12,30,1.0047,0.9976,1.0222,0.9505,1.0949,1.0007,0,https://github.com/brandopakel/keel/actions/runs/37709345838
11521722149,37709364876,2026-10-08T00:44:52Z,workflow_dispatch,refactor/instance-contract-3,,success,acb13e2218035580d8ac5c042360cbfc17e4bdf1,b1322b83857907f853b77eba2efd8b390877ae09,no,EPYC 9V45,AMD EPYC 9V45 96-Core Processor,4,go1.26.8,12,30,1.0001,0.9893,1.0114,0.9475,1.069,0.9918,0,https://github.com/brandopakel/keel/actions/runs/37709364876
11520873431,37709368216,2026-10-08T00:44:55Z,workflow_dispatch,refactor/instance-contract-3,,success,acb13e2218035580d8ac5c042360cbfc17e4bdf1,b1322b83857907f853b77eba2efd8b390877ae09,no,EPYC 9V74,AMD EPYC 9V74 80-Core Processor,4,go1.26.8,12,30,0.998,0.9943,1.0029,0.973,1.048,1.0009,0,https://github.com/brandopakel/keel/actions/runs/37709368216
11521413739,37709371649,2026-10-08T00:44:57Z,workflow_dispatch,refactor/instance-contract-3,,success,65ebdbc3c49364f5b2c2828d326ca2e07f1a6a46,b1322b83857907f853b77eba2efd8b390877ae09,no,Xeon 8370C,Intel(R) Xeon(R) Platinum 8370C CPU @ 2.80GHz,4,go1.26.8,12,30,0.9002,0.8899,0.9054,0.7712,1.0383,0.9993,0,https://github.com/brandopakel/keel/actions/runs/37709371649
11522205470,37709448966,2026-10-08T00:45:48Z,workflow_dispatch,test/info-fields-layout-control,,success,83fe19a6b88d5d00c91444a466592f6136a25c71,72770518de08e69503f392af7fce3c5c0b3c2ce4,no,EPYC 7763,AMD EPYC 7763 64-Core Processor,4,go1.26.8,12,30,0.9932,0.9898,0.9951,0.902,1.0111,1.0009,0,https://github.com/brandopakel/keel/actions/runs/37709448966
11521533606,37709454544,2026-10-08T00:45:52Z,workflow_dispatch,test/info-fields-layout-control,,success,83fe19a6b88d5d00c91444a466592f6136a25c71,72770518de08e69503f392af7fce3c5c0b3c2ce4,no,EPYC 7763,AMD EPYC 7763 64-Core Processor,4,go1.26.8,12,30,0.9965,0.9929,0.9998,0.9032,1.0236,1.0009,0,https://github.com/brandopakel/keel/actions/runs/37709454544
11521857658,37709459687,2026-10-08T00:45:55Z,workflow_dispatch,test/info-fields-layout-control,,success,83fe19a6b88d5d00c91444a466592f6136a25c71,72770518de08e69503f392af7fce3c5c0b3c2ce4,no,EPYC 7763,AMD EPYC 7763 64-Core Processor,4,go1.26.8,12,30,0.996,0.9908,0.9987,0.905,1.0181,1.0012,0,https://github.com/brandopakel/keel/actions/runs/37709459687
11520939301,37709464981,2026-10-08T00:45:59Z,workflow_dispatch,feat/info-redis-fields,140,success,83fe19a6b88d5d00c91444a466592f6136a25c71,14159569f22d0b2feb0a4417336d2787bfe8f0e2,no,EPYC 9V74,AMD EPYC 9V74 80-Core Processor,4,go1.26.8,12,30,0.9923,0.9816,0.9963,0.9101,1.0461,1.0024,0,https://github.com/brandopakel/keel/actions/runs/37709464981
11521167694,37709470738,2026-10-08T00:46:03Z,workflow_dispatch,feat/info-redis-fields,140,success,83fe19a6b88d5d00c91444a466592f6136a25c71,14159569f22d0b2feb0a4417336d2787bfe8f0e2,no,EPYC 7763,AMD EPYC 7763 64-Core Processor,4,go1.26.8,12,30,0.9907,0.9882,0.9965,0.9469,1.0374,1.0,0,https://github.com/brandopakel/keel/actions/runs/37709470738
11521128660,37709476244,2026-10-08T00:46:07Z,workflow_dispatch,feat/info-redis-fields,140,success,83fe19a6b88d5d00c91444a466592f6136a25c71,14159569f22d0b2feb0a4417336d2787bfe8f0e2,no,Xeon 8573C,INTEL(R) XEON(R) PLATINUM 8573C,4,go1.26.8,12,30,0.9955,0.9915,0.9992,0.9199,1.0323,1.0005,0,https://github.com/brandopakel/keel/actions/runs/37709476244
11521273720,37711045754,2026-10-08T01:04:14Z,pull_request,refactor/instance-contract-2,149,success,83fe19a6b88d5d00c91444a466592f6136a25c71,c4d4fc5c29947c65261a836226b60ac8b8c47ff2,no,EPYC 9V74,AMD EPYC 9V74 80-Core Processor,4,go1.26.8,12,30,0.9921,0.9888,0.9961,0.9457,1.0158,1.0013,0,https://github.com/brandopakel/keel/actions/runs/37711045754
11522322286,37712372608,2026-10-08T01:19:48Z,workflow_dispatch,test/instance-contract-3-layout-control,,success,843d590ac54c687f179ef8fa8866c721a56fff0a,aceb5bac6ba99ce940c6a5a8cc4547f0f5b65d9d,no,EPYC 9V45,AMD EPYC 9V45 96-Core Processor,4,go1.26.8,12,30,0.9972,0.99,1.0039,0.9492,1.0625,0.9968,0,https://github.com/brandopakel/keel/actions/runs/37712372608
11523140195,37712376264,2026-10-08T01:19:51Z,workflow_dispatch,test/instance-contract-3-layout-control,,success,843d590ac54c687f179ef8fa8866c721a56fff0a,aceb5bac6ba99ce940c6a5a8cc4547f0f5b65d9d,no,EPYC 7763,AMD EPYC 7763 64-Core Processor,4,go1.26.8,12,30,1.0128,1.0077,1.0178,0.9603,1.0656,1.0008,0,https://github.com/brandopakel/keel/actions/runs/37712376264
11522755674,37712379856,2026-10-08T01:19:54Z,workflow_dispatch,refactor/instance-contract-3,,success,843d590ac54c687f179ef8fa8866c721a56fff0a,280e83bdd98cba6a013aaaf446926ad9d2170c66,no,EPYC 7763,AMD EPYC 7763 64-Core Processor,4,go1.26.8,12,30,1.0037,0.9982,1.0077,0.9566,1.038,0.9995,0,https://github.com/brandopakel/keel/actions/runs/37712379856
11523311122,37713217359,2026-10-08T01:29:56Z,pull_request,refactor/instance-contract-3,151,success,843d590ac54c687f179ef8fa8866c721a56fff0a,940a7c049e8ab53c9b030cacbc7aa548ebb54722,no,EPYC 9V74,AMD EPYC 9V74 80-Core Processor,4,go1.26.8,12,30,0.9999,0.9969,1.0037,0.9709,1.0419,1.0006,0,https://github.com/brandopakel/keel/actions/runs/37713217359
11523006415,37713232588,2026-10-08T01:30:06Z,workflow_dispatch,refactor/instance-contract-4,,success,280e83bdd98cba6a013aaaf446926ad9d2170c66,d9e95f907dcbf5eb86d61d443bc2d0315f5ac346,no,EPYC 7763,AMD EPYC 7763 64-Core Processor,4,go1.26.8,12,30,1.0025,0.9987,1.0078,0.9456,1.0725,0.9989,0,https://github.com/brandopakel/keel/actions/runs/37713232588
11522297767,37713237092,2026-10-08T01:30:09Z,workflow_dispatch,refactor/instance-contract-4,,success,280e83bdd98cba6a013aaaf446926ad9d2170c66,d9e95f907dcbf5eb86d61d443bc2d0315f5ac346,no,EPYC 7763,AMD EPYC 7763 64-Core Processor,4,go1.26.8,12,30,1.0048,1.0023,1.0075,0.9381,1.0698,0.9992,0,https://github.com/brandopakel/keel/actions/runs/37713237092
11522344153,37713241310,2026-10-08T01:30:12Z,workflow_dispatch,refactor/instance-contract-4,,success,65ebdbc3c49364f5b2c2828d326ca2e07f1a6a46,d9e95f907dcbf5eb86d61d443bc2d0315f5ac346,no,EPYC 9V45,AMD EPYC 9V45 96-Core Processor,4,go1.26.8,12,30,0.9258,0.907,0.9345,0.8103,1.025,1.0084,0,https://github.com/brandopakel/keel/actions/runs/37713241310
11523785808,37715023224,2026-10-08T01:51:53Z,workflow_dispatch,test/instance-contract-4-layout-control,,success,280e83bdd98cba6a013aaaf446926ad9d2170c66,e9bfd805f83a4d6729c2966a8c417a0fc7a744ec,no,EPYC 7763,AMD EPYC 7763 64-Core Processor,4,go1.26.8,12,30,0.9982,0.988,0.9998,0.9215,1.0355,0.9978,0,https://github.com/brandopakel/keel/actions/runs/37715023224
11522409673,37715029891,2026-10-08T01:51:57Z,workflow_dispatch,test/instance-contract-4-layout-control,,success,280e83bdd98cba6a013aaaf446926ad9d2170c66,e9bfd805f83a4d6729c2966a8c417a0fc7a744ec,no,EPYC 7763,AMD EPYC 7763 64-Core Processor,4,go1.26.8,12,30,0.9978,0.9901,1.0004,0.9236,1.0382,0.9991,0,https://github.com/brandopakel/keel/actions/runs/37715029891
11523767098,37715626226,2026-10-08T01:59:20Z,workflow_dispatch,test/instance-contract-3-reverse-control,,success,843d590ac54c687f179ef8fa8866c721a56fff0a,85d6e4f716340e46b942e9f0e74eb92b60818c02,no,Xeon 8370C,Intel(R) Xeon(R) Platinum 8370C CPU @ 2.80GHz,4,go1.26.8,12,30,0.9941,0.992,0.9989,0.9636,1.0457,0.9976,0,https://github.com/brandopakel/keel/actions/runs/37715626226
11522754908,37715632854,2026-10-08T01:59:25Z,workflow_dispatch,test/instance-contract-3-reverse-control,,success,843d590ac54c687f179ef8fa8866c721a56fff0a,85d6e4f716340e46b942e9f0e74eb92b60818c02,no,EPYC 9V45,AMD EPYC 9V45 96-Core Processor,4,go1.26.8,12,30,0.9915,0.9809,0.9982,0.9255,1.0423,1.003,0,https://github.com/brandopakel/keel/actions/runs/37715632854
11523811882,37715639128,2026-10-08T01:59:29Z,workflow_dispatch,test/instance-contract-3-reverse-control,,success,843d590ac54c687f179ef8fa8866c721a56fff0a,85d6e4f716340e46b942e9f0e74eb92b60818c02,no,EPYC 7763,AMD EPYC 7763 64-Core Processor,4,go1.26.8,12,30,1.0026,0.9976,1.0071,0.9511,1.0426,1.0015,0,https://github.com/brandopakel/keel/actions/runs/37715639128
11523593064,37715820883,2026-10-08T02:01:34Z,workflow_dispatch,refactor/instance-contract-5,,success,d9e95f907dcbf5eb86d61d443bc2d0315f5ac346,e159802965aa73395267bb11d673167688293604,no,EPYC 7763,AMD EPYC 7763 64-Core Processor,4,go1.26.8,12,30,0.9795,0.9746,0.9844,0.8898,1.0407,1.0,0,https://github.com/brandopakel/keel/actions/runs/37715820883
11524085694,37715826848,2026-10-08T02:01:38Z,workflow_dispatch,refactor/instance-contract-5,,success,d9e95f907dcbf5eb86d61d443bc2d0315f5ac346,e159802965aa73395267bb11d673167688293604,no,Xeon 8370C,Intel(R) Xeon(R) Platinum 8370C CPU @ 2.80GHz,4,go1.26.8,12,30,1.0028,0.9964,1.007,0.9788,1.0238,0.9996,0,https://github.com/brandopakel/keel/actions/runs/37715826848
11523877400,37716185170,2026-10-08T02:05:51Z,workflow_dispatch,test/instance-contract-3-reverse-control,,success,843d590ac54c687f179ef8fa8866c721a56fff0a,85d6e4f716340e46b942e9f0e74eb92b60818c02,no,EPYC 7763,AMD EPYC 7763 64-Core Processor,4,go1.26.8,12,30,1.0034,1.0,1.0057,0.949,1.0441,0.9982,0,https://github.com/brandopakel/keel/actions/runs/37716185170
11524185842,37716189935,2026-10-08T02:05:54Z,workflow_dispatch,test/instance-contract-3-reverse-control,,success,843d590ac54c687f179ef8fa8866c721a56fff0a,85d6e4f716340e46b942e9f0e74eb92b60818c02,no,EPYC 7763,AMD EPYC 7763 64-Core Processor,4,go1.26.8,12,30,1.0036,1.0001,1.0076,0.945,1.0417,0.999,0,https://github.com/brandopakel/keel/actions/runs/37716189935
11524335477,37716195009,2026-10-08T02:05:58Z,workflow_dispatch,test/instance-contract-3-reverse-control,,success,843d590ac54c687f179ef8fa8866c721a56fff0a,85d6e4f716340e46b942e9f0e74eb92b60818c02,no,EPYC 7763,AMD EPYC 7763 64-Core Processor,4,go1.26.8,12,30,1.0034,0.999,1.0095,0.9491,1.049,1.0005,0,https://github.com/brandopakel/keel/actions/runs/37716195009
11523887405,37716200042,2026-10-08T02:06:01Z,workflow_dispatch,test/instance-contract-3-reverse-control,,success,843d590ac54c687f179ef8fa8866c721a56fff0a,85d6e4f716340e46b942e9f0e74eb92b60818c02,no,Xeon 8370C,Intel(R) Xeon(R) Platinum 8370C CPU @ 2.80GHz,4,go1.26.8,12,30,0.995,0.9923,0.9965,0.9677,1.0285,1.0011,0,https://github.com/brandopakel/keel/actions/runs/37716200042
11524346026,37716205266,2026-10-08T02:06:05Z,workflow_dispatch,test/instance-contract-3-reverse-control,,success,85d6e4f716340e46b942e9f0e74eb92b60818c02,280e83bdd98cba6a013aaaf446926ad9d2170c66,no,EPYC 7763,AMD EPYC 7763 64-Core Processor,4,go1.26.8,12,30,0.9982,0.9952,1.0004,0.9884,1.0134,1.0004,0,https://github.com/brandopakel/keel/actions/runs/37716205266
11523299314,37716210696,2026-10-08T02:06:09Z,workflow_dispatch,test/instance-contract-3-reverse-control,,success,85d6e4f716340e46b942e9f0e74eb92b60818c02,280e83bdd98cba6a013aaaf446926ad9d2170c66,no,EPYC 9V45,AMD EPYC 9V45 96-Core Processor,4,go1.26.8,12,30,1.0025,0.9984,1.008,0.9854,1.0265,0.9966,0,https://github.com/brandopakel/keel/actions/runs/37716210696
11523599826,37716863303,2026-10-08T02:14:08Z,pull_request,refactor/instance-contract-4,152,success,c340d0a277f768084124e9559f8f0b34e5a707d7,82a75f5c4883605c99faadb6772e4ccbc06a9896,no,EPYC 7763,AMD EPYC 7763 64-Core Processor,4,go1.26.8,12,30,1.0094,1.0055,1.0153,0.9412,1.0677,1.0014,0,https://github.com/brandopakel/keel/actions/runs/37716863303
11524068842,37716899318,2026-10-08T02:14:33Z,workflow_dispatch,refactor/instance-contract-5,,success,ddb4ec00fb2808ae61d1a43bc4d846c412bc9531,2e988e7a7acc03cdd7732019d56a954dff64d8a6,no,EPYC 9V74,AMD EPYC 9V74 80-Core Processor,4,go1.26.8,12,30,0.9977,0.9908,1.0009,0.8954,1.0289,1.0022,0,https://github.com/brandopakel/keel/actions/runs/37716899318
11523849422,37716904123,2026-10-08T02:14:37Z,workflow_dispatch,refactor/instance-contract-5,,success,ddb4ec00fb2808ae61d1a43bc4d846c412bc9531,2e988e7a7acc03cdd7732019d56a954dff64d8a6,no,Xeon 6973P-C,Intel(R) Xeon(R) 6973P-C,4,go1.26.8,12,30,1.0028,0.9975,1.0076,0.9722,1.0355,0.9994,0,https://github.com/brandopakel/keel/actions/runs/37716904123
11523999498,37716909367,2026-10-08T02:14:41Z,workflow_dispatch,refactor/instance-contract-5,,success,65ebdbc3c49364f5b2c2828d326ca2e07f1a6a46,2e988e7a7acc03cdd7732019d56a954dff64d8a6,no,EPYC 9V74,AMD EPYC 9V74 80-Core Processor,4,go1.26.8,12,30,0.9144,0.9038,0.9207,0.7755,1.0138,0.9977,0,https://github.com/brandopakel/keel/actions/runs/37716909367
11524750297,37716924058,2026-10-08T02:14:51Z,workflow_dispatch,test/info-fields-in-place,,success,83fe19a6b88d5d00c91444a466592f6136a25c71,8fe834f9d99ce8ab226fba0c41f0fbaf859c5d9d,no,EPYC 9V45,AMD EPYC 9V45 96-Core Processor,4,go1.26.8,12,30,0.9998,0.9899,1.004,0.8996,1.0598,0.9987,0,https://github.com/brandopakel/keel/actions/runs/37716924058
11524273494,37716928545,2026-10-08T02:14:55Z,workflow_dispatch,test/info-fields-in-place,,success,83fe19a6b88d5d00c91444a466592f6136a25c71,8fe834f9d99ce8ab226fba0c41f0fbaf859c5d9d,no,Xeon 8370C,Intel(R) Xeon(R) Platinum 8370C CPU @ 2.80GHz,4,go1.26.8,12,30,0.997,0.9927,1.0009,0.7888,1.0197,1.0001,0,https://github.com/brandopakel/keel/actions/runs/37716928545
11524831173,37716933773,2026-10-08T02:14:58Z,workflow_dispatch,test/info-fields-in-place,,success,83fe19a6b88d5d00c91444a466592f6136a25c71,8fe834f9d99ce8ab226fba0c41f0fbaf859c5d9d,no,EPYC 9V74,AMD EPYC 9V74 80-Core Processor,4,go1.26.8,12,30,0.988,0.9848,0.9989,0.93,1.0393,1.0023,0,https://github.com/brandopakel/keel/actions/runs/37716933773
11524920314,37717036617,2026-10-08T02:16:10Z,workflow_dispatch,feat/info-redis-fields,140,success,c340d0a277f768084124e9559f8f0b34e5a707d7,191599225fc75895097a84168c6ba7d205c65594,no,Xeon 8370C,Intel(R) Xeon(R) Platinum 8370C CPU @ 2.80GHz,4,go1.26.8,12,30,1.0078,1.0056,1.0123,0.9673,1.0559,0.9971,0,https://github.com/brandopakel/keel/actions/runs/37717036617
11524262898,37717040240,2026-10-08T02:16:12Z,pull_request,feat/info-redis-fields,140,success,c340d0a277f768084124e9559f8f0b34e5a707d7,2b1cb4a0147b195bf983e2dca7b1a75bc831f844,no,EPYC 9V74,AMD EPYC 9V74 80-Core Processor,4,go1.26.8,12,30,0.997,0.991,1.0004,0.9553,1.0192,1.0006,0,https://github.com/brandopakel/keel/actions/runs/37717040240
11523933459,37717041720,2026-10-08T02:16:14Z,workflow_dispatch,feat/info-redis-fields,140,success,c340d0a277f768084124e9559f8f0b34e5a707d7,191599225fc75895097a84168c6ba7d205c65594,no,EPYC 9V45,AMD EPYC 9V45 96-Core Processor,4,go1.26.8,12,30,1.002,0.9914,1.0127,0.942,1.0682,0.9951,0,https://github.com/brandopakel/keel/actions/runs/37717041720
11524149584,37717047110,2026-10-08T02:16:17Z,workflow_dispatch,feat/info-redis-fields,140,success,c340d0a277f768084124e9559f8f0b34e5a707d7,191599225fc75895097a84168c6ba7d205c65594,no,EPYC 9V74,AMD EPYC 9V74 80-Core Processor,4,go1.26.8,12,30,0.9957,0.9893,0.9976,0.9593,1.017,1.0012,0,https://github.com/brandopakel/keel/actions/runs/37717047110
11524302767,37717776645,2026-10-08T02:25:17Z,workflow_dispatch,refactor/instance-contract-5,,success,ddb4ec00fb2808ae61d1a43bc4d846c412bc9531,2e988e7a7acc03cdd7732019d56a954dff64d8a6,no,EPYC 7763,AMD EPYC 7763 64-Core Processor,4,go1.26.8,12,30,0.987,0.9766,0.9901,0.9017,1.033,0.9974,0,https://github.com/brandopakel/keel/actions/runs/37717776645
11524493733,37717782175,2026-10-08T02:25:21Z,workflow_dispatch,refactor/instance-contract-5,,success,ddb4ec00fb2808ae61d1a43bc4d846c412bc9531,2e988e7a7acc03cdd7732019d56a954dff64d8a6,no,EPYC 7763,AMD EPYC 7763 64-Core Processor,4,go1.26.8,12,30,0.9768,0.9699,0.9822,0.8929,1.0347,1.0002,0,https://github.com/brandopakel/keel/actions/runs/37717782175
11526344214,37722517032,2026-10-08T03:23:50Z,pull_request,refactor/instance-contract-5,153,success,87d3b4074e739fa7ff185fa66cb5bee7706e383e,b9b7cd55cbc107c7bc75540789d2497043d51254,no,EPYC 9V74,AMD EPYC 9V74 80-Core Processor,4,go1.26.8,12,30,0.9948,0.9884,0.9966,0.8971,1.0177,1.0005,0,https://github.com/brandopakel/keel/actions/runs/37722517032
11527030794,37723343958,2026-10-08T03:34:11Z,pull_request,refactor/instance-contract-5,153,success,87d3b4074e739fa7ff185fa66cb5bee7706e383e,1c068d9930973fb95138872f5254c2200179eeef,no,Xeon 8573C,INTEL(R) XEON(R) PLATINUM 8573C,4,go1.26.8,12,30,1.0124,1.0038,1.0145,0.931,1.0376,0.9997,0,https://github.com/brandopakel/keel/actions/runs/37723343958
11527490168,37723362740,2026-10-08T03:34:25Z,workflow_dispatch,refactor/instance-contract-5,153,success,ddb4ec00fb2808ae61d1a43bc4d846c412bc9531,1836012da13670839e3a10ee653d02c584c20df7,no,EPYC 7763,AMD EPYC 7763 64-Core Processor,4,go1.26.8,12,30,0.9705,0.9638,0.9737,0.866,1.0056,0.9991,0,https://github.com/brandopakel/keel/actions/runs/37723362740
11526957111,37723367860,2026-10-08T03:34:28Z,workflow_dispatch,refactor/instance-contract-5,153,success,ddb4ec00fb2808ae61d1a43bc4d846c412bc9531,1836012da13670839e3a10ee653d02c584c20df7,no,EPYC 7763,AMD EPYC 7763 64-Core Processor,4,go1.26.8,12,30,0.9721,0.9686,0.9774,0.8707,1.0033,0.9992,0,https://github.com/brandopakel/keel/actions/runs/37723367860
11527143484,37724624624,2026-10-08T03:50:29Z,workflow_dispatch,refactor/instance-contract-5,153,success,65ebdbc3c49364f5b2c2828d326ca2e07f1a6a46,1836012da13670839e3a10ee653d02c584c20df7,no,Xeon 8370C,Intel(R) Xeon(R) Platinum 8370C CPU @ 2.80GHz,4,go1.26.8,12,30,0.9198,0.9079,0.9395,0.7569,1.0427,0.9944,0,https://github.com/brandopakel/keel/actions/runs/37724624624
11527399081,37725247238,2026-10-08T03:58:26Z,workflow_dispatch,feat/info-redis-fields,140,success,87d3b4074e739fa7ff185fa66cb5bee7706e383e,76d92cd3218ee4aabeea9470222c13364bbecf10,no,EPYC 7763,AMD EPYC 7763 64-Core Processor,4,go1.26.8,12,30,0.9898,0.9871,0.9918,0.8806,1.0234,1.0003,0,https://github.com/brandopakel/keel/actions/runs/37725247238
11527288090,37725251377,2026-10-08T03:58:29Z,pull_request,feat/info-redis-fields,140,success,87d3b4074e739fa7ff185fa66cb5bee7706e383e,4b5c72db436ca59f227e8f69838905e037ea1190,no,EPYC 9V74,AMD EPYC 9V74 80-Core Processor,4,go1.26.8,12,30,0.9908,0.9863,0.9965,0.8686,1.0245,0.9971,0,https://github.com/brandopakel/keel/actions/runs/37725251377
11527377736,37725252081,2026-10-08T03:58:30Z,workflow_dispatch,feat/info-redis-fields,140,success,87d3b4074e739fa7ff185fa66cb5bee7706e383e,76d92cd3218ee4aabeea9470222c13364bbecf10,no,EPYC 7763,AMD EPYC 7763 64-Core Processor,4,go1.26.8,12,30,0.9881,0.9843,0.9912,0.8748,1.0068,0.9998,0,https://github.com/brandopakel/keel/actions/runs/37725252081
11527995540,37725256444,2026-10-08T03:58:33Z,workflow_dispatch,feat/info-redis-fields,140,success,87d3b4074e739fa7ff185fa66cb5bee7706e383e,76d92cd3218ee4aabeea9470222c13364bbecf10,no,Xeon 6973P-C,Intel(R) Xeon(R) 6973P-C,4,go1.26.8,12,30,0.9988,0.9911,1.007,0.9198,1.0534,1.0013,0,https://github.com/brandopakel/keel/actions/runs/37725256444
11528075858,37725502118,2026-10-08T04:01:37Z,workflow_dispatch,refactor/instance-contract-5,153,success,65ebdbc3c49364f5b2c2828d326ca2e07f1a6a46,1836012da13670839e3a10ee653d02c584c20df7,no,EPYC 7763,AMD EPYC 7763 64-Core Processor,4,go1.26.8,12,30,0.9,0.8943,0.905,0.7525,1.0056,1.0009,0,https://github.com/brandopakel/keel/actions/runs/37725502118
11528410409,37726222175,2026-10-08T04:10:42Z,pull_request,refactor/instance-contract-5,153,success,87d3b4074e739fa7ff185fa66cb5bee7706e383e,1fce6c07b539b03a7b9d96d5a598b05872344c2b,no,EPYC 7763,AMD EPYC 7763 64-Core Processor,4,go1.26.8,12,30,0.9725,0.9684,0.9787,0.8805,0.9965,0.9986,0,https://github.com/brandopakel/keel/actions/runs/37726222175
11529280084,37727183078,2026-10-08T04:22:38Z,workflow_dispatch,fix/aof-short-write-truncate,,cancelled,62110799eb108b351d0b61e3a938c8b873d776bf,69cb9037a1ab7a49effc3fcbf68ba59adfe7d4db,no,Xeon 8370C,Intel(R) Xeon(R) Platinum 8370C CPU @ 2.80GHz,4,go1.26.8,,0,,,,,,,1,https://github.com/brandopakel/keel/actions/runs/37727183078
11528432161,37727187675,2026-10-08T04:22:41Z,workflow_dispatch,fix/aof-short-write-truncate,,cancelled,62110799eb108b351d0b61e3a938c8b873d776bf,69cb9037a1ab7a49effc3fcbf68ba59adfe7d4db,no,EPYC 7763,AMD EPYC 7763 64-Core Processor,4,go1.26.8,,0,,,,,,,1,https://github.com/brandopakel/keel/actions/runs/37727187675
11528164733,37727192588,2026-10-08T04:22:45Z,workflow_dispatch,fix/aof-short-write-truncate,,cancelled,65ebdbc3c49364f5b2c2828d326ca2e07f1a6a46,69cb9037a1ab7a49effc3fcbf68ba59adfe7d4db,no,EPYC 9V74,AMD EPYC 9V74 80-Core Processor,4,go1.26.8,,0,,,,,,,1,https://github.com/brandopakel/keel/actions/runs/37727192588
11528084331,37727216619,2026-10-08T04:23:03Z,workflow_dispatch,feat/info-redis-fields,140,success,62110799eb108b351d0b61e3a938c8b873d776bf,1cac0b8e4fbb330093bfac4e8b6401de04cfe322,no,EPYC 7763,AMD EPYC 7763 64-Core Processor,4,go1.26.8,12,30,0.9991,0.9924,1.0022,0.9264,1.031,1.0003,0,https://github.com/brandopakel/keel/actions/runs/37727216619
11528885764,37727219308,2026-10-08T04:23:05Z,pull_request,feat/info-redis-fields,140,success,62110799eb108b351d0b61e3a938c8b873d776bf,3ce3f37a57233a587de72f420f82d407bb232b27,no,EPYC 7763,AMD EPYC 7763 64-Core Processor,4,go1.26.8,12,30,0.9971,0.9946,1.0025,0.9395,1.0328,1.0,0,https://github.com/brandopakel/keel/actions/runs/37727219308
11528323672,37727221644,2026-10-08T04:23:07Z,workflow_dispatch,feat/info-redis-fields,140,success,62110799eb108b351d0b61e3a938c8b873d776bf,1cac0b8e4fbb330093bfac4e8b6401de04cfe322,no,EPYC 7763,AMD EPYC 7763 64-Core Processor,4,go1.26.8,12,30,0.9925,0.9909,0.9965,0.9359,1.032,1.0028,0,https://github.com/brandopakel/keel/actions/runs/37727221644
11528860989,37727226611,2026-10-08T04:23:10Z,workflow_dispatch,feat/info-redis-fields,140,success,62110799eb108b351d0b61e3a938c8b873d776bf,1cac0b8e4fbb330093bfac4e8b6401de04cfe322,no,EPYC 9V45,AMD EPYC 9V45 96-Core Processor,4,go1.26.8,12,30,1.0046,0.997,1.0102,0.9717,1.0503,1.0,0,https://github.com/brandopakel/keel/actions/runs/37727226611
11529535815,37728906865,2026-10-08T04:44:12Z,workflow_dispatch,fix/aof-short-write-truncate,,success,62110799eb108b351d0b61e3a938c8b873d776bf,875bb64738ccf465f2dcb7088bf50307a4b93444,no,EPYC 7763,AMD EPYC 7763 64-Core Processor,4,go1.26.8,12,30,0.9972,0.9945,1.0038,0.9641,1.0418,0.9995,0,https://github.com/brandopakel/keel/actions/runs/37728906865
11529286941,37728911975,2026-10-08T04:44:16Z,workflow_dispatch,fix/aof-short-write-truncate,,success,62110799eb108b351d0b61e3a938c8b873d776bf,875bb64738ccf465f2dcb7088bf50307a4b93444,no,EPYC 7763,AMD EPYC 7763 64-Core Processor,4,go1.26.8,12,30,0.9948,0.9918,1.0026,0.97,1.0419,0.9998,0,https://github.com/brandopakel/keel/actions/runs/37728911975
11529391481,37728917117,2026-10-08T04:44:19Z,workflow_dispatch,fix/aof-short-write-truncate,,success,65ebdbc3c49364f5b2c2828d326ca2e07f1a6a46,875bb64738ccf465f2dcb7088bf50307a4b93444,no,EPYC 7763,AMD EPYC 7763 64-Core Processor,4,go1.26.8,12,30,0.9027,0.899,0.9059,0.7731,1.0043,0.998,0,https://github.com/brandopakel/keel/actions/runs/37728917117
11528802683,37728921889,2026-10-08T04:44:23Z,workflow_dispatch,perf/always-sync-outside-lock,,success,875bb64738ccf465f2dcb7088bf50307a4b93444,7ebe38e1590aef7fabe13838b4bfadc9d12b5ea9,no,EPYC 9V74,AMD EPYC 9V74 80-Core Processor,4,go1.26.8,12,30,1.0145,1.0086,1.0175,0.986,1.0296,1.0019,0,https://github.com/brandopakel/keel/actions/runs/37728921889
11529371710,37728926435,2026-10-08T04:44:26Z,workflow_dispatch,perf/always-sync-outside-lock,,success,875bb64738ccf465f2dcb7088bf50307a4b93444,7ebe38e1590aef7fabe13838b4bfadc9d12b5ea9,no,EPYC 7763,AMD EPYC 7763 64-Core Processor,4,go1.26.8,12,30,1.0009,0.9957,1.0032,0.9592,1.0261,1.0011,0,https://github.com/brandopakel/keel/actions/runs/37728926435
11528584916,37730304882,2026-10-08T05:01:26Z,workflow_dispatch,test/followup-2-layout-control,,success,62110799eb108b351d0b61e3a938c8b873d776bf,e249bfbc547f156ed937795de0e6dc48f116de21,no,EPYC 9V45,AMD EPYC 9V45 96-Core Processor,4,go1.26.8,12,30,0.9962,0.9856,1.0016,0.9373,1.0302,1.0031,0,https://github.com/brandopakel/keel/actions/runs/37730304882
11528584900,37730309756,2026-10-08T05:01:30Z,workflow_dispatch,test/followup-2-layout-control,,success,62110799eb108b351d0b61e3a938c8b873d776bf,e249bfbc547f156ed937795de0e6dc48f116de21,no,Xeon 8573C,INTEL(R) XEON(R) PLATINUM 8573C,4,go1.26.8,12,30,0.992,0.9889,0.9975,0.9811,1.0156,1.0002,0,https://github.com/brandopakel/keel/actions/runs/37730309756
11529900940,37730886409,2026-10-08T05:08:33Z,workflow_dispatch,feat/server-log-failures-as-redis,,success,7ebe38e1590aef7fabe13838b4bfadc9d12b5ea9,e16ca91931980e09be3f953de791da9ff3506483,no,Xeon 8573C,INTEL(R) XEON(R) PLATINUM 8573C,4,go1.26.8,12,30,1.0054,0.9969,1.0156,0.9649,1.0401,1.0027,0,https://github.com/brandopakel/keel/actions/runs/37730886409
11530160897,37730891848,2026-10-08T05:08:37Z,workflow_dispatch,feat/server-log-failures-as-redis,,success,7ebe38e1590aef7fabe13838b4bfadc9d12b5ea9,e16ca91931980e09be3f953de791da9ff3506483,no,EPYC 7763,AMD EPYC 7763 64-Core Processor,4,go1.26.8,12,30,1.0142,1.009,1.0163,0.9799,1.0913,1.0017,0,https://github.com/brandopakel/keel/actions/runs/37730891848
11530315277,37730999235,2026-10-08T05:09:56Z,workflow_dispatch,test/followup-2-layout-control,,cancelled,62110799eb108b351d0b61e3a938c8b873d776bf,e249bfbc547f156ed937795de0e6dc48f116de21,no,EPYC 9V74,AMD EPYC 9V74 80-Core Processor,4,go1.26.8,,0,,,,,,,1,https://github.com/brandopakel/keel/actions/runs/37730999235
11529394961,37731004568,2026-10-08T05:10:00Z,workflow_dispatch,test/followup-2-layout-control,,cancelled,62110799eb108b351d0b61e3a938c8b873d776bf,e249bfbc547f156ed937795de0e6dc48f116de21,no,EPYC 7763,AMD EPYC 7763 64-Core Processor,4,go1.26.8,,0,,,,,,,1,https://github.com/brandopakel/keel/actions/runs/37731004568
11529742708,37731010410,2026-10-08T05:10:04Z,workflow_dispatch,test/followup-2-layout-control,,cancelled,62110799eb108b351d0b61e3a938c8b873d776bf,e249bfbc547f156ed937795de0e6dc48f116de21,no,EPYC 7763,AMD EPYC 7763 64-Core Processor,4,go1.26.8,,0,,,,,,,1,https://github.com/brandopakel/keel/actions/runs/37731010410
11530610176,37731066916,2026-10-08T05:10:43Z,pull_request,fix/aof-short-write-truncate,,success,7de6198c28fe596753885a4b6612ba6e51de0588,381d47a9f3ba4207da5b16a496190edb04db3872,no,EPYC 7763,AMD EPYC 7763 64-Core Processor,4,go1.26.8,12,30,1.0092,1.0009,1.0138,0.9595,1.0458,0.9994,0,https://github.com/brandopakel/keel/actions/runs/37731066916
11530126164,37731195978,2026-10-08T05:12:16Z,workflow_dispatch,fix/aof-short-write-truncate,155,success,7de6198c28fe596753885a4b6612ba6e51de0588,15da7ed71a5950e95ac6376c473e97ca60086fd7,no,EPYC 7763,AMD EPYC 7763 64-Core Processor,4,go1.26.8,12,30,1.004,1.0015,1.0095,0.959,1.0423,0.9991,0,https://github.com/brandopakel/keel/actions/runs/37731195978
11530011537,37731201342,2026-10-08T05:12:19Z,workflow_dispatch,fix/aof-short-write-truncate,155,success,7de6198c28fe596753885a4b6612ba6e51de0588,15da7ed71a5950e95ac6376c473e97ca60086fd7,no,EPYC 7763,AMD EPYC 7763 64-Core Processor,4,go1.26.8,12,30,1.004,1.0007,1.0067,0.9552,1.0426,0.9983,0,https://github.com/brandopakel/keel/actions/runs/37731201342
11530131003,37731202183,2026-10-08T05:12:20Z,pull_request,fix/aof-short-write-truncate,155,success,7de6198c28fe596753885a4b6612ba6e51de0588,bb304ae966a7fee976821eef1dd204e4194e5fc3,no,EPYC 7763,AMD EPYC 7763 64-Core Processor,4,go1.26.8,12,30,1.0056,1.0014,1.0108,0.9571,1.0497,0.9996,0,https://github.com/brandopakel/keel/actions/runs/37731202183
11530306697,37731206372,2026-10-08T05:12:23Z,workflow_dispatch,fix/aof-short-write-truncate,155,success,65ebdbc3c49364f5b2c2828d326ca2e07f1a6a46,15da7ed71a5950e95ac6376c473e97ca60086fd7,no,EPYC 7763,AMD EPYC 7763 64-Core Processor,4,go1.26.8,12,30,0.9117,0.9031,0.918,0.7878,1.0061,0.9987,0,https://github.com/brandopakel/keel/actions/runs/37731206372
11529629650,37731211231,2026-10-08T05:12:27Z,workflow_dispatch,test/followup-2-layout-control-b,,success,7de6198c28fe596753885a4b6612ba6e51de0588,df8164b31b214f285297bb80c161a3e9216de080,no,EPYC 9V45,AMD EPYC 9V45 96-Core Processor,4,go1.26.8,12,30,0.9963,0.9894,1.0041,0.9454,1.0323,1.0046,0,https://github.com/brandopakel/keel/actions/runs/37731211231
11529931739,37731216445,2026-10-08T05:12:30Z,workflow_dispatch,test/followup-2-layout-control-b,,success,7de6198c28fe596753885a4b6612ba6e51de0588,df8164b31b214f285297bb80c161a3e9216de080,no,EPYC 7763,AMD EPYC 7763 64-Core Processor,4,go1.26.8,12,30,1.0055,1.0019,1.0101,0.9582,1.0522,0.9975,0,https://github.com/brandopakel/keel/actions/runs/37731216445
11530222447,37731222031,2026-10-08T05:12:34Z,workflow_dispatch,test/followup-2-layout-control-b,,success,7de6198c28fe596753885a4b6612ba6e51de0588,df8164b31b214f285297bb80c161a3e9216de080,no,EPYC 9V74,AMD EPYC 9V74 80-Core Processor,4,go1.26.8,12,30,1.0005,0.9958,1.0058,0.9613,1.0337,0.9976,0,https://github.com/brandopakel/keel/actions/runs/37731222031
11530860935,37732308777,2026-10-08T05:25:35Z,workflow_dispatch,test/followup-2-layout-control-b,,success,7de6198c28fe596753885a4b6612ba6e51de0588,df8164b31b214f285297bb80c161a3e9216de080,no,EPYC 7763,AMD EPYC 7763 64-Core Processor,4,go1.26.8,12,30,1.0078,1.0047,1.0121,0.958,1.0588,1.002,0,https://github.com/brandopakel/keel/actions/runs/37732308777
11531000223,37732314091,2026-10-08T05:25:39Z,workflow_dispatch,test/followup-2-layout-control-b,,success,7de6198c28fe596753885a4b6612ba6e51de0588,df8164b31b214f285297bb80c161a3e9216de080,no,EPYC 9V45,AMD EPYC 9V45 96-Core Processor,4,go1.26.8,12,30,1.002,0.9989,1.0081,0.9436,1.0611,0.9993,0,https://github.com/brandopakel/keel/actions/runs/37732314091
11530896145,37732398693,2026-10-08T05:26:40Z,workflow_dispatch,feat/info-config-get,156,success,7de6198c28fe596753885a4b6612ba6e51de0588,c18fce158364b9422985e6c488a2048354d84158,no,EPYC 7763,AMD EPYC 7763 64-Core Processor,4,go1.26.8,12,30,1.0067,1.0011,1.0108,0.9683,1.0336,0.9996,0,https://github.com/brandopakel/keel/actions/runs/37732398693
11530188574,37732406190,2026-10-08T05:26:45Z,workflow_dispatch,feat/info-config-get,156,success,7de6198c28fe596753885a4b6612ba6e51de0588,c18fce158364b9422985e6c488a2048354d84158,no,EPYC 7763,AMD EPYC 7763 64-Core Processor,4,go1.26.8,12,30,1.0058,1.0006,1.0122,0.9732,1.0363,0.9992,0,https://github.com/brandopakel/keel/actions/runs/37732406190
11530293436,37732414227,2026-10-08T05:26:51Z,workflow_dispatch,feat/info-config-get,156,success,7de6198c28fe596753885a4b6612ba6e51de0588,c18fce158364b9422985e6c488a2048354d84158,no,Xeon 8370C,Intel(R) Xeon(R) Platinum 8370C CPU @ 2.80GHz,4,go1.26.8,12,30,0.9976,0.9937,1.003,0.9645,1.0303,1.0026,0,https://github.com/brandopakel/keel/actions/runs/37732414227
11530866382,37732472112,2026-10-08T05:27:33Z,pull_request,feat/info-config-get,156,success,7de6198c28fe596753885a4b6612ba6e51de0588,10bcd2c3b167076e2a8fa42151a118ffbe16cebd,no,EPYC 9V45,AMD EPYC 9V45 96-Core Processor,4,go1.26.8,12,30,0.9938,0.9811,1.0009,0.9531,1.1009,0.9976,0,https://github.com/brandopakel/keel/actions/runs/37732472112
11530138048,37732797906,2026-10-08T05:31:22Z,workflow_dispatch,test/cmdstats-cost-probe,,success,7de6198c28fe596753885a4b6612ba6e51de0588,a17145a9c5e5fbb76f657a219917ea562f74f004,no,EPYC 7763,AMD EPYC 7763 64-Core Processor,4,go1.26.8,12,30,1.005,1.0019,1.0095,0.9885,1.0741,0.9991,0,https://github.com/brandopakel/keel/actions/runs/37732797906
11530503542,37732803633,2026-10-08T05:31:26Z,workflow_dispatch,test/cmdstats-cost-probe,,success,a17145a9c5e5fbb76f657a219917ea562f74f004,daf7f72f24674bf8ddd09459e7635b81fef5bb04,no,EPYC 7763,AMD EPYC 7763 64-Core Processor,4,go1.26.8,12,30,1.1126,1.1011,1.1185,1.0063,1.298,0.9998,0,https://github.com/brandopakel/keel/actions/runs/37732803633
11530762826,37732809665,2026-10-08T05:31:31Z,workflow_dispatch,test/cmdstats-cost-probe,,success,7de6198c28fe596753885a4b6612ba6e51de0588,a17145a9c5e5fbb76f657a219917ea562f74f004,no,EPYC 9V74,AMD EPYC 9V74 80-Core Processor,4,go1.26.8,12,30,1.005,1.0008,1.0133,0.9854,1.0461,1.0004,0,https://github.com/brandopakel/keel/actions/runs/37732809665
11530008210,37732816107,2026-10-08T05:31:35Z,workflow_dispatch,test/cmdstats-cost-probe,,success,a17145a9c5e5fbb76f657a219917ea562f74f004,daf7f72f24674bf8ddd09459e7635b81fef5bb04,no,EPYC 7763,AMD EPYC 7763 64-Core Processor,4,go1.26.8,12,30,1.1133,1.11,1.1161,0.9991,1.2938,0.9993,0,https://github.com/brandopakel/keel/actions/runs/37732816107
11530881940,37732822771,2026-10-08T05:31:40Z,workflow_dispatch,test/cmdstats-cost-probe,,success,7de6198c28fe596753885a4b6612ba6e51de0588,a17145a9c5e5fbb76f657a219917ea562f74f004,no,EPYC 7763,AMD EPYC 7763 64-Core Processor,4,go1.26.8,12,30,1.0052,1.0007,1.011,0.9716,1.0788,0.9993,0,https://github.com/brandopakel/keel/actions/runs/37732822771
11531001099,37732829710,2026-10-08T05:31:45Z,workflow_dispatch,test/cmdstats-cost-probe,,success,a17145a9c5e5fbb76f657a219917ea562f74f004,daf7f72f24674bf8ddd09459e7635b81fef5bb04,no,EPYC 7763,AMD EPYC 7763 64-Core Processor,4,go1.26.8,12,30,1.1133,1.1106,1.1171,1.0013,1.3073,0.9987,0,https://github.com/brandopakel/keel/actions/runs/37732829710
11531224559,37735774921,2026-10-08T06:05:57Z,pull_request,fix/aof-short-write-truncate,155,success,7de6198c28fe596753885a4b6612ba6e51de0588,e2ef6a201ffc39cda9cf931cf630ec8066b9b3ed,no,EPYC 7763,AMD EPYC 7763 64-Core Processor,4,go1.26.8,12,30,1.0065,1.005,1.0126,0.9608,1.0553,0.9993,0,https://github.com/brandopakel/keel/actions/runs/37735774921
11531844221,37736724248,2026-10-08T06:16:40Z,workflow_dispatch,perf/always-sync-outside-lock,,success,146a9bc3eb23e067cc7a4c18e703a387001af3f6,238f31dea8c2eec95429f79fe5dde7e61cba52e0,no,Xeon 6973P-C,Intel(R) Xeon(R) 6973P-C,4,go1.26.8,12,30,0.995,0.9821,1.0093,0.9541,1.0364,1.0045,0,https://github.com/brandopakel/keel/actions/runs/37736724248
11532267291,37736730300,2026-10-08T06:16:44Z,workflow_dispatch,perf/always-sync-outside-lock,,success,146a9bc3eb23e067cc7a4c18e703a387001af3f6,238f31dea8c2eec95429f79fe5dde7e61cba52e0,no,EPYC 7763,AMD EPYC 7763 64-Core Processor,4,go1.26.8,12,30,1.0054,0.9998,1.0097,0.9681,1.0556,0.9985,0,https://github.com/brandopakel/keel/actions/runs/37736730300
11532665359,37736736379,2026-10-08T06:16:48Z,workflow_dispatch,perf/always-sync-outside-lock,,success,65ebdbc3c49364f5b2c2828d326ca2e07f1a6a46,238f31dea8c2eec95429f79fe5dde7e61cba52e0,no,EPYC 9V74,AMD EPYC 9V74 80-Core Processor,4,go1.26.8,12,30,0.9294,0.9242,0.9354,0.7875,1.0305,1.001,0,https://github.com/brandopakel/keel/actions/runs/37736736379
